variavel,variavel_no_csv,descricao,tema,unidade,tabela,arquivo,coluna_chave,url_origem
V0001,v0001,Total de pessoas,Básico,Setor,basico,Agregados_por_setores_basico_BR.csv,CD_SETOR,https://ftp.ibge.gov.br/Censos/Censo_Demografico_2022/Agregados_por_Setores_Censitarios/Agregados_por_Setor_csv/Agregados_por_setores_basico_BR_20260520.zip
V0002,v0002,Total de Domicílios (DPPO + DPPV + DPPUO + DPIO + DCCM + DCSM),Básico,Setor,basico,Agregados_por_setores_basico_BR.csv,CD_SETOR,https://ftp.ibge.gov.br/Censos/Censo_Demografico_2022/Agregados_por_Setores_Censitarios/Agregados_por_Setor_csv/Agregados_por_setores_basico_BR_20260520.zip
V0003,v0003,Total de Domicílios Particulares (DPPO + DPPV + DPPUO + DPIO),Básico,Setor,basico,Agregados_por_setores_basico_BR.csv,CD_SETOR,https://ftp.ibge.gov.br/Censos/Censo_Demografico_2022/Agregados_por_Setores_Censitarios/Agregados_por_Setor_csv/Agregados_por_setores_basico_BR_20260520.zip
V0004,v0004,Total de Domicílios Coletivos (DCCM + DCSM),Básico,Setor,basico,Agregados_por_setores_basico_BR.csv,CD_SETOR,https://ftp.ibge.gov.br/Censos/Censo_Demografico_2022/Agregados_por_Setores_Censitarios/Agregados_por_Setor_csv/Agregados_por_setores_basico_BR_20260520.zip
V0005,v0005,Média de moradores em Domicílios Particulares Ocupados (Total pessoas em Domicílios Particulares Ocupados / DPPO + DPIO),Básico,Setor,basico,Agregados_por_setores_basico_BR.csv,CD_SETOR,https://ftp.ibge.gov.br/Censos/Censo_Demografico_2022/Agregados_por_Setores_Censitarios/Agregados_por_Setor_csv/Agregados_por_setores_basico_BR_20260520.zip
V0006,v0006,Percentual de Domicílios Particulares Ocupados Imputados (Total DPO imputados / Total DPO),Básico,Setor,basico,Agregados_por_setores_basico_BR.csv,CD_SETOR,https://ftp.ibge.gov.br/Censos/Censo_Demografico_2022/Agregados_por_Setores_Censitarios/Agregados_por_Setor_csv/Agregados_por_setores_basico_BR_20260520.zip
V0007,v0007,Total de Domicílios Particulares Ocupados (DPPO + DPIO),Básico,Setor,basico,Agregados_por_setores_basico_BR.csv,CD_SETOR,https://ftp.ibge.gov.br/Censos/Censo_Demografico_2022/Agregados_por_Setores_Censitarios/Agregados_por_Setor_csv/Agregados_por_setores_basico_BR_20260520.zip
V0008,v0008,Total de Domicílios Particulares  de Uso Ocasional (DPPUO),Básico,Setor,basico,Agregados_por_setores_basico_BR.csv,CD_SETOR,https://ftp.ibge.gov.br/Censos/Censo_Demografico_2022/Agregados_por_Setores_Censitarios/Agregados_por_Setor_csv/Agregados_por_setores_basico_BR_20260520.zip
V0009,v0009,Total de Domicílios Particulares Permanentes Vagos (DPPV),Básico,Setor,basico,Agregados_por_setores_basico_BR.csv,CD_SETOR,https://ftp.ibge.gov.br/Censos/Censo_Demografico_2022/Agregados_por_Setores_Censitarios/Agregados_por_Setor_csv/Agregados_por_setores_basico_BR_20260520.zip
V00001,V00001,Domicílios Particulares Permanentes Ocupados,Características do Domicílio - Parte 1,Domicílio,domicilio1,Agregados_por_setores_caracteristicas_domicilio1_BR.csv,CD_setor,https://ftp.ibge.gov.br/Censos/Censo_Demografico_2022/Agregados_por_Setores_Censitarios/Agregados_por_Setor_csv/Agregados_por_setores_caracteristicas_domicilio1_BR.zip
V00002,V00002,Domicílios Particulares Improvisados Ocupados,Características do Domicílio - Parte 1,Domicílio,domicilio1,Agregados_por_setores_caracteristicas_domicilio1_BR.csv,CD_setor,https://ftp.ibge.gov.br/Censos/Censo_Demografico_2022/Agregados_por_Setores_Censitarios/Agregados_por_Setor_csv/Agregados_por_setores_caracteristicas_domicilio1_BR.zip
V00003,V00003,Unidades de Habitação em Domicílios Coletivos Com Morador,Características do Domicílio - Parte 1,Domicílio,domicilio1,Agregados_por_setores_caracteristicas_domicilio1_BR.csv,CD_setor,https://ftp.ibge.gov.br/Censos/Censo_Demografico_2022/Agregados_por_Setores_Censitarios/Agregados_por_Setor_csv/Agregados_por_setores_caracteristicas_domicilio1_BR.zip
V00004,V00004,Domicílios Particulares Permanentes Ocupados,Características do Domicílio - Parte 1,Domicílio,domicilio1,Agregados_por_setores_caracteristicas_domicilio1_BR.csv,CD_setor,https://ftp.ibge.gov.br/Censos/Censo_Demografico_2022/Agregados_por_Setores_Censitarios/Agregados_por_Setor_csv/Agregados_por_setores_caracteristicas_domicilio1_BR.zip
V00005,V00005,"Domicílios Particulares Permanentes Ocupados, Quantidade de moradores",Características do Domicílio - Parte 1,Domicílio,domicilio1,Agregados_por_setores_caracteristicas_domicilio1_BR.csv,CD_setor,https://ftp.ibge.gov.br/Censos/Censo_Demografico_2022/Agregados_por_Setores_Censitarios/Agregados_por_Setor_csv/Agregados_por_setores_caracteristicas_domicilio1_BR.zip
V00006,V00006,"Domicílios Particulares Improvisados Ocupados, Quantidade de moradores",Características do Domicílio - Parte 1,Domicílio,domicilio1,Agregados_por_setores_caracteristicas_domicilio1_BR.csv,CD_setor,https://ftp.ibge.gov.br/Censos/Censo_Demografico_2022/Agregados_por_Setores_Censitarios/Agregados_por_Setor_csv/Agregados_por_setores_caracteristicas_domicilio1_BR.zip
V00007,V00007,"Domicílios Coletivos Com Morador, Quantidade de moradores",Características do Domicílio - Parte 1,Domicílio,domicilio1,Agregados_por_setores_caracteristicas_domicilio1_BR.csv,CD_setor,https://ftp.ibge.gov.br/Censos/Censo_Demografico_2022/Agregados_por_Setores_Censitarios/Agregados_por_Setor_csv/Agregados_por_setores_caracteristicas_domicilio1_BR.zip
V00008,V00008,"Domicílios Particulares Permanentes Ocupados, Quantidade de crianças de zero a nove anos de idade",Características do Domicílio - Parte 1,Domicílio,domicilio1,Agregados_por_setores_caracteristicas_domicilio1_BR.csv,CD_setor,https://ftp.ibge.gov.br/Censos/Censo_Demografico_2022/Agregados_por_Setores_Censitarios/Agregados_por_Setor_csv/Agregados_por_setores_caracteristicas_domicilio1_BR.zip
V00009,V00009,"Domicílios Particulares Improvisados Ocupados, Quantidade de crianças de zero a nove anos de idade",Características do Domicílio - Parte 1,Domicílio,domicilio1,Agregados_por_setores_caracteristicas_domicilio1_BR.csv,CD_setor,https://ftp.ibge.gov.br/Censos/Censo_Demografico_2022/Agregados_por_Setores_Censitarios/Agregados_por_Setor_csv/Agregados_por_setores_caracteristicas_domicilio1_BR.zip
V00010,V00010,"Domicílios Coletivos Com Morador, Quantidade de crianças de zero a nove anos de idade",Características do Domicílio - Parte 1,Domicílio,domicilio1,Agregados_por_setores_caracteristicas_domicilio1_BR.csv,CD_setor,https://ftp.ibge.gov.br/Censos/Censo_Demografico_2022/Agregados_por_Setores_Censitarios/Agregados_por_Setor_csv/Agregados_por_setores_caracteristicas_domicilio1_BR.zip
V00011,V00011,"Domicílios Particulares Permanentes Ocupados, Pessoas de sexo masculino no domicílio",Características do Domicílio - Parte 1,Domicílio,domicilio1,Agregados_por_setores_caracteristicas_domicilio1_BR.csv,CD_setor,https://ftp.ibge.gov.br/Censos/Censo_Demografico_2022/Agregados_por_Setores_Censitarios/Agregados_por_Setor_csv/Agregados_por_setores_caracteristicas_domicilio1_BR.zip
V00012,V00012,"Domicílios Particulares Improvisados Ocupados, Pessoas de sexo masculino no domicílio",Características do Domicílio - Parte 1,Domicílio,domicilio1,Agregados_por_setores_caracteristicas_domicilio1_BR.csv,CD_setor,https://ftp.ibge.gov.br/Censos/Censo_Demografico_2022/Agregados_por_Setores_Censitarios/Agregados_por_Setor_csv/Agregados_por_setores_caracteristicas_domicilio1_BR.zip
V00013,V00013,"Domicílios Coletivos Com Morador, Pessoas de sexo masculino no domicílio",Características do Domicílio - Parte 1,Domicílio,domicilio1,Agregados_por_setores_caracteristicas_domicilio1_BR.csv,CD_setor,https://ftp.ibge.gov.br/Censos/Censo_Demografico_2022/Agregados_por_Setores_Censitarios/Agregados_por_Setor_csv/Agregados_por_setores_caracteristicas_domicilio1_BR.zip
V00014,V00014,"Domicílios Particulares Permanentes Ocupados, Pessoas de sexo feminino no domicílio",Características do Domicílio - Parte 1,Domicílio,domicilio1,Agregados_por_setores_caracteristicas_domicilio1_BR.csv,CD_setor,https://ftp.ibge.gov.br/Censos/Censo_Demografico_2022/Agregados_por_Setores_Censitarios/Agregados_por_Setor_csv/Agregados_por_setores_caracteristicas_domicilio1_BR.zip
V00015,V00015,"Domicílios Particulares Improvisados Ocupados, Pessoas de sexo feminino no domicílio",Características do Domicílio - Parte 1,Domicílio,domicilio1,Agregados_por_setores_caracteristicas_domicilio1_BR.csv,CD_setor,https://ftp.ibge.gov.br/Censos/Censo_Demografico_2022/Agregados_por_Setores_Censitarios/Agregados_por_Setor_csv/Agregados_por_setores_caracteristicas_domicilio1_BR.zip
V00016,V00016,"Domicílios Coletivos Com Morador, Pessoas de sexo feminino no domicílio",Características do Domicílio - Parte 1,Domicílio,domicilio1,Agregados_por_setores_caracteristicas_domicilio1_BR.csv,CD_setor,https://ftp.ibge.gov.br/Censos/Censo_Demografico_2022/Agregados_por_Setores_Censitarios/Agregados_por_Setor_csv/Agregados_por_setores_caracteristicas_domicilio1_BR.zip
V00017,V00017,"Domicílios Particulares Permanentes Ocupados, Com 1 morador no domicílio",Características do Domicílio - Parte 1,Domicílio,domicilio1,Agregados_por_setores_caracteristicas_domicilio1_BR.csv,CD_setor,https://ftp.ibge.gov.br/Censos/Censo_Demografico_2022/Agregados_por_Setores_Censitarios/Agregados_por_Setor_csv/Agregados_por_setores_caracteristicas_domicilio1_BR.zip
V00018,V00018,"Domicílios Particulares Permanentes Ocupados, Com 2 moradores no domicílio",Características do Domicílio - Parte 1,Domicílio,domicilio1,Agregados_por_setores_caracteristicas_domicilio1_BR.csv,CD_setor,https://ftp.ibge.gov.br/Censos/Censo_Demografico_2022/Agregados_por_Setores_Censitarios/Agregados_por_Setor_csv/Agregados_por_setores_caracteristicas_domicilio1_BR.zip
V00019,V00019,"Domicílios Particulares Permanentes Ocupados, Com 3 moradores no domicílio",Características do Domicílio - Parte 1,Domicílio,domicilio1,Agregados_por_setores_caracteristicas_domicilio1_BR.csv,CD_setor,https://ftp.ibge.gov.br/Censos/Censo_Demografico_2022/Agregados_por_Setores_Censitarios/Agregados_por_Setor_csv/Agregados_por_setores_caracteristicas_domicilio1_BR.zip
V00020,V00020,"Domicílios Particulares Permanentes Ocupados, Com 4 moradores no domicílio",Características do Domicílio - Parte 1,Domicílio,domicilio1,Agregados_por_setores_caracteristicas_domicilio1_BR.csv,CD_setor,https://ftp.ibge.gov.br/Censos/Censo_Demografico_2022/Agregados_por_Setores_Censitarios/Agregados_por_Setor_csv/Agregados_por_setores_caracteristicas_domicilio1_BR.zip
V00021,V00021,"Domicílios Particulares Permanentes Ocupados, Com 5 moradores no domicílio",Características do Domicílio - Parte 1,Domicílio,domicilio1,Agregados_por_setores_caracteristicas_domicilio1_BR.csv,CD_setor,https://ftp.ibge.gov.br/Censos/Censo_Demografico_2022/Agregados_por_Setores_Censitarios/Agregados_por_Setor_csv/Agregados_por_setores_caracteristicas_domicilio1_BR.zip
V00022,V00022,"Domicílios Particulares Permanentes Ocupados, Com 6 moradores no domicílio",Características do Domicílio - Parte 1,Domicílio,domicilio1,Agregados_por_setores_caracteristicas_domicilio1_BR.csv,CD_setor,https://ftp.ibge.gov.br/Censos/Censo_Demografico_2022/Agregados_por_Setores_Censitarios/Agregados_por_Setor_csv/Agregados_por_setores_caracteristicas_domicilio1_BR.zip
V00023,V00023,"Domicílios Particulares Permanentes Ocupados, Com 7 moradores no domicílio",Características do Domicílio - Parte 1,Domicílio,domicilio1,Agregados_por_setores_caracteristicas_domicilio1_BR.csv,CD_setor,https://ftp.ibge.gov.br/Censos/Censo_Demografico_2022/Agregados_por_Setores_Censitarios/Agregados_por_Setor_csv/Agregados_por_setores_caracteristicas_domicilio1_BR.zip
V00024,V00024,"Domicílios Particulares Permanentes Ocupados, Com 8 moradores no domicílio",Características do Domicílio - Parte 1,Domicílio,domicilio1,Agregados_por_setores_caracteristicas_domicilio1_BR.csv,CD_setor,https://ftp.ibge.gov.br/Censos/Censo_Demografico_2022/Agregados_por_Setores_Censitarios/Agregados_por_Setor_csv/Agregados_por_setores_caracteristicas_domicilio1_BR.zip
V00025,V00025,"Domicílios Particulares Permanentes Ocupados, Com 9 moradores no domicílio",Características do Domicílio - Parte 1,Domicílio,domicilio1,Agregados_por_setores_caracteristicas_domicilio1_BR.csv,CD_setor,https://ftp.ibge.gov.br/Censos/Censo_Demografico_2022/Agregados_por_Setores_Censitarios/Agregados_por_Setor_csv/Agregados_por_setores_caracteristicas_domicilio1_BR.zip
V00026,V00026,"Domicílios Particulares Permanentes Ocupados, Com 10 ou mais moradores no domicílio",Características do Domicílio - Parte 1,Domicílio,domicilio1,Agregados_por_setores_caracteristicas_domicilio1_BR.csv,CD_setor,https://ftp.ibge.gov.br/Censos/Censo_Demografico_2022/Agregados_por_Setores_Censitarios/Agregados_por_Setor_csv/Agregados_por_setores_caracteristicas_domicilio1_BR.zip
V00027,V00027,"Domicílios Particulares Improvisados Ocupados, Com 1 morador no domicílio",Características do Domicílio - Parte 1,Domicílio,domicilio1,Agregados_por_setores_caracteristicas_domicilio1_BR.csv,CD_setor,https://ftp.ibge.gov.br/Censos/Censo_Demografico_2022/Agregados_por_Setores_Censitarios/Agregados_por_Setor_csv/Agregados_por_setores_caracteristicas_domicilio1_BR.zip
V00028,V00028,"Domicílios Particulares Improvisados Ocupados, Com 2 moradores no domicílio",Características do Domicílio - Parte 1,Domicílio,domicilio1,Agregados_por_setores_caracteristicas_domicilio1_BR.csv,CD_setor,https://ftp.ibge.gov.br/Censos/Censo_Demografico_2022/Agregados_por_Setores_Censitarios/Agregados_por_Setor_csv/Agregados_por_setores_caracteristicas_domicilio1_BR.zip
V00029,V00029,"Domicílios Particulares Improvisados Ocupados, Com 3 moradores no domicílio",Características do Domicílio - Parte 1,Domicílio,domicilio1,Agregados_por_setores_caracteristicas_domicilio1_BR.csv,CD_setor,https://ftp.ibge.gov.br/Censos/Censo_Demografico_2022/Agregados_por_Setores_Censitarios/Agregados_por_Setor_csv/Agregados_por_setores_caracteristicas_domicilio1_BR.zip
V00030,V00030,"Domicílios Particulares Improvisados Ocupados, Com 4 moradores no domicílio",Características do Domicílio - Parte 1,Domicílio,domicilio1,Agregados_por_setores_caracteristicas_domicilio1_BR.csv,CD_setor,https://ftp.ibge.gov.br/Censos/Censo_Demografico_2022/Agregados_por_Setores_Censitarios/Agregados_por_Setor_csv/Agregados_por_setores_caracteristicas_domicilio1_BR.zip
V00031,V00031,"Domicílios Particulares Improvisados Ocupados, Com 5 moradores no domicílio",Características do Domicílio - Parte 1,Domicílio,domicilio1,Agregados_por_setores_caracteristicas_domicilio1_BR.csv,CD_setor,https://ftp.ibge.gov.br/Censos/Censo_Demografico_2022/Agregados_por_Setores_Censitarios/Agregados_por_Setor_csv/Agregados_por_setores_caracteristicas_domicilio1_BR.zip
V00032,V00032,"Domicílios Particulares Improvisados Ocupados, Com 6 moradores no domicílio",Características do Domicílio - Parte 1,Domicílio,domicilio1,Agregados_por_setores_caracteristicas_domicilio1_BR.csv,CD_setor,https://ftp.ibge.gov.br/Censos/Censo_Demografico_2022/Agregados_por_Setores_Censitarios/Agregados_por_Setor_csv/Agregados_por_setores_caracteristicas_domicilio1_BR.zip
V00033,V00033,"Domicílios Particulares Improvisados Ocupados, Com 7 moradores no domicílio",Características do Domicílio - Parte 1,Domicílio,domicilio1,Agregados_por_setores_caracteristicas_domicilio1_BR.csv,CD_setor,https://ftp.ibge.gov.br/Censos/Censo_Demografico_2022/Agregados_por_Setores_Censitarios/Agregados_por_Setor_csv/Agregados_por_setores_caracteristicas_domicilio1_BR.zip
V00034,V00034,"Domicílios Particulares Improvisados Ocupados, Com 8 moradores no domicílio",Características do Domicílio - Parte 1,Domicílio,domicilio1,Agregados_por_setores_caracteristicas_domicilio1_BR.csv,CD_setor,https://ftp.ibge.gov.br/Censos/Censo_Demografico_2022/Agregados_por_Setores_Censitarios/Agregados_por_Setor_csv/Agregados_por_setores_caracteristicas_domicilio1_BR.zip
V00035,V00035,"Domicílios Particulares Improvisados Ocupados, Com 9 moradores no domicílio",Características do Domicílio - Parte 1,Domicílio,domicilio1,Agregados_por_setores_caracteristicas_domicilio1_BR.csv,CD_setor,https://ftp.ibge.gov.br/Censos/Censo_Demografico_2022/Agregados_por_Setores_Censitarios/Agregados_por_Setor_csv/Agregados_por_setores_caracteristicas_domicilio1_BR.zip
V00036,V00036,"Domicílios Particulares Improvisados Ocupados, Com 10 ou mais moradores no domicílio",Características do Domicílio - Parte 1,Domicílio,domicilio1,Agregados_por_setores_caracteristicas_domicilio1_BR.csv,CD_setor,https://ftp.ibge.gov.br/Censos/Censo_Demografico_2022/Agregados_por_Setores_Censitarios/Agregados_por_Setor_csv/Agregados_por_setores_caracteristicas_domicilio1_BR.zip
V00037,V00037,"Domicílios Coletivos Com Morador, Com 1 morador no domicílio",Características do Domicílio - Parte 1,Domicílio,domicilio1,Agregados_por_setores_caracteristicas_domicilio1_BR.csv,CD_setor,https://ftp.ibge.gov.br/Censos/Censo_Demografico_2022/Agregados_por_Setores_Censitarios/Agregados_por_Setor_csv/Agregados_por_setores_caracteristicas_domicilio1_BR.zip
V00038,V00038,"Domicílios Coletivos Com Morador, Com 2 moradores no domicílio",Características do Domicílio - Parte 1,Domicílio,domicilio1,Agregados_por_setores_caracteristicas_domicilio1_BR.csv,CD_setor,https://ftp.ibge.gov.br/Censos/Censo_Demografico_2022/Agregados_por_Setores_Censitarios/Agregados_por_Setor_csv/Agregados_por_setores_caracteristicas_domicilio1_BR.zip
V00039,V00039,"Domicílios Coletivos Com Morador, Com 3 moradores no domicílio",Características do Domicílio - Parte 1,Domicílio,domicilio1,Agregados_por_setores_caracteristicas_domicilio1_BR.csv,CD_setor,https://ftp.ibge.gov.br/Censos/Censo_Demografico_2022/Agregados_por_Setores_Censitarios/Agregados_por_Setor_csv/Agregados_por_setores_caracteristicas_domicilio1_BR.zip
V00040,V00040,"Domicílios Coletivos Com Morador, Com 4 moradores no domicílio",Características do Domicílio - Parte 1,Domicílio,domicilio1,Agregados_por_setores_caracteristicas_domicilio1_BR.csv,CD_setor,https://ftp.ibge.gov.br/Censos/Censo_Demografico_2022/Agregados_por_Setores_Censitarios/Agregados_por_Setor_csv/Agregados_por_setores_caracteristicas_domicilio1_BR.zip
V00041,V00041,"Domicílios Coletivos Com Morador, Com 5 moradores no domicílio",Características do Domicílio - Parte 1,Domicílio,domicilio1,Agregados_por_setores_caracteristicas_domicilio1_BR.csv,CD_setor,https://ftp.ibge.gov.br/Censos/Censo_Demografico_2022/Agregados_por_Setores_Censitarios/Agregados_por_Setor_csv/Agregados_por_setores_caracteristicas_domicilio1_BR.zip
V00042,V00042,"Domicílios Coletivos Com Morador, Com 6 moradores no domicílio",Características do Domicílio - Parte 1,Domicílio,domicilio1,Agregados_por_setores_caracteristicas_domicilio1_BR.csv,CD_setor,https://ftp.ibge.gov.br/Censos/Censo_Demografico_2022/Agregados_por_Setores_Censitarios/Agregados_por_Setor_csv/Agregados_por_setores_caracteristicas_domicilio1_BR.zip
V00043,V00043,"Domicílios Coletivos Com Morador, Com 7 moradores no domicílio",Características do Domicílio - Parte 1,Domicílio,domicilio1,Agregados_por_setores_caracteristicas_domicilio1_BR.csv,CD_setor,https://ftp.ibge.gov.br/Censos/Censo_Demografico_2022/Agregados_por_Setores_Censitarios/Agregados_por_Setor_csv/Agregados_por_setores_caracteristicas_domicilio1_BR.zip
V00044,V00044,"Domicílios Coletivos Com Morador, Com 8 moradores no domicílio",Características do Domicílio - Parte 1,Domicílio,domicilio1,Agregados_por_setores_caracteristicas_domicilio1_BR.csv,CD_setor,https://ftp.ibge.gov.br/Censos/Censo_Demografico_2022/Agregados_por_Setores_Censitarios/Agregados_por_Setor_csv/Agregados_por_setores_caracteristicas_domicilio1_BR.zip
V00045,V00045,"Domicílios Coletivos Com Morador, Com 9 moradores no domicílio",Características do Domicílio - Parte 1,Domicílio,domicilio1,Agregados_por_setores_caracteristicas_domicilio1_BR.csv,CD_setor,https://ftp.ibge.gov.br/Censos/Censo_Demografico_2022/Agregados_por_Setores_Censitarios/Agregados_por_Setor_csv/Agregados_por_setores_caracteristicas_domicilio1_BR.zip
V00046,V00046,"Domicílios Coletivos Com Morador, Com 10 ou mais moradores no domicílio",Características do Domicílio - Parte 1,Domicílio,domicilio1,Agregados_por_setores_caracteristicas_domicilio1_BR.csv,CD_setor,https://ftp.ibge.gov.br/Censos/Censo_Demografico_2022/Agregados_por_Setores_Censitarios/Agregados_por_Setor_csv/Agregados_por_setores_caracteristicas_domicilio1_BR.zip
V00047,V00047,"Domicílios Particulares Permanentes Ocupados, Tipo de espécie é casa",Características do Domicílio - Parte 1,Domicílio,domicilio1,Agregados_por_setores_caracteristicas_domicilio1_BR.csv,CD_setor,https://ftp.ibge.gov.br/Censos/Censo_Demografico_2022/Agregados_por_Setores_Censitarios/Agregados_por_Setor_csv/Agregados_por_setores_caracteristicas_domicilio1_BR.zip
V00048,V00048,"Domicílios Particulares Permanentes Ocupados, Tipo de espécie é casa de vila ou em condomínio",Características do Domicílio - Parte 1,Domicílio,domicilio1,Agregados_por_setores_caracteristicas_domicilio1_BR.csv,CD_setor,https://ftp.ibge.gov.br/Censos/Censo_Demografico_2022/Agregados_por_Setores_Censitarios/Agregados_por_Setor_csv/Agregados_por_setores_caracteristicas_domicilio1_BR.zip
V00049,V00049,"Domicílios Particulares Permanentes Ocupados, Tipo de espécie é apartamento",Características do Domicílio - Parte 1,Domicílio,domicilio1,Agregados_por_setores_caracteristicas_domicilio1_BR.csv,CD_setor,https://ftp.ibge.gov.br/Censos/Censo_Demografico_2022/Agregados_por_Setores_Censitarios/Agregados_por_Setor_csv/Agregados_por_setores_caracteristicas_domicilio1_BR.zip
V00050,V00050,"Domicílios Particulares Permanentes Ocupados, Tipo de espécie é habitação em casa de cômodos ou cortiço",Características do Domicílio - Parte 1,Domicílio,domicilio1,Agregados_por_setores_caracteristicas_domicilio1_BR.csv,CD_setor,https://ftp.ibge.gov.br/Censos/Censo_Demografico_2022/Agregados_por_Setores_Censitarios/Agregados_por_Setor_csv/Agregados_por_setores_caracteristicas_domicilio1_BR.zip
V00051,V00051,"Domicílios Particulares Permanentes Ocupados, Tipo de espécie é habitação indígena sem paredes ou maloca",Características do Domicílio - Parte 1,Domicílio,domicilio1,Agregados_por_setores_caracteristicas_domicilio1_BR.csv,CD_setor,https://ftp.ibge.gov.br/Censos/Censo_Demografico_2022/Agregados_por_Setores_Censitarios/Agregados_por_Setor_csv/Agregados_por_setores_caracteristicas_domicilio1_BR.zip
V00052,V00052,"Domicílios Particulares Permanentes Ocupados, Tipo de espécie é estrutura residencial permanente degradada ou inacabada",Características do Domicílio - Parte 1,Domicílio,domicilio1,Agregados_por_setores_caracteristicas_domicilio1_BR.csv,CD_setor,https://ftp.ibge.gov.br/Censos/Censo_Demografico_2022/Agregados_por_Setores_Censitarios/Agregados_por_Setor_csv/Agregados_por_setores_caracteristicas_domicilio1_BR.zip
V00053,V00053,"Domicílios Particulares Improvisados Ocupados, Tipo de espécie é tenda ou barraca de lona, plástico ou tecido",Características do Domicílio - Parte 1,Domicílio,domicilio1,Agregados_por_setores_caracteristicas_domicilio1_BR.csv,CD_setor,https://ftp.ibge.gov.br/Censos/Censo_Demografico_2022/Agregados_por_Setores_Censitarios/Agregados_por_Setor_csv/Agregados_por_setores_caracteristicas_domicilio1_BR.zip
V00054,V00054,"Domicílios Particulares Improvisados Ocupados, Tipo de espécie é dentro de estabelecimento em funcionamento",Características do Domicílio - Parte 1,Domicílio,domicilio1,Agregados_por_setores_caracteristicas_domicilio1_BR.csv,CD_setor,https://ftp.ibge.gov.br/Censos/Censo_Demografico_2022/Agregados_por_Setores_Censitarios/Agregados_por_Setor_csv/Agregados_por_setores_caracteristicas_domicilio1_BR.zip
V00055,V00055,"Domicílios Particulares Improvisados Ocupados, Tipo de espécie é abrigo natural e outras estruturas improvisadas",Características do Domicílio - Parte 1,Domicílio,domicilio1,Agregados_por_setores_caracteristicas_domicilio1_BR.csv,CD_setor,https://ftp.ibge.gov.br/Censos/Censo_Demografico_2022/Agregados_por_Setores_Censitarios/Agregados_por_Setor_csv/Agregados_por_setores_caracteristicas_domicilio1_BR.zip
V00056,V00056,"Domicílios Particulares Improvisados Ocupados, Tipo de espécie é estrutura improvisada em logradouro público, exceto tenda ou barraca",Características do Domicílio - Parte 1,Domicílio,domicilio1,Agregados_por_setores_caracteristicas_domicilio1_BR.csv,CD_setor,https://ftp.ibge.gov.br/Censos/Censo_Demografico_2022/Agregados_por_Setores_Censitarios/Agregados_por_Setor_csv/Agregados_por_setores_caracteristicas_domicilio1_BR.zip
V00057,V00057,"Domicílios Particulares Improvisados Ocupados, Tipo de espécie é estrutura não residencial permanente degradada ou inacabada",Características do Domicílio - Parte 1,Domicílio,domicilio1,Agregados_por_setores_caracteristicas_domicilio1_BR.csv,CD_setor,https://ftp.ibge.gov.br/Censos/Censo_Demografico_2022/Agregados_por_Setores_Censitarios/Agregados_por_Setor_csv/Agregados_por_setores_caracteristicas_domicilio1_BR.zip
V00058,V00058,"Domicílios Particulares Improvisados Ocupados, Tipo de espécie é veículo (carro, caminhão, trailer, barco etc)",Características do Domicílio - Parte 1,Domicílio,domicilio1,Agregados_por_setores_caracteristicas_domicilio1_BR.csv,CD_setor,https://ftp.ibge.gov.br/Censos/Censo_Demografico_2022/Agregados_por_Setores_Censitarios/Agregados_por_Setor_csv/Agregados_por_setores_caracteristicas_domicilio1_BR.zip
V00059,V00059,"Domicílios Coletivos Com Morador, Tipo de espécie é asilo ou outra instituição de longa permanência para idosos",Características do Domicílio - Parte 1,Domicílio,domicilio1,Agregados_por_setores_caracteristicas_domicilio1_BR.csv,CD_setor,https://ftp.ibge.gov.br/Censos/Censo_Demografico_2022/Agregados_por_Setores_Censitarios/Agregados_por_Setor_csv/Agregados_por_setores_caracteristicas_domicilio1_BR.zip
V00060,V00060,"Domicílios Coletivos Com Morador, Tipo de espécie é hotel ou pensão",Características do Domicílio - Parte 1,Domicílio,domicilio1,Agregados_por_setores_caracteristicas_domicilio1_BR.csv,CD_setor,https://ftp.ibge.gov.br/Censos/Censo_Demografico_2022/Agregados_por_Setores_Censitarios/Agregados_por_Setor_csv/Agregados_por_setores_caracteristicas_domicilio1_BR.zip
V00061,V00061,"Domicílios Coletivos Com Morador, Tipo de espécie é alojamento",Características do Domicílio - Parte 1,Domicílio,domicilio1,Agregados_por_setores_caracteristicas_domicilio1_BR.csv,CD_setor,https://ftp.ibge.gov.br/Censos/Censo_Demografico_2022/Agregados_por_Setores_Censitarios/Agregados_por_Setor_csv/Agregados_por_setores_caracteristicas_domicilio1_BR.zip
V00062,V00062,"Domicílios Coletivos Com Morador, Tipo de espécie é penitenciária, centro de detenção e similar",Características do Domicílio - Parte 1,Domicílio,domicilio1,Agregados_por_setores_caracteristicas_domicilio1_BR.csv,CD_setor,https://ftp.ibge.gov.br/Censos/Censo_Demografico_2022/Agregados_por_Setores_Censitarios/Agregados_por_Setor_csv/Agregados_por_setores_caracteristicas_domicilio1_BR.zip
V00063,V00063,"Domicílios Coletivos Com Morador, Tipo de espécie é outros domicílios coletivos com morador",Características do Domicílio - Parte 1,Domicílio,domicilio1,Agregados_por_setores_caracteristicas_domicilio1_BR.csv,CD_setor,https://ftp.ibge.gov.br/Censos/Censo_Demografico_2022/Agregados_por_Setores_Censitarios/Agregados_por_Setor_csv/Agregados_por_setores_caracteristicas_domicilio1_BR.zip
V00064,V00064,"Domicílios Coletivos Com Morador, Tipo de espécie é abrigo, albergue ou casa de passagem para população em situação de rua",Características do Domicílio - Parte 1,Domicílio,domicilio1,Agregados_por_setores_caracteristicas_domicilio1_BR.csv,CD_setor,https://ftp.ibge.gov.br/Censos/Censo_Demografico_2022/Agregados_por_Setores_Censitarios/Agregados_por_Setor_csv/Agregados_por_setores_caracteristicas_domicilio1_BR.zip
V00065,V00065,"Domicílios Coletivos Com Morador, Tipo de espécie é abrigo, casas de passagem ou república assistencial para outros grupos vulneráveis",Características do Domicílio - Parte 1,Domicílio,domicilio1,Agregados_por_setores_caracteristicas_domicilio1_BR.csv,CD_setor,https://ftp.ibge.gov.br/Censos/Censo_Demografico_2022/Agregados_por_Setores_Censitarios/Agregados_por_Setor_csv/Agregados_por_setores_caracteristicas_domicilio1_BR.zip
V00066,V00066,"Domicílios Coletivos Com Morador, Tipo de espécie é clínica psiquiátrica, comunidade terapêutica e similar",Características do Domicílio - Parte 1,Domicílio,domicilio1,Agregados_por_setores_caracteristicas_domicilio1_BR.csv,CD_setor,https://ftp.ibge.gov.br/Censos/Censo_Demografico_2022/Agregados_por_Setores_Censitarios/Agregados_por_Setor_csv/Agregados_por_setores_caracteristicas_domicilio1_BR.zip
V00067,V00067,"Domicílios Coletivos Com Morador, Tipo de espécie é orfanato e similar",Características do Domicílio - Parte 1,Domicílio,domicilio1,Agregados_por_setores_caracteristicas_domicilio1_BR.csv,CD_setor,https://ftp.ibge.gov.br/Censos/Censo_Demografico_2022/Agregados_por_Setores_Censitarios/Agregados_por_Setor_csv/Agregados_por_setores_caracteristicas_domicilio1_BR.zip
V00068,V00068,"Domicílios Coletivos Com Morador, Tipo de espécie é unidade de internação de menores",Características do Domicílio - Parte 1,Domicílio,domicilio1,Agregados_por_setores_caracteristicas_domicilio1_BR.csv,CD_setor,https://ftp.ibge.gov.br/Censos/Censo_Demografico_2022/Agregados_por_Setores_Censitarios/Agregados_por_Setor_csv/Agregados_por_setores_caracteristicas_domicilio1_BR.zip
V00069,V00069,"Domicílios Coletivos Com Morador, Tipo de espécie é quartel ou outra organização militar",Características do Domicílio - Parte 1,Domicílio,domicilio1,Agregados_por_setores_caracteristicas_domicilio1_BR.csv,CD_setor,https://ftp.ibge.gov.br/Censos/Censo_Demografico_2022/Agregados_por_Setores_Censitarios/Agregados_por_Setor_csv/Agregados_por_setores_caracteristicas_domicilio1_BR.zip
V00070,V00070,"Domicílios Particulares Permanentes Ocupados, Quantidade de moradores",Características do Domicílio - Parte 1,Domicílio,domicilio1,Agregados_por_setores_caracteristicas_domicilio1_BR.csv,CD_setor,https://ftp.ibge.gov.br/Censos/Censo_Demografico_2022/Agregados_por_Setores_Censitarios/Agregados_por_Setor_csv/Agregados_por_setores_caracteristicas_domicilio1_BR.zip
V00071,V00071,"Domicílios Particulares Permanentes Ocupados, Quantidade de crianças de zero a nove anos de idade",Características do Domicílio - Parte 1,Domicílio,domicilio1,Agregados_por_setores_caracteristicas_domicilio1_BR.csv,CD_setor,https://ftp.ibge.gov.br/Censos/Censo_Demografico_2022/Agregados_por_Setores_Censitarios/Agregados_por_Setor_csv/Agregados_por_setores_caracteristicas_domicilio1_BR.zip
V00072,V00072,"Domicílios Particulares Permanentes Ocupados, Pessoas de sexo masculino no domicílio",Características do Domicílio - Parte 1,Domicílio,domicilio1,Agregados_por_setores_caracteristicas_domicilio1_BR.csv,CD_setor,https://ftp.ibge.gov.br/Censos/Censo_Demografico_2022/Agregados_por_Setores_Censitarios/Agregados_por_Setor_csv/Agregados_por_setores_caracteristicas_domicilio1_BR.zip
V00073,V00073,"Domicílios Particulares Permanentes Ocupados, Pessoas de sexo feminino no domicílio",Características do Domicílio - Parte 1,Domicílio,domicilio1,Agregados_por_setores_caracteristicas_domicilio1_BR.csv,CD_setor,https://ftp.ibge.gov.br/Censos/Censo_Demografico_2022/Agregados_por_Setores_Censitarios/Agregados_por_Setor_csv/Agregados_por_setores_caracteristicas_domicilio1_BR.zip
V00074,V00074,"Domicílios Particulares Permanentes Ocupados, Com 1 morador no domicílio",Características do Domicílio - Parte 1,Domicílio,domicilio1,Agregados_por_setores_caracteristicas_domicilio1_BR.csv,CD_setor,https://ftp.ibge.gov.br/Censos/Censo_Demografico_2022/Agregados_por_Setores_Censitarios/Agregados_por_Setor_csv/Agregados_por_setores_caracteristicas_domicilio1_BR.zip
V00075,V00075,"Domicílios Particulares Permanentes Ocupados, Com 2 moradores no domicílio",Características do Domicílio - Parte 1,Domicílio,domicilio1,Agregados_por_setores_caracteristicas_domicilio1_BR.csv,CD_setor,https://ftp.ibge.gov.br/Censos/Censo_Demografico_2022/Agregados_por_Setores_Censitarios/Agregados_por_Setor_csv/Agregados_por_setores_caracteristicas_domicilio1_BR.zip
V00076,V00076,"Domicílios Particulares Permanentes Ocupados, Com 3 moradores no domicílio",Características do Domicílio - Parte 1,Domicílio,domicilio1,Agregados_por_setores_caracteristicas_domicilio1_BR.csv,CD_setor,https://ftp.ibge.gov.br/Censos/Censo_Demografico_2022/Agregados_por_Setores_Censitarios/Agregados_por_Setor_csv/Agregados_por_setores_caracteristicas_domicilio1_BR.zip
V00077,V00077,"Domicílios Particulares Permanentes Ocupados, Com 4 moradores no domicílio",Características do Domicílio - Parte 1,Domicílio,domicilio1,Agregados_por_setores_caracteristicas_domicilio1_BR.csv,CD_setor,https://ftp.ibge.gov.br/Censos/Censo_Demografico_2022/Agregados_por_Setores_Censitarios/Agregados_por_Setor_csv/Agregados_por_setores_caracteristicas_domicilio1_BR.zip
V00078,V00078,"Domicílios Particulares Permanentes Ocupados, Com 5 moradores no domicílio",Características do Domicílio - Parte 1,Domicílio,domicilio1,Agregados_por_setores_caracteristicas_domicilio1_BR.csv,CD_setor,https://ftp.ibge.gov.br/Censos/Censo_Demografico_2022/Agregados_por_Setores_Censitarios/Agregados_por_Setor_csv/Agregados_por_setores_caracteristicas_domicilio1_BR.zip
V00079,V00079,"Domicílios Particulares Permanentes Ocupados, Com 6 moradores no domicílio",Características do Domicílio - Parte 1,Domicílio,domicilio1,Agregados_por_setores_caracteristicas_domicilio1_BR.csv,CD_setor,https://ftp.ibge.gov.br/Censos/Censo_Demografico_2022/Agregados_por_Setores_Censitarios/Agregados_por_Setor_csv/Agregados_por_setores_caracteristicas_domicilio1_BR.zip
V00080,V00080,"Domicílios Particulares Permanentes Ocupados, Com 7 moradores no domicílio",Características do Domicílio - Parte 1,Domicílio,domicilio1,Agregados_por_setores_caracteristicas_domicilio1_BR.csv,CD_setor,https://ftp.ibge.gov.br/Censos/Censo_Demografico_2022/Agregados_por_Setores_Censitarios/Agregados_por_Setor_csv/Agregados_por_setores_caracteristicas_domicilio1_BR.zip
V00081,V00081,"Domicílios Particulares Permanentes Ocupados, Com 8 moradores no domicílio",Características do Domicílio - Parte 1,Domicílio,domicilio1,Agregados_por_setores_caracteristicas_domicilio1_BR.csv,CD_setor,https://ftp.ibge.gov.br/Censos/Censo_Demografico_2022/Agregados_por_Setores_Censitarios/Agregados_por_Setor_csv/Agregados_por_setores_caracteristicas_domicilio1_BR.zip
V00082,V00082,"Domicílios Particulares Permanentes Ocupados, Com 9 moradores no domicílio",Características do Domicílio - Parte 1,Domicílio,domicilio1,Agregados_por_setores_caracteristicas_domicilio1_BR.csv,CD_setor,https://ftp.ibge.gov.br/Censos/Censo_Demografico_2022/Agregados_por_Setores_Censitarios/Agregados_por_Setor_csv/Agregados_por_setores_caracteristicas_domicilio1_BR.zip
V00083,V00083,"Domicílios Particulares Permanentes Ocupados, Com 10 ou mais moradores no domicílio",Características do Domicílio - Parte 1,Domicílio,domicilio1,Agregados_por_setores_caracteristicas_domicilio1_BR.csv,CD_setor,https://ftp.ibge.gov.br/Censos/Censo_Demografico_2022/Agregados_por_Setores_Censitarios/Agregados_por_Setor_csv/Agregados_por_setores_caracteristicas_domicilio1_BR.zip
V00084,V00084,"Domicílios Particulares Permanentes Ocupados, Tipo de espécie é casa, Quantidade de moradores",Características do Domicílio - Parte 1,Domicílio,domicilio1,Agregados_por_setores_caracteristicas_domicilio1_BR.csv,CD_setor,https://ftp.ibge.gov.br/Censos/Censo_Demografico_2022/Agregados_por_Setores_Censitarios/Agregados_por_Setor_csv/Agregados_por_setores_caracteristicas_domicilio1_BR.zip
V00085,V00085,"Domicílios Particulares Permanentes Ocupados, Tipo de espécie é casa de vila ou em condomínio, Quantidade de moradores",Características do Domicílio - Parte 1,Domicílio,domicilio1,Agregados_por_setores_caracteristicas_domicilio1_BR.csv,CD_setor,https://ftp.ibge.gov.br/Censos/Censo_Demografico_2022/Agregados_por_Setores_Censitarios/Agregados_por_Setor_csv/Agregados_por_setores_caracteristicas_domicilio1_BR.zip
V00086,V00086,"Domicílios Particulares Permanentes Ocupados, Tipo de espécie é apartamento, Quantidade de moradores",Características do Domicílio - Parte 1,Domicílio,domicilio1,Agregados_por_setores_caracteristicas_domicilio1_BR.csv,CD_setor,https://ftp.ibge.gov.br/Censos/Censo_Demografico_2022/Agregados_por_Setores_Censitarios/Agregados_por_Setor_csv/Agregados_por_setores_caracteristicas_domicilio1_BR.zip
V00087,V00087,"Domicílios Particulares Permanentes Ocupados, Tipo de espécie é casa, Quantidade de crianças de zero a nove anos de idade",Características do Domicílio - Parte 1,Domicílio,domicilio1,Agregados_por_setores_caracteristicas_domicilio1_BR.csv,CD_setor,https://ftp.ibge.gov.br/Censos/Censo_Demografico_2022/Agregados_por_Setores_Censitarios/Agregados_por_Setor_csv/Agregados_por_setores_caracteristicas_domicilio1_BR.zip
V00088,V00088,"Domicílios Particulares Permanentes Ocupados, Tipo de espécie é casa de vila ou em condomínio, Quantidade de crianças de zero a nove anos de idade",Características do Domicílio - Parte 1,Domicílio,domicilio1,Agregados_por_setores_caracteristicas_domicilio1_BR.csv,CD_setor,https://ftp.ibge.gov.br/Censos/Censo_Demografico_2022/Agregados_por_Setores_Censitarios/Agregados_por_Setor_csv/Agregados_por_setores_caracteristicas_domicilio1_BR.zip
V00089,V00089,"Domicílios Particulares Permanentes Ocupados, Tipo de espécie é apartamento, Quantidade de crianças de zero a nove anos de idade",Características do Domicílio - Parte 1,Domicílio,domicilio1,Agregados_por_setores_caracteristicas_domicilio1_BR.csv,CD_setor,https://ftp.ibge.gov.br/Censos/Censo_Demografico_2022/Agregados_por_Setores_Censitarios/Agregados_por_Setor_csv/Agregados_por_setores_caracteristicas_domicilio1_BR.zip
V00090,V00090,"Domicílios Particulares Permanentes Ocupados, Tipo de espécie é casa, Cor ou raça da pessoa responsável pelo domicílio é branca",Características do Domicílio - Parte 2,Domicílio,domicilio2,Agregados_por_setores_caracteristicas_domicilio2_BR_20250417.csv,setor,https://ftp.ibge.gov.br/Censos/Censo_Demografico_2022/Agregados_por_Setores_Censitarios/Agregados_por_Setor_csv/Agregados_por_setores_caracteristicas_domicilio2_BR_20250417.zip
V00091,V00091,"Domicílios Particulares Permanentes Ocupados, Tipo de espécie é casa, Cor ou raça da pessoa responsável pelo domicílio é preta",Características do Domicílio - Parte 2,Domicílio,domicilio2,Agregados_por_setores_caracteristicas_domicilio2_BR_20250417.csv,setor,https://ftp.ibge.gov.br/Censos/Censo_Demografico_2022/Agregados_por_Setores_Censitarios/Agregados_por_Setor_csv/Agregados_por_setores_caracteristicas_domicilio2_BR_20250417.zip
V00092,V00092,"Domicílios Particulares Permanentes Ocupados, Tipo de espécie é casa, Cor ou raça da pessoa responsável pelo domicílio é amarela",Características do Domicílio - Parte 2,Domicílio,domicilio2,Agregados_por_setores_caracteristicas_domicilio2_BR_20250417.csv,setor,https://ftp.ibge.gov.br/Censos/Censo_Demografico_2022/Agregados_por_Setores_Censitarios/Agregados_por_Setor_csv/Agregados_por_setores_caracteristicas_domicilio2_BR_20250417.zip
V00093,V00093,"Domicílios Particulares Permanentes Ocupados, Tipo de espécie é casa, Cor ou raça da pessoa responsável pelo domicílio é parda",Características do Domicílio - Parte 2,Domicílio,domicilio2,Agregados_por_setores_caracteristicas_domicilio2_BR_20250417.csv,setor,https://ftp.ibge.gov.br/Censos/Censo_Demografico_2022/Agregados_por_Setores_Censitarios/Agregados_por_Setor_csv/Agregados_por_setores_caracteristicas_domicilio2_BR_20250417.zip
V00094,V00094,"Domicílios Particulares Permanentes Ocupados, Tipo de espécie é casa, Cor ou raça da pessoa responsável pelo domicílio é indígena",Características do Domicílio - Parte 2,Domicílio,domicilio2,Agregados_por_setores_caracteristicas_domicilio2_BR_20250417.csv,setor,https://ftp.ibge.gov.br/Censos/Censo_Demografico_2022/Agregados_por_Setores_Censitarios/Agregados_por_Setor_csv/Agregados_por_setores_caracteristicas_domicilio2_BR_20250417.zip
V00095,V00095,"Domicílios Particulares Permanentes Ocupados, Tipo de espécie é casa de vila ou em condomínio, Cor ou raça da pessoa responsável pelo domicílio é branca",Características do Domicílio - Parte 2,Domicílio,domicilio2,Agregados_por_setores_caracteristicas_domicilio2_BR_20250417.csv,setor,https://ftp.ibge.gov.br/Censos/Censo_Demografico_2022/Agregados_por_Setores_Censitarios/Agregados_por_Setor_csv/Agregados_por_setores_caracteristicas_domicilio2_BR_20250417.zip
V00096,V00096,"Domicílios Particulares Permanentes Ocupados, Tipo de espécie é casa de vila ou em condomínio, Cor ou raça da pessoa responsável pelo domicílio é preta",Características do Domicílio - Parte 2,Domicílio,domicilio2,Agregados_por_setores_caracteristicas_domicilio2_BR_20250417.csv,setor,https://ftp.ibge.gov.br/Censos/Censo_Demografico_2022/Agregados_por_Setores_Censitarios/Agregados_por_Setor_csv/Agregados_por_setores_caracteristicas_domicilio2_BR_20250417.zip
V00097,V00097,"Domicílios Particulares Permanentes Ocupados, Tipo de espécie é casa de vila ou em condomínio, Cor ou raça da pessoa responsável pelo domicílio é amarela",Características do Domicílio - Parte 2,Domicílio,domicilio2,Agregados_por_setores_caracteristicas_domicilio2_BR_20250417.csv,setor,https://ftp.ibge.gov.br/Censos/Censo_Demografico_2022/Agregados_por_Setores_Censitarios/Agregados_por_Setor_csv/Agregados_por_setores_caracteristicas_domicilio2_BR_20250417.zip
V00098,V00098,"Domicílios Particulares Permanentes Ocupados, Tipo de espécie é casa de vila ou em condomínio, Cor ou raça da pessoa responsável pelo domicílio é parda",Características do Domicílio - Parte 2,Domicílio,domicilio2,Agregados_por_setores_caracteristicas_domicilio2_BR_20250417.csv,setor,https://ftp.ibge.gov.br/Censos/Censo_Demografico_2022/Agregados_por_Setores_Censitarios/Agregados_por_Setor_csv/Agregados_por_setores_caracteristicas_domicilio2_BR_20250417.zip
V00099,V00099,"Domicílios Particulares Permanentes Ocupados, Tipo de espécie é casa de vila ou em condomínio, Cor ou raça da pessoa responsável pelo domicílio é indígena",Características do Domicílio - Parte 2,Domicílio,domicilio2,Agregados_por_setores_caracteristicas_domicilio2_BR_20250417.csv,setor,https://ftp.ibge.gov.br/Censos/Censo_Demografico_2022/Agregados_por_Setores_Censitarios/Agregados_por_Setor_csv/Agregados_por_setores_caracteristicas_domicilio2_BR_20250417.zip
V00100,V00100,"Domicílios Particulares Permanentes Ocupados, Tipo de espécie é apartamento, Cor ou raça da pessoa responsável pelo domicílio é branca",Características do Domicílio - Parte 2,Domicílio,domicilio2,Agregados_por_setores_caracteristicas_domicilio2_BR_20250417.csv,setor,https://ftp.ibge.gov.br/Censos/Censo_Demografico_2022/Agregados_por_Setores_Censitarios/Agregados_por_Setor_csv/Agregados_por_setores_caracteristicas_domicilio2_BR_20250417.zip
V00101,V00101,"Domicílios Particulares Permanentes Ocupados, Tipo de espécie é apartamento, Cor ou raça da pessoa responsável pelo domicílio é preta",Características do Domicílio - Parte 2,Domicílio,domicilio2,Agregados_por_setores_caracteristicas_domicilio2_BR_20250417.csv,setor,https://ftp.ibge.gov.br/Censos/Censo_Demografico_2022/Agregados_por_Setores_Censitarios/Agregados_por_Setor_csv/Agregados_por_setores_caracteristicas_domicilio2_BR_20250417.zip
V00102,V00102,"Domicílios Particulares Permanentes Ocupados, Tipo de espécie é apartamento, Cor ou raça da pessoa responsável pelo domicílio é amarela",Características do Domicílio - Parte 2,Domicílio,domicilio2,Agregados_por_setores_caracteristicas_domicilio2_BR_20250417.csv,setor,https://ftp.ibge.gov.br/Censos/Censo_Demografico_2022/Agregados_por_Setores_Censitarios/Agregados_por_Setor_csv/Agregados_por_setores_caracteristicas_domicilio2_BR_20250417.zip
V00103,V00103,"Domicílios Particulares Permanentes Ocupados, Tipo de espécie é apartamento, Cor ou raça da pessoa responsável pelo domicílio é parda",Características do Domicílio - Parte 2,Domicílio,domicilio2,Agregados_por_setores_caracteristicas_domicilio2_BR_20250417.csv,setor,https://ftp.ibge.gov.br/Censos/Censo_Demografico_2022/Agregados_por_Setores_Censitarios/Agregados_por_Setor_csv/Agregados_por_setores_caracteristicas_domicilio2_BR_20250417.zip
V00104,V00104,"Domicílios Particulares Permanentes Ocupados, Tipo de espécie é apartamento, Cor ou raça da pessoa responsável pelo domicílio é indígena",Características do Domicílio - Parte 2,Domicílio,domicilio2,Agregados_por_setores_caracteristicas_domicilio2_BR_20250417.csv,setor,https://ftp.ibge.gov.br/Censos/Censo_Demografico_2022/Agregados_por_Setores_Censitarios/Agregados_por_Setor_csv/Agregados_por_setores_caracteristicas_domicilio2_BR_20250417.zip
V00105,V00105,"Domicílios Particulares Permanentes Ocupados, Tipo de espécie é casa, Sexo da pessoa responsável pelo domicílio é masculino",Características do Domicílio - Parte 2,Domicílio,domicilio2,Agregados_por_setores_caracteristicas_domicilio2_BR_20250417.csv,setor,https://ftp.ibge.gov.br/Censos/Censo_Demografico_2022/Agregados_por_Setores_Censitarios/Agregados_por_Setor_csv/Agregados_por_setores_caracteristicas_domicilio2_BR_20250417.zip
V00106,V00106,"Domicílios Particulares Permanentes Ocupados, Tipo de espécie é casa, Sexo da pessoa responsável pelo domicílio é feminino",Características do Domicílio - Parte 2,Domicílio,domicilio2,Agregados_por_setores_caracteristicas_domicilio2_BR_20250417.csv,setor,https://ftp.ibge.gov.br/Censos/Censo_Demografico_2022/Agregados_por_Setores_Censitarios/Agregados_por_Setor_csv/Agregados_por_setores_caracteristicas_domicilio2_BR_20250417.zip
V00107,V00107,"Domicílios Particulares Permanentes Ocupados, Tipo de espécie é casa de vila ou em condomínio, Sexo da pessoa responsável pelo domicílio é masculino",Características do Domicílio - Parte 2,Domicílio,domicilio2,Agregados_por_setores_caracteristicas_domicilio2_BR_20250417.csv,setor,https://ftp.ibge.gov.br/Censos/Censo_Demografico_2022/Agregados_por_Setores_Censitarios/Agregados_por_Setor_csv/Agregados_por_setores_caracteristicas_domicilio2_BR_20250417.zip
V00108,V00108,"Domicílios Particulares Permanentes Ocupados, Tipo de espécie é casa de vila ou em condomínio, Sexo da pessoa responsável pelo domicílio é feminino",Características do Domicílio - Parte 2,Domicílio,domicilio2,Agregados_por_setores_caracteristicas_domicilio2_BR_20250417.csv,setor,https://ftp.ibge.gov.br/Censos/Censo_Demografico_2022/Agregados_por_Setores_Censitarios/Agregados_por_Setor_csv/Agregados_por_setores_caracteristicas_domicilio2_BR_20250417.zip
V00109,V00109,"Domicílios Particulares Permanentes Ocupados, Tipo de espécie é apartamento, Sexo da pessoa responsável pelo domicílio é masculino",Características do Domicílio - Parte 2,Domicílio,domicilio2,Agregados_por_setores_caracteristicas_domicilio2_BR_20250417.csv,setor,https://ftp.ibge.gov.br/Censos/Censo_Demografico_2022/Agregados_por_Setores_Censitarios/Agregados_por_Setor_csv/Agregados_por_setores_caracteristicas_domicilio2_BR_20250417.zip
V00110,V00110,"Domicílios Particulares Permanentes Ocupados, Tipo de espécie é apartamento, Sexo da pessoa responsável pelo domicílio é feminino",Características do Domicílio - Parte 2,Domicílio,domicilio2,Agregados_por_setores_caracteristicas_domicilio2_BR_20250417.csv,setor,https://ftp.ibge.gov.br/Censos/Censo_Demografico_2022/Agregados_por_Setores_Censitarios/Agregados_por_Setor_csv/Agregados_por_setores_caracteristicas_domicilio2_BR_20250417.zip
V00111,V00111,"Domicílios Particulares Permanentes Ocupados, Utiliza rede geral de distribuição",Características do Domicílio - Parte 2,Domicílio,domicilio2,Agregados_por_setores_caracteristicas_domicilio2_BR_20250417.csv,setor,https://ftp.ibge.gov.br/Censos/Censo_Demografico_2022/Agregados_por_Setores_Censitarios/Agregados_por_Setor_csv/Agregados_por_setores_caracteristicas_domicilio2_BR_20250417.zip
V00112,V00112,"Domicílios Particulares Permanentes Ocupados, Utiliza poço profundo ou artesiano",Características do Domicílio - Parte 2,Domicílio,domicilio2,Agregados_por_setores_caracteristicas_domicilio2_BR_20250417.csv,setor,https://ftp.ibge.gov.br/Censos/Censo_Demografico_2022/Agregados_por_Setores_Censitarios/Agregados_por_Setor_csv/Agregados_por_setores_caracteristicas_domicilio2_BR_20250417.zip
V00113,V00113,"Domicílios Particulares Permanentes Ocupados, Utiliza poço raso, freático ou cacimba",Características do Domicílio - Parte 2,Domicílio,domicilio2,Agregados_por_setores_caracteristicas_domicilio2_BR_20250417.csv,setor,https://ftp.ibge.gov.br/Censos/Censo_Demografico_2022/Agregados_por_Setores_Censitarios/Agregados_por_Setor_csv/Agregados_por_setores_caracteristicas_domicilio2_BR_20250417.zip
V00114,V00114,"Domicílios Particulares Permanentes Ocupados, Utiliza fonte, nascente ou mina",Características do Domicílio - Parte 2,Domicílio,domicilio2,Agregados_por_setores_caracteristicas_domicilio2_BR_20250417.csv,setor,https://ftp.ibge.gov.br/Censos/Censo_Demografico_2022/Agregados_por_Setores_Censitarios/Agregados_por_Setor_csv/Agregados_por_setores_caracteristicas_domicilio2_BR_20250417.zip
V00115,V00115,"Domicílios Particulares Permanentes Ocupados, Utiliza carro-pipa",Características do Domicílio - Parte 2,Domicílio,domicilio2,Agregados_por_setores_caracteristicas_domicilio2_BR_20250417.csv,setor,https://ftp.ibge.gov.br/Censos/Censo_Demografico_2022/Agregados_por_Setores_Censitarios/Agregados_por_Setor_csv/Agregados_por_setores_caracteristicas_domicilio2_BR_20250417.zip
V00116,V00116,"Domicílios Particulares Permanentes Ocupados, Utiliza água da chuva armazenada",Características do Domicílio - Parte 2,Domicílio,domicilio2,Agregados_por_setores_caracteristicas_domicilio2_BR_20250417.csv,setor,https://ftp.ibge.gov.br/Censos/Censo_Demografico_2022/Agregados_por_Setores_Censitarios/Agregados_por_Setor_csv/Agregados_por_setores_caracteristicas_domicilio2_BR_20250417.zip
V00117,V00117,"Domicílios Particulares Permanentes Ocupados, Utiliza rios, açudes, córregos, lagos e igarapés",Características do Domicílio - Parte 2,Domicílio,domicilio2,Agregados_por_setores_caracteristicas_domicilio2_BR_20250417.csv,setor,https://ftp.ibge.gov.br/Censos/Censo_Demografico_2022/Agregados_por_Setores_Censitarios/Agregados_por_Setor_csv/Agregados_por_setores_caracteristicas_domicilio2_BR_20250417.zip
V00118,V00118,"Domicílios Particulares Permanentes Ocupados, Utiliza outra forma de abastecimento de água",Características do Domicílio - Parte 2,Domicílio,domicilio2,Agregados_por_setores_caracteristicas_domicilio2_BR_20250417.csv,setor,https://ftp.ibge.gov.br/Censos/Censo_Demografico_2022/Agregados_por_Setores_Censitarios/Agregados_por_Setor_csv/Agregados_por_setores_caracteristicas_domicilio2_BR_20250417.zip
V00119,V00119,"Domicílios Particulares Permanentes Ocupados, Tipo de espécie é casa, Utiliza rede geral de distribuição",Características do Domicílio - Parte 2,Domicílio,domicilio2,Agregados_por_setores_caracteristicas_domicilio2_BR_20250417.csv,setor,https://ftp.ibge.gov.br/Censos/Censo_Demografico_2022/Agregados_por_Setores_Censitarios/Agregados_por_Setor_csv/Agregados_por_setores_caracteristicas_domicilio2_BR_20250417.zip
V00120,V00120,"Domicílios Particulares Permanentes Ocupados, Tipo de espécie é casa, Utiliza poço profundo ou artesiano",Características do Domicílio - Parte 2,Domicílio,domicilio2,Agregados_por_setores_caracteristicas_domicilio2_BR_20250417.csv,setor,https://ftp.ibge.gov.br/Censos/Censo_Demografico_2022/Agregados_por_Setores_Censitarios/Agregados_por_Setor_csv/Agregados_por_setores_caracteristicas_domicilio2_BR_20250417.zip
V00121,V00121,"Domicílios Particulares Permanentes Ocupados, Tipo de espécie é casa, Utiliza poço raso, freático ou cacimba",Características do Domicílio - Parte 2,Domicílio,domicilio2,Agregados_por_setores_caracteristicas_domicilio2_BR_20250417.csv,setor,https://ftp.ibge.gov.br/Censos/Censo_Demografico_2022/Agregados_por_Setores_Censitarios/Agregados_por_Setor_csv/Agregados_por_setores_caracteristicas_domicilio2_BR_20250417.zip
V00122,V00122,"Domicílios Particulares Permanentes Ocupados, Tipo de espécie é casa, Utiliza fonte, nascente ou mina",Características do Domicílio - Parte 2,Domicílio,domicilio2,Agregados_por_setores_caracteristicas_domicilio2_BR_20250417.csv,setor,https://ftp.ibge.gov.br/Censos/Censo_Demografico_2022/Agregados_por_Setores_Censitarios/Agregados_por_Setor_csv/Agregados_por_setores_caracteristicas_domicilio2_BR_20250417.zip
V00123,V00123,"Domicílios Particulares Permanentes Ocupados, Tipo de espécie é casa, Utiliza carro-pipa",Características do Domicílio - Parte 2,Domicílio,domicilio2,Agregados_por_setores_caracteristicas_domicilio2_BR_20250417.csv,setor,https://ftp.ibge.gov.br/Censos/Censo_Demografico_2022/Agregados_por_Setores_Censitarios/Agregados_por_Setor_csv/Agregados_por_setores_caracteristicas_domicilio2_BR_20250417.zip
V00124,V00124,"Domicílios Particulares Permanentes Ocupados, Tipo de espécie é casa, Utiliza água da chuva armazenada",Características do Domicílio - Parte 2,Domicílio,domicilio2,Agregados_por_setores_caracteristicas_domicilio2_BR_20250417.csv,setor,https://ftp.ibge.gov.br/Censos/Censo_Demografico_2022/Agregados_por_Setores_Censitarios/Agregados_por_Setor_csv/Agregados_por_setores_caracteristicas_domicilio2_BR_20250417.zip
V00125,V00125,"Domicílios Particulares Permanentes Ocupados, Tipo de espécie é casa, Utiliza rios, açudes, córregos, lagos e igarapés",Características do Domicílio - Parte 2,Domicílio,domicilio2,Agregados_por_setores_caracteristicas_domicilio2_BR_20250417.csv,setor,https://ftp.ibge.gov.br/Censos/Censo_Demografico_2022/Agregados_por_Setores_Censitarios/Agregados_por_Setor_csv/Agregados_por_setores_caracteristicas_domicilio2_BR_20250417.zip
V00126,V00126,"Domicílios Particulares Permanentes Ocupados, Tipo de espécie é casa, Utiliza outra forma de abastecimento de água",Características do Domicílio - Parte 2,Domicílio,domicilio2,Agregados_por_setores_caracteristicas_domicilio2_BR_20250417.csv,setor,https://ftp.ibge.gov.br/Censos/Censo_Demografico_2022/Agregados_por_Setores_Censitarios/Agregados_por_Setor_csv/Agregados_por_setores_caracteristicas_domicilio2_BR_20250417.zip
V00127,V00127,"Domicílios Particulares Permanentes Ocupados, Tipo de espécie é casa de vila ou em condomínio, Utiliza rede geral de distribuição",Características do Domicílio - Parte 2,Domicílio,domicilio2,Agregados_por_setores_caracteristicas_domicilio2_BR_20250417.csv,setor,https://ftp.ibge.gov.br/Censos/Censo_Demografico_2022/Agregados_por_Setores_Censitarios/Agregados_por_Setor_csv/Agregados_por_setores_caracteristicas_domicilio2_BR_20250417.zip
V00128,V00128,"Domicílios Particulares Permanentes Ocupados, Tipo de espécie é casa de vila ou em condomínio, Utiliza poço profundo ou artesiano",Características do Domicílio - Parte 2,Domicílio,domicilio2,Agregados_por_setores_caracteristicas_domicilio2_BR_20250417.csv,setor,https://ftp.ibge.gov.br/Censos/Censo_Demografico_2022/Agregados_por_Setores_Censitarios/Agregados_por_Setor_csv/Agregados_por_setores_caracteristicas_domicilio2_BR_20250417.zip
V00129,V00129,"Domicílios Particulares Permanentes Ocupados, Tipo de espécie é casa de vila ou em condomínio, Utiliza poço raso, freático ou cacimba",Características do Domicílio - Parte 2,Domicílio,domicilio2,Agregados_por_setores_caracteristicas_domicilio2_BR_20250417.csv,setor,https://ftp.ibge.gov.br/Censos/Censo_Demografico_2022/Agregados_por_Setores_Censitarios/Agregados_por_Setor_csv/Agregados_por_setores_caracteristicas_domicilio2_BR_20250417.zip
V00130,V00130,"Domicílios Particulares Permanentes Ocupados, Tipo de espécie é casa de vila ou em condomínio, Utiliza fonte, nascente ou mina",Características do Domicílio - Parte 2,Domicílio,domicilio2,Agregados_por_setores_caracteristicas_domicilio2_BR_20250417.csv,setor,https://ftp.ibge.gov.br/Censos/Censo_Demografico_2022/Agregados_por_Setores_Censitarios/Agregados_por_Setor_csv/Agregados_por_setores_caracteristicas_domicilio2_BR_20250417.zip
V00131,V00131,"Domicílios Particulares Permanentes Ocupados, Tipo de espécie é casa de vila ou em condomínio, Utiliza carro-pipa",Características do Domicílio - Parte 2,Domicílio,domicilio2,Agregados_por_setores_caracteristicas_domicilio2_BR_20250417.csv,setor,https://ftp.ibge.gov.br/Censos/Censo_Demografico_2022/Agregados_por_Setores_Censitarios/Agregados_por_Setor_csv/Agregados_por_setores_caracteristicas_domicilio2_BR_20250417.zip
V00132,V00132,"Domicílios Particulares Permanentes Ocupados, Tipo de espécie é casa de vila ou em condomínio, Utiliza água da chuva armazenada",Características do Domicílio - Parte 2,Domicílio,domicilio2,Agregados_por_setores_caracteristicas_domicilio2_BR_20250417.csv,setor,https://ftp.ibge.gov.br/Censos/Censo_Demografico_2022/Agregados_por_Setores_Censitarios/Agregados_por_Setor_csv/Agregados_por_setores_caracteristicas_domicilio2_BR_20250417.zip
V00133,V00133,"Domicílios Particulares Permanentes Ocupados, Tipo de espécie é casa de vila ou em condomínio, Utiliza rios, açudes, córregos, lagos e igarapés",Características do Domicílio - Parte 2,Domicílio,domicilio2,Agregados_por_setores_caracteristicas_domicilio2_BR_20250417.csv,setor,https://ftp.ibge.gov.br/Censos/Censo_Demografico_2022/Agregados_por_Setores_Censitarios/Agregados_por_Setor_csv/Agregados_por_setores_caracteristicas_domicilio2_BR_20250417.zip
V00134,V00134,"Domicílios Particulares Permanentes Ocupados, Tipo de espécie é casa de vila ou em condomínio, Utiliza outra forma de abastecimento de água",Características do Domicílio - Parte 2,Domicílio,domicilio2,Agregados_por_setores_caracteristicas_domicilio2_BR_20250417.csv,setor,https://ftp.ibge.gov.br/Censos/Censo_Demografico_2022/Agregados_por_Setores_Censitarios/Agregados_por_Setor_csv/Agregados_por_setores_caracteristicas_domicilio2_BR_20250417.zip
V00135,V00135,"Domicílios Particulares Permanentes Ocupados, Tipo de espécie é apartamento, Utiliza rede geral de distribuição",Características do Domicílio - Parte 2,Domicílio,domicilio2,Agregados_por_setores_caracteristicas_domicilio2_BR_20250417.csv,setor,https://ftp.ibge.gov.br/Censos/Censo_Demografico_2022/Agregados_por_Setores_Censitarios/Agregados_por_Setor_csv/Agregados_por_setores_caracteristicas_domicilio2_BR_20250417.zip
V00136,V00136,"Domicílios Particulares Permanentes Ocupados, Tipo de espécie é apartamento, Utiliza poço profundo ou artesiano",Características do Domicílio - Parte 2,Domicílio,domicilio2,Agregados_por_setores_caracteristicas_domicilio2_BR_20250417.csv,setor,https://ftp.ibge.gov.br/Censos/Censo_Demografico_2022/Agregados_por_Setores_Censitarios/Agregados_por_Setor_csv/Agregados_por_setores_caracteristicas_domicilio2_BR_20250417.zip
V00137,V00137,"Domicílios Particulares Permanentes Ocupados, Tipo de espécie é apartamento, Utiliza poço raso, freático ou cacimba",Características do Domicílio - Parte 2,Domicílio,domicilio2,Agregados_por_setores_caracteristicas_domicilio2_BR_20250417.csv,setor,https://ftp.ibge.gov.br/Censos/Censo_Demografico_2022/Agregados_por_Setores_Censitarios/Agregados_por_Setor_csv/Agregados_por_setores_caracteristicas_domicilio2_BR_20250417.zip
V00138,V00138,"Domicílios Particulares Permanentes Ocupados, Tipo de espécie é apartamento, Utiliza fonte, nascente ou mina",Características do Domicílio - Parte 2,Domicílio,domicilio2,Agregados_por_setores_caracteristicas_domicilio2_BR_20250417.csv,setor,https://ftp.ibge.gov.br/Censos/Censo_Demografico_2022/Agregados_por_Setores_Censitarios/Agregados_por_Setor_csv/Agregados_por_setores_caracteristicas_domicilio2_BR_20250417.zip
V00139,V00139,"Domicílios Particulares Permanentes Ocupados, Tipo de espécie é apartamento, Utiliza carro-pipa",Características do Domicílio - Parte 2,Domicílio,domicilio2,Agregados_por_setores_caracteristicas_domicilio2_BR_20250417.csv,setor,https://ftp.ibge.gov.br/Censos/Censo_Demografico_2022/Agregados_por_Setores_Censitarios/Agregados_por_Setor_csv/Agregados_por_setores_caracteristicas_domicilio2_BR_20250417.zip
V00140,V00140,"Domicílios Particulares Permanentes Ocupados, Tipo de espécie é apartamento, Utiliza água da chuva armazenada",Características do Domicílio - Parte 2,Domicílio,domicilio2,Agregados_por_setores_caracteristicas_domicilio2_BR_20250417.csv,setor,https://ftp.ibge.gov.br/Censos/Censo_Demografico_2022/Agregados_por_Setores_Censitarios/Agregados_por_Setor_csv/Agregados_por_setores_caracteristicas_domicilio2_BR_20250417.zip
V00141,V00141,"Domicílios Particulares Permanentes Ocupados, Tipo de espécie é apartamento, Utiliza rios, açudes, córregos, lagos e igarapés",Características do Domicílio - Parte 2,Domicílio,domicilio2,Agregados_por_setores_caracteristicas_domicilio2_BR_20250417.csv,setor,https://ftp.ibge.gov.br/Censos/Censo_Demografico_2022/Agregados_por_Setores_Censitarios/Agregados_por_Setor_csv/Agregados_por_setores_caracteristicas_domicilio2_BR_20250417.zip
V00142,V00142,"Domicílios Particulares Permanentes Ocupados, Tipo de espécie é apartamento, Utiliza outra forma de abastecimento de água",Características do Domicílio - Parte 2,Domicílio,domicilio2,Agregados_por_setores_caracteristicas_domicilio2_BR_20250417.csv,setor,https://ftp.ibge.gov.br/Censos/Censo_Demografico_2022/Agregados_por_Setores_Censitarios/Agregados_por_Setor_csv/Agregados_por_setores_caracteristicas_domicilio2_BR_20250417.zip
V00143,V00143,"Domicílios Particulares Permanentes Ocupados, Utiliza rede geral de distribuição, Cor ou raça da pessoa responsável pelo domicílio é branca",Características do Domicílio - Parte 2,Domicílio,domicilio2,Agregados_por_setores_caracteristicas_domicilio2_BR_20250417.csv,setor,https://ftp.ibge.gov.br/Censos/Censo_Demografico_2022/Agregados_por_Setores_Censitarios/Agregados_por_Setor_csv/Agregados_por_setores_caracteristicas_domicilio2_BR_20250417.zip
V00144,V00144,"Domicílios Particulares Permanentes Ocupados, Utiliza rede geral de distribuição, Cor ou raça da pessoa responsável pelo domicílio é preta",Características do Domicílio - Parte 2,Domicílio,domicilio2,Agregados_por_setores_caracteristicas_domicilio2_BR_20250417.csv,setor,https://ftp.ibge.gov.br/Censos/Censo_Demografico_2022/Agregados_por_Setores_Censitarios/Agregados_por_Setor_csv/Agregados_por_setores_caracteristicas_domicilio2_BR_20250417.zip
V00145,V00145,"Domicílios Particulares Permanentes Ocupados, Utiliza rede geral de distribuição, Cor ou raça da pessoa responsável pelo domicílio é amarela",Características do Domicílio - Parte 2,Domicílio,domicilio2,Agregados_por_setores_caracteristicas_domicilio2_BR_20250417.csv,setor,https://ftp.ibge.gov.br/Censos/Censo_Demografico_2022/Agregados_por_Setores_Censitarios/Agregados_por_Setor_csv/Agregados_por_setores_caracteristicas_domicilio2_BR_20250417.zip
V00146,V00146,"Domicílios Particulares Permanentes Ocupados, Utiliza rede geral de distribuição, Cor ou raça da pessoa responsável pelo domicílio é parda",Características do Domicílio - Parte 2,Domicílio,domicilio2,Agregados_por_setores_caracteristicas_domicilio2_BR_20250417.csv,setor,https://ftp.ibge.gov.br/Censos/Censo_Demografico_2022/Agregados_por_Setores_Censitarios/Agregados_por_Setor_csv/Agregados_por_setores_caracteristicas_domicilio2_BR_20250417.zip
V00147,V00147,"Domicílios Particulares Permanentes Ocupados, Utiliza rede geral de distribuição, Cor ou raça da pessoa responsável pelo domicílio é indígena",Características do Domicílio - Parte 2,Domicílio,domicilio2,Agregados_por_setores_caracteristicas_domicilio2_BR_20250417.csv,setor,https://ftp.ibge.gov.br/Censos/Censo_Demografico_2022/Agregados_por_Setores_Censitarios/Agregados_por_Setor_csv/Agregados_por_setores_caracteristicas_domicilio2_BR_20250417.zip
V00148,V00148,"Domicílios Particulares Permanentes Ocupados, Utiliza poço profundo ou artesiano, Cor ou raça da pessoa responsável pelo domicílio é branca",Características do Domicílio - Parte 2,Domicílio,domicilio2,Agregados_por_setores_caracteristicas_domicilio2_BR_20250417.csv,setor,https://ftp.ibge.gov.br/Censos/Censo_Demografico_2022/Agregados_por_Setores_Censitarios/Agregados_por_Setor_csv/Agregados_por_setores_caracteristicas_domicilio2_BR_20250417.zip
V00149,V00149,"Domicílios Particulares Permanentes Ocupados, Utiliza poço profundo ou artesiano, Cor ou raça da pessoa responsável pelo domicílio é preta",Características do Domicílio - Parte 2,Domicílio,domicilio2,Agregados_por_setores_caracteristicas_domicilio2_BR_20250417.csv,setor,https://ftp.ibge.gov.br/Censos/Censo_Demografico_2022/Agregados_por_Setores_Censitarios/Agregados_por_Setor_csv/Agregados_por_setores_caracteristicas_domicilio2_BR_20250417.zip
V00150,V00150,"Domicílios Particulares Permanentes Ocupados, Utiliza poço profundo ou artesiano, Cor ou raça da pessoa responsável pelo domicílio é amarela",Características do Domicílio - Parte 2,Domicílio,domicilio2,Agregados_por_setores_caracteristicas_domicilio2_BR_20250417.csv,setor,https://ftp.ibge.gov.br/Censos/Censo_Demografico_2022/Agregados_por_Setores_Censitarios/Agregados_por_Setor_csv/Agregados_por_setores_caracteristicas_domicilio2_BR_20250417.zip
V00151,V00151,"Domicílios Particulares Permanentes Ocupados, Utiliza poço profundo ou artesiano, Cor ou raça da pessoa responsável pelo domicílio é parda",Características do Domicílio - Parte 2,Domicílio,domicilio2,Agregados_por_setores_caracteristicas_domicilio2_BR_20250417.csv,setor,https://ftp.ibge.gov.br/Censos/Censo_Demografico_2022/Agregados_por_Setores_Censitarios/Agregados_por_Setor_csv/Agregados_por_setores_caracteristicas_domicilio2_BR_20250417.zip
V00152,V00152,"Domicílios Particulares Permanentes Ocupados, Utiliza poço profundo ou artesiano, Cor ou raça da pessoa responsável pelo domicílio é indígena",Características do Domicílio - Parte 2,Domicílio,domicilio2,Agregados_por_setores_caracteristicas_domicilio2_BR_20250417.csv,setor,https://ftp.ibge.gov.br/Censos/Censo_Demografico_2022/Agregados_por_Setores_Censitarios/Agregados_por_Setor_csv/Agregados_por_setores_caracteristicas_domicilio2_BR_20250417.zip
V00153,V00153,"Domicílios Particulares Permanentes Ocupados, Utiliza poço raso, freático ou cacimba, Cor ou raça da pessoa responsável pelo domicílio é branca",Características do Domicílio - Parte 2,Domicílio,domicilio2,Agregados_por_setores_caracteristicas_domicilio2_BR_20250417.csv,setor,https://ftp.ibge.gov.br/Censos/Censo_Demografico_2022/Agregados_por_Setores_Censitarios/Agregados_por_Setor_csv/Agregados_por_setores_caracteristicas_domicilio2_BR_20250417.zip
V00154,V00154,"Domicílios Particulares Permanentes Ocupados, Utiliza poço raso, freático ou cacimba, Cor ou raça da pessoa responsável pelo domicílio é preta",Características do Domicílio - Parte 2,Domicílio,domicilio2,Agregados_por_setores_caracteristicas_domicilio2_BR_20250417.csv,setor,https://ftp.ibge.gov.br/Censos/Censo_Demografico_2022/Agregados_por_Setores_Censitarios/Agregados_por_Setor_csv/Agregados_por_setores_caracteristicas_domicilio2_BR_20250417.zip
V00155,V00155,"Domicílios Particulares Permanentes Ocupados, Utiliza poço raso, freático ou cacimba, Cor ou raça da pessoa responsável pelo domicílio é amarela",Características do Domicílio - Parte 2,Domicílio,domicilio2,Agregados_por_setores_caracteristicas_domicilio2_BR_20250417.csv,setor,https://ftp.ibge.gov.br/Censos/Censo_Demografico_2022/Agregados_por_Setores_Censitarios/Agregados_por_Setor_csv/Agregados_por_setores_caracteristicas_domicilio2_BR_20250417.zip
V00156,V00156,"Domicílios Particulares Permanentes Ocupados, Utiliza poço raso, freático ou cacimba, Cor ou raça da pessoa responsável pelo domicílio é parda",Características do Domicílio - Parte 2,Domicílio,domicilio2,Agregados_por_setores_caracteristicas_domicilio2_BR_20250417.csv,setor,https://ftp.ibge.gov.br/Censos/Censo_Demografico_2022/Agregados_por_Setores_Censitarios/Agregados_por_Setor_csv/Agregados_por_setores_caracteristicas_domicilio2_BR_20250417.zip
V00157,V00157,"Domicílios Particulares Permanentes Ocupados, Utiliza poço raso, freático ou cacimba, Cor ou raça da pessoa responsável pelo domicílio é indígena",Características do Domicílio - Parte 2,Domicílio,domicilio2,Agregados_por_setores_caracteristicas_domicilio2_BR_20250417.csv,setor,https://ftp.ibge.gov.br/Censos/Censo_Demografico_2022/Agregados_por_Setores_Censitarios/Agregados_por_Setor_csv/Agregados_por_setores_caracteristicas_domicilio2_BR_20250417.zip
V00158,V00158,"Domicílios Particulares Permanentes Ocupados, Utiliza fonte, nascente ou mina, Cor ou raça da pessoa responsável pelo domicílio é branca",Características do Domicílio - Parte 2,Domicílio,domicilio2,Agregados_por_setores_caracteristicas_domicilio2_BR_20250417.csv,setor,https://ftp.ibge.gov.br/Censos/Censo_Demografico_2022/Agregados_por_Setores_Censitarios/Agregados_por_Setor_csv/Agregados_por_setores_caracteristicas_domicilio2_BR_20250417.zip
V00159,V00159,"Domicílios Particulares Permanentes Ocupados, Utiliza fonte, nascente ou mina, Cor ou raça da pessoa responsável pelo domicílio é preta",Características do Domicílio - Parte 2,Domicílio,domicilio2,Agregados_por_setores_caracteristicas_domicilio2_BR_20250417.csv,setor,https://ftp.ibge.gov.br/Censos/Censo_Demografico_2022/Agregados_por_Setores_Censitarios/Agregados_por_Setor_csv/Agregados_por_setores_caracteristicas_domicilio2_BR_20250417.zip
V00160,V00160,"Domicílios Particulares Permanentes Ocupados, Utiliza fonte, nascente ou mina, Cor ou raça da pessoa responsável pelo domicílio é amarela",Características do Domicílio - Parte 2,Domicílio,domicilio2,Agregados_por_setores_caracteristicas_domicilio2_BR_20250417.csv,setor,https://ftp.ibge.gov.br/Censos/Censo_Demografico_2022/Agregados_por_Setores_Censitarios/Agregados_por_Setor_csv/Agregados_por_setores_caracteristicas_domicilio2_BR_20250417.zip
V00161,V00161,"Domicílios Particulares Permanentes Ocupados, Utiliza fonte, nascente ou mina, Cor ou raça da pessoa responsável pelo domicílio é parda",Características do Domicílio - Parte 2,Domicílio,domicilio2,Agregados_por_setores_caracteristicas_domicilio2_BR_20250417.csv,setor,https://ftp.ibge.gov.br/Censos/Censo_Demografico_2022/Agregados_por_Setores_Censitarios/Agregados_por_Setor_csv/Agregados_por_setores_caracteristicas_domicilio2_BR_20250417.zip
V00162,V00162,"Domicílios Particulares Permanentes Ocupados, Utiliza fonte, nascente ou mina, Cor ou raça da pessoa responsável pelo domicílio é indígena",Características do Domicílio - Parte 2,Domicílio,domicilio2,Agregados_por_setores_caracteristicas_domicilio2_BR_20250417.csv,setor,https://ftp.ibge.gov.br/Censos/Censo_Demografico_2022/Agregados_por_Setores_Censitarios/Agregados_por_Setor_csv/Agregados_por_setores_caracteristicas_domicilio2_BR_20250417.zip
V00163,V00163,"Domicílios Particulares Permanentes Ocupados, Utiliza carro-pipa, Cor ou raça da pessoa responsável pelo domicílio é branca",Características do Domicílio - Parte 2,Domicílio,domicilio2,Agregados_por_setores_caracteristicas_domicilio2_BR_20250417.csv,setor,https://ftp.ibge.gov.br/Censos/Censo_Demografico_2022/Agregados_por_Setores_Censitarios/Agregados_por_Setor_csv/Agregados_por_setores_caracteristicas_domicilio2_BR_20250417.zip
V00164,V00164,"Domicílios Particulares Permanentes Ocupados, Utiliza carro-pipa, Cor ou raça da pessoa responsável pelo domicílio é preta",Características do Domicílio - Parte 2,Domicílio,domicilio2,Agregados_por_setores_caracteristicas_domicilio2_BR_20250417.csv,setor,https://ftp.ibge.gov.br/Censos/Censo_Demografico_2022/Agregados_por_Setores_Censitarios/Agregados_por_Setor_csv/Agregados_por_setores_caracteristicas_domicilio2_BR_20250417.zip
V00165,V00165,"Domicílios Particulares Permanentes Ocupados, Utiliza carro-pipa, Cor ou raça da pessoa responsável pelo domicílio é amarela",Características do Domicílio - Parte 2,Domicílio,domicilio2,Agregados_por_setores_caracteristicas_domicilio2_BR_20250417.csv,setor,https://ftp.ibge.gov.br/Censos/Censo_Demografico_2022/Agregados_por_Setores_Censitarios/Agregados_por_Setor_csv/Agregados_por_setores_caracteristicas_domicilio2_BR_20250417.zip
V00166,V00166,"Domicílios Particulares Permanentes Ocupados, Utiliza carro-pipa, Cor ou raça da pessoa responsável pelo domicílio é parda",Características do Domicílio - Parte 2,Domicílio,domicilio2,Agregados_por_setores_caracteristicas_domicilio2_BR_20250417.csv,setor,https://ftp.ibge.gov.br/Censos/Censo_Demografico_2022/Agregados_por_Setores_Censitarios/Agregados_por_Setor_csv/Agregados_por_setores_caracteristicas_domicilio2_BR_20250417.zip
V00167,V00167,"Domicílios Particulares Permanentes Ocupados, Utiliza carro-pipa, Cor ou raça da pessoa responsável pelo domicílio é indígena",Características do Domicílio - Parte 2,Domicílio,domicilio2,Agregados_por_setores_caracteristicas_domicilio2_BR_20250417.csv,setor,https://ftp.ibge.gov.br/Censos/Censo_Demografico_2022/Agregados_por_Setores_Censitarios/Agregados_por_Setor_csv/Agregados_por_setores_caracteristicas_domicilio2_BR_20250417.zip
V00168,V00168,"Domicílios Particulares Permanentes Ocupados, Utiliza água da chuva armazenada, Cor ou raça da pessoa responsável pelo domicílio é branca",Características do Domicílio - Parte 2,Domicílio,domicilio2,Agregados_por_setores_caracteristicas_domicilio2_BR_20250417.csv,setor,https://ftp.ibge.gov.br/Censos/Censo_Demografico_2022/Agregados_por_Setores_Censitarios/Agregados_por_Setor_csv/Agregados_por_setores_caracteristicas_domicilio2_BR_20250417.zip
V00169,V00169,"Domicílios Particulares Permanentes Ocupados, Utiliza água da chuva armazenada, Cor ou raça da pessoa responsável pelo domicílio é preta",Características do Domicílio - Parte 2,Domicílio,domicilio2,Agregados_por_setores_caracteristicas_domicilio2_BR_20250417.csv,setor,https://ftp.ibge.gov.br/Censos/Censo_Demografico_2022/Agregados_por_Setores_Censitarios/Agregados_por_Setor_csv/Agregados_por_setores_caracteristicas_domicilio2_BR_20250417.zip
V00170,V00170,"Domicílios Particulares Permanentes Ocupados, Utiliza água da chuva armazenada, Cor ou raça da pessoa responsável pelo domicílio é amarela",Características do Domicílio - Parte 2,Domicílio,domicilio2,Agregados_por_setores_caracteristicas_domicilio2_BR_20250417.csv,setor,https://ftp.ibge.gov.br/Censos/Censo_Demografico_2022/Agregados_por_Setores_Censitarios/Agregados_por_Setor_csv/Agregados_por_setores_caracteristicas_domicilio2_BR_20250417.zip
V00171,V00171,"Domicílios Particulares Permanentes Ocupados, Utiliza água da chuva armazenada, Cor ou raça da pessoa responsável pelo domicílio é parda",Características do Domicílio - Parte 2,Domicílio,domicilio2,Agregados_por_setores_caracteristicas_domicilio2_BR_20250417.csv,setor,https://ftp.ibge.gov.br/Censos/Censo_Demografico_2022/Agregados_por_Setores_Censitarios/Agregados_por_Setor_csv/Agregados_por_setores_caracteristicas_domicilio2_BR_20250417.zip
V00172,V00172,"Domicílios Particulares Permanentes Ocupados, Utiliza água da chuva armazenada, Cor ou raça da pessoa responsável pelo domicílio é indígena",Características do Domicílio - Parte 2,Domicílio,domicilio2,Agregados_por_setores_caracteristicas_domicilio2_BR_20250417.csv,setor,https://ftp.ibge.gov.br/Censos/Censo_Demografico_2022/Agregados_por_Setores_Censitarios/Agregados_por_Setor_csv/Agregados_por_setores_caracteristicas_domicilio2_BR_20250417.zip
V00173,V00173,"Domicílios Particulares Permanentes Ocupados, Utiliza rios, açudes, córregos, lagos e igarapés, Cor ou raça da pessoa responsável pelo domicílio é branca",Características do Domicílio - Parte 2,Domicílio,domicilio2,Agregados_por_setores_caracteristicas_domicilio2_BR_20250417.csv,setor,https://ftp.ibge.gov.br/Censos/Censo_Demografico_2022/Agregados_por_Setores_Censitarios/Agregados_por_Setor_csv/Agregados_por_setores_caracteristicas_domicilio2_BR_20250417.zip
V00174,V00174,"Domicílios Particulares Permanentes Ocupados, Utiliza rios, açudes, córregos, lagos e igarapés, Cor ou raça da pessoa responsável pelo domicílio é preta",Características do Domicílio - Parte 2,Domicílio,domicilio2,Agregados_por_setores_caracteristicas_domicilio2_BR_20250417.csv,setor,https://ftp.ibge.gov.br/Censos/Censo_Demografico_2022/Agregados_por_Setores_Censitarios/Agregados_por_Setor_csv/Agregados_por_setores_caracteristicas_domicilio2_BR_20250417.zip
V00175,V00175,"Domicílios Particulares Permanentes Ocupados, Utiliza rios, açudes, córregos, lagos e igarapés, Cor ou raça da pessoa responsável pelo domicílio é amarela",Características do Domicílio - Parte 2,Domicílio,domicilio2,Agregados_por_setores_caracteristicas_domicilio2_BR_20250417.csv,setor,https://ftp.ibge.gov.br/Censos/Censo_Demografico_2022/Agregados_por_Setores_Censitarios/Agregados_por_Setor_csv/Agregados_por_setores_caracteristicas_domicilio2_BR_20250417.zip
V00176,V00176,"Domicílios Particulares Permanentes Ocupados, Utiliza rios, açudes, córregos, lagos e igarapés, Cor ou raça da pessoa responsável pelo domicílio é parda",Características do Domicílio - Parte 2,Domicílio,domicilio2,Agregados_por_setores_caracteristicas_domicilio2_BR_20250417.csv,setor,https://ftp.ibge.gov.br/Censos/Censo_Demografico_2022/Agregados_por_Setores_Censitarios/Agregados_por_Setor_csv/Agregados_por_setores_caracteristicas_domicilio2_BR_20250417.zip
V00177,V00177,"Domicílios Particulares Permanentes Ocupados, Utiliza rios, açudes, córregos, lagos e igarapés, Cor ou raça da pessoa responsável pelo domicílio é indígena",Características do Domicílio - Parte 2,Domicílio,domicilio2,Agregados_por_setores_caracteristicas_domicilio2_BR_20250417.csv,setor,https://ftp.ibge.gov.br/Censos/Censo_Demografico_2022/Agregados_por_Setores_Censitarios/Agregados_por_Setor_csv/Agregados_por_setores_caracteristicas_domicilio2_BR_20250417.zip
V00178,V00178,"Domicílios Particulares Permanentes Ocupados, Utiliza outra forma de abastecimento de água, Cor ou raça da pessoa responsável pelo domicílio é branca",Características do Domicílio - Parte 2,Domicílio,domicilio2,Agregados_por_setores_caracteristicas_domicilio2_BR_20250417.csv,setor,https://ftp.ibge.gov.br/Censos/Censo_Demografico_2022/Agregados_por_Setores_Censitarios/Agregados_por_Setor_csv/Agregados_por_setores_caracteristicas_domicilio2_BR_20250417.zip
V00179,V00179,"Domicílios Particulares Permanentes Ocupados, Utiliza outra forma de abastecimento de água, Cor ou raça da pessoa responsável pelo domicílio é preta",Características do Domicílio - Parte 2,Domicílio,domicilio2,Agregados_por_setores_caracteristicas_domicilio2_BR_20250417.csv,setor,https://ftp.ibge.gov.br/Censos/Censo_Demografico_2022/Agregados_por_Setores_Censitarios/Agregados_por_Setor_csv/Agregados_por_setores_caracteristicas_domicilio2_BR_20250417.zip
V00180,V00180,"Domicílios Particulares Permanentes Ocupados, Utiliza outra forma de abastecimento de água, Cor ou raça da pessoa responsável pelo domicílio é amarela",Características do Domicílio - Parte 2,Domicílio,domicilio2,Agregados_por_setores_caracteristicas_domicilio2_BR_20250417.csv,setor,https://ftp.ibge.gov.br/Censos/Censo_Demografico_2022/Agregados_por_Setores_Censitarios/Agregados_por_Setor_csv/Agregados_por_setores_caracteristicas_domicilio2_BR_20250417.zip
V00181,V00181,"Domicílios Particulares Permanentes Ocupados, Utiliza outra forma de abastecimento de água, Cor ou raça da pessoa responsável pelo domicílio é parda",Características do Domicílio - Parte 2,Domicílio,domicilio2,Agregados_por_setores_caracteristicas_domicilio2_BR_20250417.csv,setor,https://ftp.ibge.gov.br/Censos/Censo_Demografico_2022/Agregados_por_Setores_Censitarios/Agregados_por_Setor_csv/Agregados_por_setores_caracteristicas_domicilio2_BR_20250417.zip
V00182,V00182,"Domicílios Particulares Permanentes Ocupados, Utiliza outra forma de abastecimento de água, Cor ou raça da pessoa responsável pelo domicílio é indígena",Características do Domicílio - Parte 2,Domicílio,domicilio2,Agregados_por_setores_caracteristicas_domicilio2_BR_20250417.csv,setor,https://ftp.ibge.gov.br/Censos/Censo_Demografico_2022/Agregados_por_Setores_Censitarios/Agregados_por_Setor_csv/Agregados_por_setores_caracteristicas_domicilio2_BR_20250417.zip
V00183,V00183,"Domicílios Particulares Permanentes Ocupados, Utiliza rede geral de distribuição, Sexo da pessoa responsável pelo domicílio é masculino",Características do Domicílio - Parte 2,Domicílio,domicilio2,Agregados_por_setores_caracteristicas_domicilio2_BR_20250417.csv,setor,https://ftp.ibge.gov.br/Censos/Censo_Demografico_2022/Agregados_por_Setores_Censitarios/Agregados_por_Setor_csv/Agregados_por_setores_caracteristicas_domicilio2_BR_20250417.zip
V00184,V00184,"Domicílios Particulares Permanentes Ocupados, Utiliza rede geral de distribuição, Sexo da pessoa responsável pelo domicílio é feminino",Características do Domicílio - Parte 2,Domicílio,domicilio2,Agregados_por_setores_caracteristicas_domicilio2_BR_20250417.csv,setor,https://ftp.ibge.gov.br/Censos/Censo_Demografico_2022/Agregados_por_Setores_Censitarios/Agregados_por_Setor_csv/Agregados_por_setores_caracteristicas_domicilio2_BR_20250417.zip
V00185,V00185,"Domicílios Particulares Permanentes Ocupados, Utiliza poço profundo ou artesiano, Sexo da pessoa responsável pelo domicílio é masculino",Características do Domicílio - Parte 2,Domicílio,domicilio2,Agregados_por_setores_caracteristicas_domicilio2_BR_20250417.csv,setor,https://ftp.ibge.gov.br/Censos/Censo_Demografico_2022/Agregados_por_Setores_Censitarios/Agregados_por_Setor_csv/Agregados_por_setores_caracteristicas_domicilio2_BR_20250417.zip
V00186,V00186,"Domicílios Particulares Permanentes Ocupados, Utiliza poço profundo ou artesiano, Sexo da pessoa responsável pelo domicílio é feminino",Características do Domicílio - Parte 2,Domicílio,domicilio2,Agregados_por_setores_caracteristicas_domicilio2_BR_20250417.csv,setor,https://ftp.ibge.gov.br/Censos/Censo_Demografico_2022/Agregados_por_Setores_Censitarios/Agregados_por_Setor_csv/Agregados_por_setores_caracteristicas_domicilio2_BR_20250417.zip
V00187,V00187,"Domicílios Particulares Permanentes Ocupados, Utiliza poço raso, freático ou cacimba, Sexo da pessoa responsável pelo domicílio é masculino",Características do Domicílio - Parte 2,Domicílio,domicilio2,Agregados_por_setores_caracteristicas_domicilio2_BR_20250417.csv,setor,https://ftp.ibge.gov.br/Censos/Censo_Demografico_2022/Agregados_por_Setores_Censitarios/Agregados_por_Setor_csv/Agregados_por_setores_caracteristicas_domicilio2_BR_20250417.zip
V00188,V00188,"Domicílios Particulares Permanentes Ocupados, Utiliza poço raso, freático ou cacimba, Sexo da pessoa responsável pelo domicílio é feminino",Características do Domicílio - Parte 2,Domicílio,domicilio2,Agregados_por_setores_caracteristicas_domicilio2_BR_20250417.csv,setor,https://ftp.ibge.gov.br/Censos/Censo_Demografico_2022/Agregados_por_Setores_Censitarios/Agregados_por_Setor_csv/Agregados_por_setores_caracteristicas_domicilio2_BR_20250417.zip
V00189,V00189,"Domicílios Particulares Permanentes Ocupados, Utiliza fonte, nascente ou mina, Sexo da pessoa responsável pelo domicílio é masculino",Características do Domicílio - Parte 2,Domicílio,domicilio2,Agregados_por_setores_caracteristicas_domicilio2_BR_20250417.csv,setor,https://ftp.ibge.gov.br/Censos/Censo_Demografico_2022/Agregados_por_Setores_Censitarios/Agregados_por_Setor_csv/Agregados_por_setores_caracteristicas_domicilio2_BR_20250417.zip
V00190,V00190,"Domicílios Particulares Permanentes Ocupados, Utiliza fonte, nascente ou mina, Sexo da pessoa responsável pelo domicílio é feminino",Características do Domicílio - Parte 2,Domicílio,domicilio2,Agregados_por_setores_caracteristicas_domicilio2_BR_20250417.csv,setor,https://ftp.ibge.gov.br/Censos/Censo_Demografico_2022/Agregados_por_Setores_Censitarios/Agregados_por_Setor_csv/Agregados_por_setores_caracteristicas_domicilio2_BR_20250417.zip
V00191,V00191,"Domicílios Particulares Permanentes Ocupados, Utiliza carro-pipa, Sexo da pessoa responsável pelo domicílio é masculino",Características do Domicílio - Parte 2,Domicílio,domicilio2,Agregados_por_setores_caracteristicas_domicilio2_BR_20250417.csv,setor,https://ftp.ibge.gov.br/Censos/Censo_Demografico_2022/Agregados_por_Setores_Censitarios/Agregados_por_Setor_csv/Agregados_por_setores_caracteristicas_domicilio2_BR_20250417.zip
V00192,V00192,"Domicílios Particulares Permanentes Ocupados, Utiliza carro-pipa, Sexo da pessoa responsável pelo domicílio é feminino",Características do Domicílio - Parte 2,Domicílio,domicilio2,Agregados_por_setores_caracteristicas_domicilio2_BR_20250417.csv,setor,https://ftp.ibge.gov.br/Censos/Censo_Demografico_2022/Agregados_por_Setores_Censitarios/Agregados_por_Setor_csv/Agregados_por_setores_caracteristicas_domicilio2_BR_20250417.zip
V00193,V00193,"Domicílios Particulares Permanentes Ocupados, Utiliza água da chuva armazenada, Sexo da pessoa responsável pelo domicílio é masculino",Características do Domicílio - Parte 2,Domicílio,domicilio2,Agregados_por_setores_caracteristicas_domicilio2_BR_20250417.csv,setor,https://ftp.ibge.gov.br/Censos/Censo_Demografico_2022/Agregados_por_Setores_Censitarios/Agregados_por_Setor_csv/Agregados_por_setores_caracteristicas_domicilio2_BR_20250417.zip
V00194,V00194,"Domicílios Particulares Permanentes Ocupados, Utiliza água da chuva armazenada, Sexo da pessoa responsável pelo domicílio é feminino",Características do Domicílio - Parte 2,Domicílio,domicilio2,Agregados_por_setores_caracteristicas_domicilio2_BR_20250417.csv,setor,https://ftp.ibge.gov.br/Censos/Censo_Demografico_2022/Agregados_por_Setores_Censitarios/Agregados_por_Setor_csv/Agregados_por_setores_caracteristicas_domicilio2_BR_20250417.zip
V00195,V00195,"Domicílios Particulares Permanentes Ocupados, Utiliza rios, açudes, córregos, lagos e igarapés, Sexo da pessoa responsável pelo domicílio é masculino",Características do Domicílio - Parte 2,Domicílio,domicilio2,Agregados_por_setores_caracteristicas_domicilio2_BR_20250417.csv,setor,https://ftp.ibge.gov.br/Censos/Censo_Demografico_2022/Agregados_por_Setores_Censitarios/Agregados_por_Setor_csv/Agregados_por_setores_caracteristicas_domicilio2_BR_20250417.zip
V00196,V00196,"Domicílios Particulares Permanentes Ocupados, Utiliza rios, açudes, córregos, lagos e igarapés, Sexo da pessoa responsável pelo domicílio é feminino",Características do Domicílio - Parte 2,Domicílio,domicilio2,Agregados_por_setores_caracteristicas_domicilio2_BR_20250417.csv,setor,https://ftp.ibge.gov.br/Censos/Censo_Demografico_2022/Agregados_por_Setores_Censitarios/Agregados_por_Setor_csv/Agregados_por_setores_caracteristicas_domicilio2_BR_20250417.zip
V00197,V00197,"Domicílios Particulares Permanentes Ocupados, Utiliza outra forma de abastecimento de água, Sexo da pessoa responsável pelo domicílio é masculino",Características do Domicílio - Parte 2,Domicílio,domicilio2,Agregados_por_setores_caracteristicas_domicilio2_BR_20250417.csv,setor,https://ftp.ibge.gov.br/Censos/Censo_Demografico_2022/Agregados_por_Setores_Censitarios/Agregados_por_Setor_csv/Agregados_por_setores_caracteristicas_domicilio2_BR_20250417.zip
V00198,V00198,"Domicílios Particulares Permanentes Ocupados, Utiliza outra forma de abastecimento de água, Sexo da pessoa responsável pelo domicílio é feminino",Características do Domicílio - Parte 2,Domicílio,domicilio2,Agregados_por_setores_caracteristicas_domicilio2_BR_20250417.csv,setor,https://ftp.ibge.gov.br/Censos/Censo_Demografico_2022/Agregados_por_Setores_Censitarios/Agregados_por_Setor_csv/Agregados_por_setores_caracteristicas_domicilio2_BR_20250417.zip
V00199,V00199,"Domicílios Particulares Permanentes Ocupados, Água chega encanada até dentro da casa, apartamento ou habitação",Características do Domicílio - Parte 2,Domicílio,domicilio2,Agregados_por_setores_caracteristicas_domicilio2_BR_20250417.csv,setor,https://ftp.ibge.gov.br/Censos/Censo_Demografico_2022/Agregados_por_Setores_Censitarios/Agregados_por_Setor_csv/Agregados_por_setores_caracteristicas_domicilio2_BR_20250417.zip
V00200,V00200,"Domicílios Particulares Permanentes Ocupados, Água chega encanada, mas apenas ao terreno",Características do Domicílio - Parte 2,Domicílio,domicilio2,Agregados_por_setores_caracteristicas_domicilio2_BR_20250417.csv,setor,https://ftp.ibge.gov.br/Censos/Censo_Demografico_2022/Agregados_por_Setores_Censitarios/Agregados_por_Setor_csv/Agregados_por_setores_caracteristicas_domicilio2_BR_20250417.zip
V00201,V00201,"Domicílios Particulares Permanentes Ocupados, Água não chega encanada ao domicílio",Características do Domicílio - Parte 2,Domicílio,domicilio2,Agregados_por_setores_caracteristicas_domicilio2_BR_20250417.csv,setor,https://ftp.ibge.gov.br/Censos/Censo_Demografico_2022/Agregados_por_Setores_Censitarios/Agregados_por_Setor_csv/Agregados_por_setores_caracteristicas_domicilio2_BR_20250417.zip
V00202,V00202,"Domicílios Particulares Permanentes Ocupados, Tipo de espécie é casa, Água chega encanada até dentro da casa, apartamento ou habitação",Características do Domicílio - Parte 2,Domicílio,domicilio2,Agregados_por_setores_caracteristicas_domicilio2_BR_20250417.csv,setor,https://ftp.ibge.gov.br/Censos/Censo_Demografico_2022/Agregados_por_Setores_Censitarios/Agregados_por_Setor_csv/Agregados_por_setores_caracteristicas_domicilio2_BR_20250417.zip
V00203,V00203,"Domicílios Particulares Permanentes Ocupados, Tipo de espécie é casa, Água chega encanada, mas apenas ao terreno",Características do Domicílio - Parte 2,Domicílio,domicilio2,Agregados_por_setores_caracteristicas_domicilio2_BR_20250417.csv,setor,https://ftp.ibge.gov.br/Censos/Censo_Demografico_2022/Agregados_por_Setores_Censitarios/Agregados_por_Setor_csv/Agregados_por_setores_caracteristicas_domicilio2_BR_20250417.zip
V00204,V00204,"Domicílios Particulares Permanentes Ocupados, Tipo de espécie é casa, Água não chega encanada ao domicílio",Características do Domicílio - Parte 2,Domicílio,domicilio2,Agregados_por_setores_caracteristicas_domicilio2_BR_20250417.csv,setor,https://ftp.ibge.gov.br/Censos/Censo_Demografico_2022/Agregados_por_Setores_Censitarios/Agregados_por_Setor_csv/Agregados_por_setores_caracteristicas_domicilio2_BR_20250417.zip
V00205,V00205,"Domicílios Particulares Permanentes Ocupados, Tipo de espécie é casa de vila ou em condomínio, Água chega encanada até dentro da casa, apartamento ou habitação",Características do Domicílio - Parte 2,Domicílio,domicilio2,Agregados_por_setores_caracteristicas_domicilio2_BR_20250417.csv,setor,https://ftp.ibge.gov.br/Censos/Censo_Demografico_2022/Agregados_por_Setores_Censitarios/Agregados_por_Setor_csv/Agregados_por_setores_caracteristicas_domicilio2_BR_20250417.zip
V00206,V00206,"Domicílios Particulares Permanentes Ocupados, Tipo de espécie é casa de vila ou em condomínio, Água chega encanada, mas apenas ao terreno",Características do Domicílio - Parte 2,Domicílio,domicilio2,Agregados_por_setores_caracteristicas_domicilio2_BR_20250417.csv,setor,https://ftp.ibge.gov.br/Censos/Censo_Demografico_2022/Agregados_por_Setores_Censitarios/Agregados_por_Setor_csv/Agregados_por_setores_caracteristicas_domicilio2_BR_20250417.zip
V00207,V00207,"Domicílios Particulares Permanentes Ocupados, Tipo de espécie é casa de vila ou em condomínio, Água não chega encanada ao domicílio",Características do Domicílio - Parte 2,Domicílio,domicilio2,Agregados_por_setores_caracteristicas_domicilio2_BR_20250417.csv,setor,https://ftp.ibge.gov.br/Censos/Censo_Demografico_2022/Agregados_por_Setores_Censitarios/Agregados_por_Setor_csv/Agregados_por_setores_caracteristicas_domicilio2_BR_20250417.zip
V00208,V00208,"Domicílios Particulares Permanentes Ocupados, Tipo de espécie é apartamento, Água chega encanada até dentro da casa, apartamento ou habitação",Características do Domicílio - Parte 2,Domicílio,domicilio2,Agregados_por_setores_caracteristicas_domicilio2_BR_20250417.csv,setor,https://ftp.ibge.gov.br/Censos/Censo_Demografico_2022/Agregados_por_Setores_Censitarios/Agregados_por_Setor_csv/Agregados_por_setores_caracteristicas_domicilio2_BR_20250417.zip
V00209,V00209,"Domicílios Particulares Permanentes Ocupados, Tipo de espécie é apartamento, Água chega encanada, mas apenas ao terreno",Características do Domicílio - Parte 2,Domicílio,domicilio2,Agregados_por_setores_caracteristicas_domicilio2_BR_20250417.csv,setor,https://ftp.ibge.gov.br/Censos/Censo_Demografico_2022/Agregados_por_Setores_Censitarios/Agregados_por_Setor_csv/Agregados_por_setores_caracteristicas_domicilio2_BR_20250417.zip
V00210,V00210,"Domicílios Particulares Permanentes Ocupados, Tipo de espécie é apartamento, Água não chega encanada ao domicílio",Características do Domicílio - Parte 2,Domicílio,domicilio2,Agregados_por_setores_caracteristicas_domicilio2_BR_20250417.csv,setor,https://ftp.ibge.gov.br/Censos/Censo_Demografico_2022/Agregados_por_Setores_Censitarios/Agregados_por_Setor_csv/Agregados_por_setores_caracteristicas_domicilio2_BR_20250417.zip
V00211,V00211,"Domicílios Particulares Permanentes Ocupados, Água chega encanada até dentro da casa, apartamento ou habitação, Cor ou raça da pessoa responsável pelo domicílio é branca",Características do Domicílio - Parte 2,Domicílio,domicilio2,Agregados_por_setores_caracteristicas_domicilio2_BR_20250417.csv,setor,https://ftp.ibge.gov.br/Censos/Censo_Demografico_2022/Agregados_por_Setores_Censitarios/Agregados_por_Setor_csv/Agregados_por_setores_caracteristicas_domicilio2_BR_20250417.zip
V00212,V00212,"Domicílios Particulares Permanentes Ocupados, Água chega encanada até dentro da casa, apartamento ou habitação, Cor ou raça da pessoa responsável pelo domicílio é preta",Características do Domicílio - Parte 2,Domicílio,domicilio2,Agregados_por_setores_caracteristicas_domicilio2_BR_20250417.csv,setor,https://ftp.ibge.gov.br/Censos/Censo_Demografico_2022/Agregados_por_Setores_Censitarios/Agregados_por_Setor_csv/Agregados_por_setores_caracteristicas_domicilio2_BR_20250417.zip
V00213,V00213,"Domicílios Particulares Permanentes Ocupados, Água chega encanada até dentro da casa, apartamento ou habitação, Cor ou raça da pessoa responsável pelo domicílio é amarela",Características do Domicílio - Parte 2,Domicílio,domicilio2,Agregados_por_setores_caracteristicas_domicilio2_BR_20250417.csv,setor,https://ftp.ibge.gov.br/Censos/Censo_Demografico_2022/Agregados_por_Setores_Censitarios/Agregados_por_Setor_csv/Agregados_por_setores_caracteristicas_domicilio2_BR_20250417.zip
V00214,V00214,"Domicílios Particulares Permanentes Ocupados, Água chega encanada até dentro da casa, apartamento ou habitação, Cor ou raça da pessoa responsável pelo domicílio é parda",Características do Domicílio - Parte 2,Domicílio,domicilio2,Agregados_por_setores_caracteristicas_domicilio2_BR_20250417.csv,setor,https://ftp.ibge.gov.br/Censos/Censo_Demografico_2022/Agregados_por_Setores_Censitarios/Agregados_por_Setor_csv/Agregados_por_setores_caracteristicas_domicilio2_BR_20250417.zip
V00215,V00215,"Domicílios Particulares Permanentes Ocupados, Água chega encanada até dentro da casa, apartamento ou habitação, Cor ou raça da pessoa responsável pelo domicílio é indígena",Características do Domicílio - Parte 2,Domicílio,domicilio2,Agregados_por_setores_caracteristicas_domicilio2_BR_20250417.csv,setor,https://ftp.ibge.gov.br/Censos/Censo_Demografico_2022/Agregados_por_Setores_Censitarios/Agregados_por_Setor_csv/Agregados_por_setores_caracteristicas_domicilio2_BR_20250417.zip
V00216,V00216,"Domicílios Particulares Permanentes Ocupados, Água chega encanada, mas apenas ao terreno, Cor ou raça da pessoa responsável pelo domicílio é branca",Características do Domicílio - Parte 2,Domicílio,domicilio2,Agregados_por_setores_caracteristicas_domicilio2_BR_20250417.csv,setor,https://ftp.ibge.gov.br/Censos/Censo_Demografico_2022/Agregados_por_Setores_Censitarios/Agregados_por_Setor_csv/Agregados_por_setores_caracteristicas_domicilio2_BR_20250417.zip
V00217,V00217,"Domicílios Particulares Permanentes Ocupados, Água chega encanada, mas apenas ao terreno, Cor ou raça da pessoa responsável pelo domicílio é preta",Características do Domicílio - Parte 2,Domicílio,domicilio2,Agregados_por_setores_caracteristicas_domicilio2_BR_20250417.csv,setor,https://ftp.ibge.gov.br/Censos/Censo_Demografico_2022/Agregados_por_Setores_Censitarios/Agregados_por_Setor_csv/Agregados_por_setores_caracteristicas_domicilio2_BR_20250417.zip
V00218,V00218,"Domicílios Particulares Permanentes Ocupados, Água chega encanada, mas apenas ao terreno, Cor ou raça da pessoa responsável pelo domicílio é amarela",Características do Domicílio - Parte 2,Domicílio,domicilio2,Agregados_por_setores_caracteristicas_domicilio2_BR_20250417.csv,setor,https://ftp.ibge.gov.br/Censos/Censo_Demografico_2022/Agregados_por_Setores_Censitarios/Agregados_por_Setor_csv/Agregados_por_setores_caracteristicas_domicilio2_BR_20250417.zip
V00219,V00219,"Domicílios Particulares Permanentes Ocupados, Água chega encanada, mas apenas ao terreno, Cor ou raça da pessoa responsável pelo domicílio é parda",Características do Domicílio - Parte 2,Domicílio,domicilio2,Agregados_por_setores_caracteristicas_domicilio2_BR_20250417.csv,setor,https://ftp.ibge.gov.br/Censos/Censo_Demografico_2022/Agregados_por_Setores_Censitarios/Agregados_por_Setor_csv/Agregados_por_setores_caracteristicas_domicilio2_BR_20250417.zip
V00220,V00220,"Domicílios Particulares Permanentes Ocupados, Água chega encanada, mas apenas ao terreno, Cor ou raça da pessoa responsável pelo domicílio é indígena",Características do Domicílio - Parte 2,Domicílio,domicilio2,Agregados_por_setores_caracteristicas_domicilio2_BR_20250417.csv,setor,https://ftp.ibge.gov.br/Censos/Censo_Demografico_2022/Agregados_por_Setores_Censitarios/Agregados_por_Setor_csv/Agregados_por_setores_caracteristicas_domicilio2_BR_20250417.zip
V00221,V00221,"Domicílios Particulares Permanentes Ocupados, Água não chega encanada ao domicílio, Cor ou raça da pessoa responsável pelo domicílio é branca",Características do Domicílio - Parte 2,Domicílio,domicilio2,Agregados_por_setores_caracteristicas_domicilio2_BR_20250417.csv,setor,https://ftp.ibge.gov.br/Censos/Censo_Demografico_2022/Agregados_por_Setores_Censitarios/Agregados_por_Setor_csv/Agregados_por_setores_caracteristicas_domicilio2_BR_20250417.zip
V00222,V00222,"Domicílios Particulares Permanentes Ocupados, Água não chega encanada ao domicílio, Cor ou raça da pessoa responsável pelo domicílio é preta",Características do Domicílio - Parte 2,Domicílio,domicilio2,Agregados_por_setores_caracteristicas_domicilio2_BR_20250417.csv,setor,https://ftp.ibge.gov.br/Censos/Censo_Demografico_2022/Agregados_por_Setores_Censitarios/Agregados_por_Setor_csv/Agregados_por_setores_caracteristicas_domicilio2_BR_20250417.zip
V00223,V00223,"Domicílios Particulares Permanentes Ocupados, Água não chega encanada ao domicílio, Cor ou raça da pessoa responsável pelo domicílio é amarela",Características do Domicílio - Parte 2,Domicílio,domicilio2,Agregados_por_setores_caracteristicas_domicilio2_BR_20250417.csv,setor,https://ftp.ibge.gov.br/Censos/Censo_Demografico_2022/Agregados_por_Setores_Censitarios/Agregados_por_Setor_csv/Agregados_por_setores_caracteristicas_domicilio2_BR_20250417.zip
V00224,V00224,"Domicílios Particulares Permanentes Ocupados, Água não chega encanada ao domicílio, Cor ou raça da pessoa responsável pelo domicílio é parda",Características do Domicílio - Parte 2,Domicílio,domicilio2,Agregados_por_setores_caracteristicas_domicilio2_BR_20250417.csv,setor,https://ftp.ibge.gov.br/Censos/Censo_Demografico_2022/Agregados_por_Setores_Censitarios/Agregados_por_Setor_csv/Agregados_por_setores_caracteristicas_domicilio2_BR_20250417.zip
V00225,V00225,"Domicílios Particulares Permanentes Ocupados, Água não chega encanada ao domicílio, Cor ou raça da pessoa responsável pelo domicílio é indígena",Características do Domicílio - Parte 2,Domicílio,domicilio2,Agregados_por_setores_caracteristicas_domicilio2_BR_20250417.csv,setor,https://ftp.ibge.gov.br/Censos/Censo_Demografico_2022/Agregados_por_Setores_Censitarios/Agregados_por_Setor_csv/Agregados_por_setores_caracteristicas_domicilio2_BR_20250417.zip
V00226,V00226,"Domicílios Particulares Permanentes Ocupados, Água chega encanada até dentro da casa, apartamento ou habitação, Sexo da pessoa responsável pelo domicílio é masculino",Características do Domicílio - Parte 2,Domicílio,domicilio2,Agregados_por_setores_caracteristicas_domicilio2_BR_20250417.csv,setor,https://ftp.ibge.gov.br/Censos/Censo_Demografico_2022/Agregados_por_Setores_Censitarios/Agregados_por_Setor_csv/Agregados_por_setores_caracteristicas_domicilio2_BR_20250417.zip
V00227,V00227,"Domicílios Particulares Permanentes Ocupados, Água chega encanada até dentro da casa, apartamento ou habitação, Sexo da pessoa responsável pelo domicílio é feminino",Características do Domicílio - Parte 2,Domicílio,domicilio2,Agregados_por_setores_caracteristicas_domicilio2_BR_20250417.csv,setor,https://ftp.ibge.gov.br/Censos/Censo_Demografico_2022/Agregados_por_Setores_Censitarios/Agregados_por_Setor_csv/Agregados_por_setores_caracteristicas_domicilio2_BR_20250417.zip
V00228,V00228,"Domicílios Particulares Permanentes Ocupados, Água chega encanada, mas apenas ao terreno, Sexo da pessoa responsável pelo domicílio é masculino",Características do Domicílio - Parte 2,Domicílio,domicilio2,Agregados_por_setores_caracteristicas_domicilio2_BR_20250417.csv,setor,https://ftp.ibge.gov.br/Censos/Censo_Demografico_2022/Agregados_por_Setores_Censitarios/Agregados_por_Setor_csv/Agregados_por_setores_caracteristicas_domicilio2_BR_20250417.zip
V00229,V00229,"Domicílios Particulares Permanentes Ocupados, Água chega encanada, mas apenas ao terreno, Sexo da pessoa responsável pelo domicílio é feminino",Características do Domicílio - Parte 2,Domicílio,domicilio2,Agregados_por_setores_caracteristicas_domicilio2_BR_20250417.csv,setor,https://ftp.ibge.gov.br/Censos/Censo_Demografico_2022/Agregados_por_Setores_Censitarios/Agregados_por_Setor_csv/Agregados_por_setores_caracteristicas_domicilio2_BR_20250417.zip
V00230,V00230,"Domicílios Particulares Permanentes Ocupados, Água não chega encanada ao domicílio, Sexo da pessoa responsável pelo domicílio é masculino",Características do Domicílio - Parte 2,Domicílio,domicilio2,Agregados_por_setores_caracteristicas_domicilio2_BR_20250417.csv,setor,https://ftp.ibge.gov.br/Censos/Censo_Demografico_2022/Agregados_por_Setores_Censitarios/Agregados_por_Setor_csv/Agregados_por_setores_caracteristicas_domicilio2_BR_20250417.zip
V00231,V00231,"Domicílios Particulares Permanentes Ocupados, Água não chega encanada ao domicílio, Sexo da pessoa responsável pelo domicílio é feminino",Características do Domicílio - Parte 2,Domicílio,domicilio2,Agregados_por_setores_caracteristicas_domicilio2_BR_20250417.csv,setor,https://ftp.ibge.gov.br/Censos/Censo_Demografico_2022/Agregados_por_Setores_Censitarios/Agregados_por_Setor_csv/Agregados_por_setores_caracteristicas_domicilio2_BR_20250417.zip
V00232,V00232,"Domicílios Particulares Permanentes Ocupados, 1 banheiro de uso exclusivo com chuveiro e vaso sanitário existentes no domicílio",Características do Domicílio - Parte 2,Domicílio,domicilio2,Agregados_por_setores_caracteristicas_domicilio2_BR_20250417.csv,setor,https://ftp.ibge.gov.br/Censos/Censo_Demografico_2022/Agregados_por_Setores_Censitarios/Agregados_por_Setor_csv/Agregados_por_setores_caracteristicas_domicilio2_BR_20250417.zip
V00233,V00233,"Domicílios Particulares Permanentes Ocupados, 2 banheiros de uso exclusivo com chuveiro e vaso sanitário existentes no domicílio",Características do Domicílio - Parte 2,Domicílio,domicilio2,Agregados_por_setores_caracteristicas_domicilio2_BR_20250417.csv,setor,https://ftp.ibge.gov.br/Censos/Censo_Demografico_2022/Agregados_por_Setores_Censitarios/Agregados_por_Setor_csv/Agregados_por_setores_caracteristicas_domicilio2_BR_20250417.zip
V00234,V00234,"Domicílios Particulares Permanentes Ocupados, 3 banheiros de uso exclusivo com chuveiro e vaso sanitário existentes no domicílio",Características do Domicílio - Parte 2,Domicílio,domicilio2,Agregados_por_setores_caracteristicas_domicilio2_BR_20250417.csv,setor,https://ftp.ibge.gov.br/Censos/Censo_Demografico_2022/Agregados_por_Setores_Censitarios/Agregados_por_Setor_csv/Agregados_por_setores_caracteristicas_domicilio2_BR_20250417.zip
V00235,V00235,"Domicílios Particulares Permanentes Ocupados, 4 ou mais banheiros de uso exclusivo com chuveiro e vaso sanitário existentes no domicílio",Características do Domicílio - Parte 2,Domicílio,domicilio2,Agregados_por_setores_caracteristicas_domicilio2_BR_20250417.csv,setor,https://ftp.ibge.gov.br/Censos/Censo_Demografico_2022/Agregados_por_Setores_Censitarios/Agregados_por_Setor_csv/Agregados_por_setores_caracteristicas_domicilio2_BR_20250417.zip
V00236,V00236,"Domicílios Particulares Permanentes Ocupados, Apenas banheiro de uso comum a mais de um domicílio",Características do Domicílio - Parte 2,Domicílio,domicilio2,Agregados_por_setores_caracteristicas_domicilio2_BR_20250417.csv,setor,https://ftp.ibge.gov.br/Censos/Censo_Demografico_2022/Agregados_por_Setores_Censitarios/Agregados_por_Setor_csv/Agregados_por_setores_caracteristicas_domicilio2_BR_20250417.zip
V00237,V00237,"Domicílios Particulares Permanentes Ocupados, Apenas sanitário ou buraco para dejeções, inclusive os localizados no terreno",Características do Domicílio - Parte 2,Domicílio,domicilio2,Agregados_por_setores_caracteristicas_domicilio2_BR_20250417.csv,setor,https://ftp.ibge.gov.br/Censos/Censo_Demografico_2022/Agregados_por_Setores_Censitarios/Agregados_por_Setor_csv/Agregados_por_setores_caracteristicas_domicilio2_BR_20250417.zip
V00238,V00238,"Domicílios Particulares Permanentes Ocupados, Não tinham banheiro nem sanitário",Características do Domicílio - Parte 2,Domicílio,domicilio2,Agregados_por_setores_caracteristicas_domicilio2_BR_20250417.csv,setor,https://ftp.ibge.gov.br/Censos/Censo_Demografico_2022/Agregados_por_Setores_Censitarios/Agregados_por_Setor_csv/Agregados_por_setores_caracteristicas_domicilio2_BR_20250417.zip
V00239,V00239,"Domicílios Particulares Permanentes Ocupados, Tipo de espécie é casa, 1 banheiro de uso exclusivo com chuveiro e vaso sanitário existentes no domicílio",Características do Domicílio - Parte 2,Domicílio,domicilio2,Agregados_por_setores_caracteristicas_domicilio2_BR_20250417.csv,setor,https://ftp.ibge.gov.br/Censos/Censo_Demografico_2022/Agregados_por_Setores_Censitarios/Agregados_por_Setor_csv/Agregados_por_setores_caracteristicas_domicilio2_BR_20250417.zip
V00240,V00240,"Domicílios Particulares Permanentes Ocupados, Tipo de espécie é casa, 2 banheiros de uso exclusivo com chuveiro e vaso sanitário existentes no domicílio",Características do Domicílio - Parte 2,Domicílio,domicilio2,Agregados_por_setores_caracteristicas_domicilio2_BR_20250417.csv,setor,https://ftp.ibge.gov.br/Censos/Censo_Demografico_2022/Agregados_por_Setores_Censitarios/Agregados_por_Setor_csv/Agregados_por_setores_caracteristicas_domicilio2_BR_20250417.zip
V00241,V00241,"Domicílios Particulares Permanentes Ocupados, Tipo de espécie é casa, 3 banheiros de uso exclusivo com chuveiro e vaso sanitário existentes no domicílio",Características do Domicílio - Parte 2,Domicílio,domicilio2,Agregados_por_setores_caracteristicas_domicilio2_BR_20250417.csv,setor,https://ftp.ibge.gov.br/Censos/Censo_Demografico_2022/Agregados_por_Setores_Censitarios/Agregados_por_Setor_csv/Agregados_por_setores_caracteristicas_domicilio2_BR_20250417.zip
V00242,V00242,"Domicílios Particulares Permanentes Ocupados, Tipo de espécie é casa, 4 ou mais banheiros de uso exclusivo com chuveiro e vaso sanitário existentes no domicílio",Características do Domicílio - Parte 2,Domicílio,domicilio2,Agregados_por_setores_caracteristicas_domicilio2_BR_20250417.csv,setor,https://ftp.ibge.gov.br/Censos/Censo_Demografico_2022/Agregados_por_Setores_Censitarios/Agregados_por_Setor_csv/Agregados_por_setores_caracteristicas_domicilio2_BR_20250417.zip
V00243,V00243,"Domicílios Particulares Permanentes Ocupados, Tipo de espécie é casa, Apenas banheiro de uso comum a mais de um domicílio",Características do Domicílio - Parte 2,Domicílio,domicilio2,Agregados_por_setores_caracteristicas_domicilio2_BR_20250417.csv,setor,https://ftp.ibge.gov.br/Censos/Censo_Demografico_2022/Agregados_por_Setores_Censitarios/Agregados_por_Setor_csv/Agregados_por_setores_caracteristicas_domicilio2_BR_20250417.zip
V00244,V00244,"Domicílios Particulares Permanentes Ocupados, Tipo de espécie é casa, Apenas sanitário ou buraco para dejeções, inclusive os localizados no terreno",Características do Domicílio - Parte 2,Domicílio,domicilio2,Agregados_por_setores_caracteristicas_domicilio2_BR_20250417.csv,setor,https://ftp.ibge.gov.br/Censos/Censo_Demografico_2022/Agregados_por_Setores_Censitarios/Agregados_por_Setor_csv/Agregados_por_setores_caracteristicas_domicilio2_BR_20250417.zip
V00245,V00245,"Domicílios Particulares Permanentes Ocupados, Tipo de espécie é casa, Não tinham banheiro nem sanitário",Características do Domicílio - Parte 2,Domicílio,domicilio2,Agregados_por_setores_caracteristicas_domicilio2_BR_20250417.csv,setor,https://ftp.ibge.gov.br/Censos/Censo_Demografico_2022/Agregados_por_Setores_Censitarios/Agregados_por_Setor_csv/Agregados_por_setores_caracteristicas_domicilio2_BR_20250417.zip
V00246,V00246,"Domicílios Particulares Permanentes Ocupados, Tipo de espécie é casa de vila ou em condomínio, 1 banheiro de uso exclusivo com chuveiro e vaso sanitário existentes no domicílio",Características do Domicílio - Parte 2,Domicílio,domicilio2,Agregados_por_setores_caracteristicas_domicilio2_BR_20250417.csv,setor,https://ftp.ibge.gov.br/Censos/Censo_Demografico_2022/Agregados_por_Setores_Censitarios/Agregados_por_Setor_csv/Agregados_por_setores_caracteristicas_domicilio2_BR_20250417.zip
V00247,V00247,"Domicílios Particulares Permanentes Ocupados, Tipo de espécie é casa de vila ou em condomínio, 2 banheiros de uso exclusivo com chuveiro e vaso sanitário existentes no domicílio",Características do Domicílio - Parte 2,Domicílio,domicilio2,Agregados_por_setores_caracteristicas_domicilio2_BR_20250417.csv,setor,https://ftp.ibge.gov.br/Censos/Censo_Demografico_2022/Agregados_por_Setores_Censitarios/Agregados_por_Setor_csv/Agregados_por_setores_caracteristicas_domicilio2_BR_20250417.zip
V00248,V00248,"Domicílios Particulares Permanentes Ocupados, Tipo de espécie é casa de vila ou em condomínio, 3 banheiros de uso exclusivo com chuveiro e vaso sanitário existentes no domicílio",Características do Domicílio - Parte 2,Domicílio,domicilio2,Agregados_por_setores_caracteristicas_domicilio2_BR_20250417.csv,setor,https://ftp.ibge.gov.br/Censos/Censo_Demografico_2022/Agregados_por_Setores_Censitarios/Agregados_por_Setor_csv/Agregados_por_setores_caracteristicas_domicilio2_BR_20250417.zip
V00249,V00249,"Domicílios Particulares Permanentes Ocupados, Tipo de espécie é casa de vila ou em condomínio, 4 ou mais banheiros de uso exclusivo com chuveiro e vaso sanitário existentes no domicílio",Características do Domicílio - Parte 2,Domicílio,domicilio2,Agregados_por_setores_caracteristicas_domicilio2_BR_20250417.csv,setor,https://ftp.ibge.gov.br/Censos/Censo_Demografico_2022/Agregados_por_Setores_Censitarios/Agregados_por_Setor_csv/Agregados_por_setores_caracteristicas_domicilio2_BR_20250417.zip
V00250,V00250,"Domicílios Particulares Permanentes Ocupados, Tipo de espécie é casa de vila ou em condomínio, Apenas banheiro de uso comum a mais de um domicílio",Características do Domicílio - Parte 2,Domicílio,domicilio2,Agregados_por_setores_caracteristicas_domicilio2_BR_20250417.csv,setor,https://ftp.ibge.gov.br/Censos/Censo_Demografico_2022/Agregados_por_Setores_Censitarios/Agregados_por_Setor_csv/Agregados_por_setores_caracteristicas_domicilio2_BR_20250417.zip
V00251,V00251,"Domicílios Particulares Permanentes Ocupados, Tipo de espécie é casa de vila ou em condomínio, Apenas sanitário ou buraco para dejeções, inclusive os localizados no terreno",Características do Domicílio - Parte 2,Domicílio,domicilio2,Agregados_por_setores_caracteristicas_domicilio2_BR_20250417.csv,setor,https://ftp.ibge.gov.br/Censos/Censo_Demografico_2022/Agregados_por_Setores_Censitarios/Agregados_por_Setor_csv/Agregados_por_setores_caracteristicas_domicilio2_BR_20250417.zip
V00252,V00252,"Domicílios Particulares Permanentes Ocupados, Tipo de espécie é casa de vila ou em condomínio, Não tinham banheiro nem sanitário",Características do Domicílio - Parte 2,Domicílio,domicilio2,Agregados_por_setores_caracteristicas_domicilio2_BR_20250417.csv,setor,https://ftp.ibge.gov.br/Censos/Censo_Demografico_2022/Agregados_por_Setores_Censitarios/Agregados_por_Setor_csv/Agregados_por_setores_caracteristicas_domicilio2_BR_20250417.zip
V00253,V00253,"Domicílios Particulares Permanentes Ocupados, Tipo de espécie é apartamento, 1 banheiro de uso exclusivo com chuveiro e vaso sanitário existentes no domicílio",Características do Domicílio - Parte 2,Domicílio,domicilio2,Agregados_por_setores_caracteristicas_domicilio2_BR_20250417.csv,setor,https://ftp.ibge.gov.br/Censos/Censo_Demografico_2022/Agregados_por_Setores_Censitarios/Agregados_por_Setor_csv/Agregados_por_setores_caracteristicas_domicilio2_BR_20250417.zip
V00254,V00254,"Domicílios Particulares Permanentes Ocupados, Tipo de espécie é apartamento, 2 banheiros de uso exclusivo com chuveiro e vaso sanitário existentes no domicílio",Características do Domicílio - Parte 2,Domicílio,domicilio2,Agregados_por_setores_caracteristicas_domicilio2_BR_20250417.csv,setor,https://ftp.ibge.gov.br/Censos/Censo_Demografico_2022/Agregados_por_Setores_Censitarios/Agregados_por_Setor_csv/Agregados_por_setores_caracteristicas_domicilio2_BR_20250417.zip
V00255,V00255,"Domicílios Particulares Permanentes Ocupados, Tipo de espécie é apartamento, 3 banheiros de uso exclusivo com chuveiro e vaso sanitário existentes no domicílio",Características do Domicílio - Parte 2,Domicílio,domicilio2,Agregados_por_setores_caracteristicas_domicilio2_BR_20250417.csv,setor,https://ftp.ibge.gov.br/Censos/Censo_Demografico_2022/Agregados_por_Setores_Censitarios/Agregados_por_Setor_csv/Agregados_por_setores_caracteristicas_domicilio2_BR_20250417.zip
V00256,V00256,"Domicílios Particulares Permanentes Ocupados, Tipo de espécie é apartamento, 4 ou mais banheiros de uso exclusivo com chuveiro e vaso sanitário existentes no domicílio",Características do Domicílio - Parte 2,Domicílio,domicilio2,Agregados_por_setores_caracteristicas_domicilio2_BR_20250417.csv,setor,https://ftp.ibge.gov.br/Censos/Censo_Demografico_2022/Agregados_por_Setores_Censitarios/Agregados_por_Setor_csv/Agregados_por_setores_caracteristicas_domicilio2_BR_20250417.zip
V00257,V00257,"Domicílios Particulares Permanentes Ocupados, Tipo de espécie é apartamento, Apenas banheiro de uso comum a mais de um domicílio",Características do Domicílio - Parte 2,Domicílio,domicilio2,Agregados_por_setores_caracteristicas_domicilio2_BR_20250417.csv,setor,https://ftp.ibge.gov.br/Censos/Censo_Demografico_2022/Agregados_por_Setores_Censitarios/Agregados_por_Setor_csv/Agregados_por_setores_caracteristicas_domicilio2_BR_20250417.zip
V00258,V00258,"Domicílios Particulares Permanentes Ocupados, Tipo de espécie é apartamento, Apenas sanitário ou buraco para dejeções, inclusive os localizados no terreno",Características do Domicílio - Parte 2,Domicílio,domicilio2,Agregados_por_setores_caracteristicas_domicilio2_BR_20250417.csv,setor,https://ftp.ibge.gov.br/Censos/Censo_Demografico_2022/Agregados_por_Setores_Censitarios/Agregados_por_Setor_csv/Agregados_por_setores_caracteristicas_domicilio2_BR_20250417.zip
V00259,V00259,"Domicílios Particulares Permanentes Ocupados, Tipo de espécie é apartamento, Não tinham banheiro nem sanitário",Características do Domicílio - Parte 2,Domicílio,domicilio2,Agregados_por_setores_caracteristicas_domicilio2_BR_20250417.csv,setor,https://ftp.ibge.gov.br/Censos/Censo_Demografico_2022/Agregados_por_Setores_Censitarios/Agregados_por_Setor_csv/Agregados_por_setores_caracteristicas_domicilio2_BR_20250417.zip
V00260,V00260,"Domicílios Particulares Permanentes Ocupados, 1 banheiro de uso exclusivo com chuveiro e vaso sanitário existentes no domicílio, Cor ou raça da pessoa responsável pelo domicílio é branca",Características do Domicílio - Parte 2,Domicílio,domicilio2,Agregados_por_setores_caracteristicas_domicilio2_BR_20250417.csv,setor,https://ftp.ibge.gov.br/Censos/Censo_Demografico_2022/Agregados_por_Setores_Censitarios/Agregados_por_Setor_csv/Agregados_por_setores_caracteristicas_domicilio2_BR_20250417.zip
V00261,V00261,"Domicílios Particulares Permanentes Ocupados, 1 banheiro de uso exclusivo com chuveiro e vaso sanitário existentes no domicílio, Cor ou raça da pessoa responsável pelo domicílio é preta",Características do Domicílio - Parte 2,Domicílio,domicilio2,Agregados_por_setores_caracteristicas_domicilio2_BR_20250417.csv,setor,https://ftp.ibge.gov.br/Censos/Censo_Demografico_2022/Agregados_por_Setores_Censitarios/Agregados_por_Setor_csv/Agregados_por_setores_caracteristicas_domicilio2_BR_20250417.zip
V00262,V00262,"Domicílios Particulares Permanentes Ocupados, 1 banheiro de uso exclusivo com chuveiro e vaso sanitário existentes no domicílio, Cor ou raça da pessoa responsável pelo domicílio é amarela",Características do Domicílio - Parte 2,Domicílio,domicilio2,Agregados_por_setores_caracteristicas_domicilio2_BR_20250417.csv,setor,https://ftp.ibge.gov.br/Censos/Censo_Demografico_2022/Agregados_por_Setores_Censitarios/Agregados_por_Setor_csv/Agregados_por_setores_caracteristicas_domicilio2_BR_20250417.zip
V00263,V00263,"Domicílios Particulares Permanentes Ocupados, 1 banheiro de uso exclusivo com chuveiro e vaso sanitário existentes no domicílio, Cor ou raça da pessoa responsável pelo domicílio é parda",Características do Domicílio - Parte 2,Domicílio,domicilio2,Agregados_por_setores_caracteristicas_domicilio2_BR_20250417.csv,setor,https://ftp.ibge.gov.br/Censos/Censo_Demografico_2022/Agregados_por_Setores_Censitarios/Agregados_por_Setor_csv/Agregados_por_setores_caracteristicas_domicilio2_BR_20250417.zip
V00264,V00264,"Domicílios Particulares Permanentes Ocupados, 1 banheiro de uso exclusivo com chuveiro e vaso sanitário existentes no domicílio, Cor ou raça da pessoa responsável pelo domicílio é indígena",Características do Domicílio - Parte 2,Domicílio,domicilio2,Agregados_por_setores_caracteristicas_domicilio2_BR_20250417.csv,setor,https://ftp.ibge.gov.br/Censos/Censo_Demografico_2022/Agregados_por_Setores_Censitarios/Agregados_por_Setor_csv/Agregados_por_setores_caracteristicas_domicilio2_BR_20250417.zip
V00265,V00265,"Domicílios Particulares Permanentes Ocupados, 2 banheiros de uso exclusivo com chuveiro e vaso sanitário existentes no domicílio, Cor ou raça da pessoa responsável pelo domicílio é branca",Características do Domicílio - Parte 2,Domicílio,domicilio2,Agregados_por_setores_caracteristicas_domicilio2_BR_20250417.csv,setor,https://ftp.ibge.gov.br/Censos/Censo_Demografico_2022/Agregados_por_Setores_Censitarios/Agregados_por_Setor_csv/Agregados_por_setores_caracteristicas_domicilio2_BR_20250417.zip
V00266,V00266,"Domicílios Particulares Permanentes Ocupados, 2 banheiros de uso exclusivo com chuveiro e vaso sanitário existentes no domicílio, Cor ou raça da pessoa responsável pelo domicílio é preta",Características do Domicílio - Parte 2,Domicílio,domicilio2,Agregados_por_setores_caracteristicas_domicilio2_BR_20250417.csv,setor,https://ftp.ibge.gov.br/Censos/Censo_Demografico_2022/Agregados_por_Setores_Censitarios/Agregados_por_Setor_csv/Agregados_por_setores_caracteristicas_domicilio2_BR_20250417.zip
V00267,V00267,"Domicílios Particulares Permanentes Ocupados, 2 banheiros de uso exclusivo com chuveiro e vaso sanitário existentes no domicílio, Cor ou raça da pessoa responsável pelo domicílio é amarela",Características do Domicílio - Parte 2,Domicílio,domicilio2,Agregados_por_setores_caracteristicas_domicilio2_BR_20250417.csv,setor,https://ftp.ibge.gov.br/Censos/Censo_Demografico_2022/Agregados_por_Setores_Censitarios/Agregados_por_Setor_csv/Agregados_por_setores_caracteristicas_domicilio2_BR_20250417.zip
V00268,V00268,"Domicílios Particulares Permanentes Ocupados, 2 banheiros de uso exclusivo com chuveiro e vaso sanitário existentes no domicílio, Cor ou raça da pessoa responsável pelo domicílio é parda",Características do Domicílio - Parte 2,Domicílio,domicilio2,Agregados_por_setores_caracteristicas_domicilio2_BR_20250417.csv,setor,https://ftp.ibge.gov.br/Censos/Censo_Demografico_2022/Agregados_por_Setores_Censitarios/Agregados_por_Setor_csv/Agregados_por_setores_caracteristicas_domicilio2_BR_20250417.zip
V00269,V00269,"Domicílios Particulares Permanentes Ocupados, 2 banheiros de uso exclusivo com chuveiro e vaso sanitário existentes no domicílio, Cor ou raça da pessoa responsável pelo domicílio é indígena",Características do Domicílio - Parte 2,Domicílio,domicilio2,Agregados_por_setores_caracteristicas_domicilio2_BR_20250417.csv,setor,https://ftp.ibge.gov.br/Censos/Censo_Demografico_2022/Agregados_por_Setores_Censitarios/Agregados_por_Setor_csv/Agregados_por_setores_caracteristicas_domicilio2_BR_20250417.zip
V00270,V00270,"Domicílios Particulares Permanentes Ocupados, 3 banheiros de uso exclusivo com chuveiro e vaso sanitário existentes no domicílio, Cor ou raça da pessoa responsável pelo domicílio é branca",Características do Domicílio - Parte 2,Domicílio,domicilio2,Agregados_por_setores_caracteristicas_domicilio2_BR_20250417.csv,setor,https://ftp.ibge.gov.br/Censos/Censo_Demografico_2022/Agregados_por_Setores_Censitarios/Agregados_por_Setor_csv/Agregados_por_setores_caracteristicas_domicilio2_BR_20250417.zip
V00271,V00271,"Domicílios Particulares Permanentes Ocupados, 3 banheiros de uso exclusivo com chuveiro e vaso sanitário existentes no domicílio, Cor ou raça da pessoa responsável pelo domicílio é preta",Características do Domicílio - Parte 2,Domicílio,domicilio2,Agregados_por_setores_caracteristicas_domicilio2_BR_20250417.csv,setor,https://ftp.ibge.gov.br/Censos/Censo_Demografico_2022/Agregados_por_Setores_Censitarios/Agregados_por_Setor_csv/Agregados_por_setores_caracteristicas_domicilio2_BR_20250417.zip
V00272,V00272,"Domicílios Particulares Permanentes Ocupados, 3 banheiros de uso exclusivo com chuveiro e vaso sanitário existentes no domicílio, Cor ou raça da pessoa responsável pelo domicílio é amarela",Características do Domicílio - Parte 2,Domicílio,domicilio2,Agregados_por_setores_caracteristicas_domicilio2_BR_20250417.csv,setor,https://ftp.ibge.gov.br/Censos/Censo_Demografico_2022/Agregados_por_Setores_Censitarios/Agregados_por_Setor_csv/Agregados_por_setores_caracteristicas_domicilio2_BR_20250417.zip
V00273,V00273,"Domicílios Particulares Permanentes Ocupados, 3 banheiros de uso exclusivo com chuveiro e vaso sanitário existentes no domicílio, Cor ou raça da pessoa responsável pelo domicílio é parda",Características do Domicílio - Parte 2,Domicílio,domicilio2,Agregados_por_setores_caracteristicas_domicilio2_BR_20250417.csv,setor,https://ftp.ibge.gov.br/Censos/Censo_Demografico_2022/Agregados_por_Setores_Censitarios/Agregados_por_Setor_csv/Agregados_por_setores_caracteristicas_domicilio2_BR_20250417.zip
V00274,V00274,"Domicílios Particulares Permanentes Ocupados, 3 banheiros de uso exclusivo com chuveiro e vaso sanitário existentes no domicílio, Cor ou raça da pessoa responsável pelo domicílio é indígena",Características do Domicílio - Parte 2,Domicílio,domicilio2,Agregados_por_setores_caracteristicas_domicilio2_BR_20250417.csv,setor,https://ftp.ibge.gov.br/Censos/Censo_Demografico_2022/Agregados_por_Setores_Censitarios/Agregados_por_Setor_csv/Agregados_por_setores_caracteristicas_domicilio2_BR_20250417.zip
V00275,V00275,"Domicílios Particulares Permanentes Ocupados, 4 ou mais banheiros de uso exclusivo com chuveiro e vaso sanitário existentes no domicílio, Cor ou raça da pessoa responsável pelo domicílio é branca",Características do Domicílio - Parte 2,Domicílio,domicilio2,Agregados_por_setores_caracteristicas_domicilio2_BR_20250417.csv,setor,https://ftp.ibge.gov.br/Censos/Censo_Demografico_2022/Agregados_por_Setores_Censitarios/Agregados_por_Setor_csv/Agregados_por_setores_caracteristicas_domicilio2_BR_20250417.zip
V00276,V00276,"Domicílios Particulares Permanentes Ocupados, 4 ou mais banheiros de uso exclusivo com chuveiro e vaso sanitário existentes no domicílio, Cor ou raça da pessoa responsável pelo domicílio é preta",Características do Domicílio - Parte 2,Domicílio,domicilio2,Agregados_por_setores_caracteristicas_domicilio2_BR_20250417.csv,setor,https://ftp.ibge.gov.br/Censos/Censo_Demografico_2022/Agregados_por_Setores_Censitarios/Agregados_por_Setor_csv/Agregados_por_setores_caracteristicas_domicilio2_BR_20250417.zip
V00277,V00277,"Domicílios Particulares Permanentes Ocupados, 4 ou mais banheiros de uso exclusivo com chuveiro e vaso sanitário existentes no domicílio, Cor ou raça da pessoa responsável pelo domicílio é amarela",Características do Domicílio - Parte 2,Domicílio,domicilio2,Agregados_por_setores_caracteristicas_domicilio2_BR_20250417.csv,setor,https://ftp.ibge.gov.br/Censos/Censo_Demografico_2022/Agregados_por_Setores_Censitarios/Agregados_por_Setor_csv/Agregados_por_setores_caracteristicas_domicilio2_BR_20250417.zip
V00278,V00278,"Domicílios Particulares Permanentes Ocupados, 4 ou mais banheiros de uso exclusivo com chuveiro e vaso sanitário existentes no domicílio, Cor ou raça da pessoa responsável pelo domicílio é parda",Características do Domicílio - Parte 2,Domicílio,domicilio2,Agregados_por_setores_caracteristicas_domicilio2_BR_20250417.csv,setor,https://ftp.ibge.gov.br/Censos/Censo_Demografico_2022/Agregados_por_Setores_Censitarios/Agregados_por_Setor_csv/Agregados_por_setores_caracteristicas_domicilio2_BR_20250417.zip
V00279,V00279,"Domicílios Particulares Permanentes Ocupados, 4 ou mais banheiros de uso exclusivo com chuveiro e vaso sanitário existentes no domicílio, Cor ou raça da pessoa responsável pelo domicílio é indígena",Características do Domicílio - Parte 2,Domicílio,domicilio2,Agregados_por_setores_caracteristicas_domicilio2_BR_20250417.csv,setor,https://ftp.ibge.gov.br/Censos/Censo_Demografico_2022/Agregados_por_Setores_Censitarios/Agregados_por_Setor_csv/Agregados_por_setores_caracteristicas_domicilio2_BR_20250417.zip
V00280,V00280,"Domicílios Particulares Permanentes Ocupados, Apenas banheiro de uso comum a mais de um domicílio, Cor ou raça da pessoa responsável pelo domicílio é branca",Características do Domicílio - Parte 2,Domicílio,domicilio2,Agregados_por_setores_caracteristicas_domicilio2_BR_20250417.csv,setor,https://ftp.ibge.gov.br/Censos/Censo_Demografico_2022/Agregados_por_Setores_Censitarios/Agregados_por_Setor_csv/Agregados_por_setores_caracteristicas_domicilio2_BR_20250417.zip
V00281,V00281,"Domicílios Particulares Permanentes Ocupados, Apenas banheiro de uso comum a mais de um domicílio, Cor ou raça da pessoa responsável pelo domicílio é preta",Características do Domicílio - Parte 2,Domicílio,domicilio2,Agregados_por_setores_caracteristicas_domicilio2_BR_20250417.csv,setor,https://ftp.ibge.gov.br/Censos/Censo_Demografico_2022/Agregados_por_Setores_Censitarios/Agregados_por_Setor_csv/Agregados_por_setores_caracteristicas_domicilio2_BR_20250417.zip
V00282,V00282,"Domicílios Particulares Permanentes Ocupados, Apenas banheiro de uso comum a mais de um domicílio, Cor ou raça da pessoa responsável pelo domicílio é amarela",Características do Domicílio - Parte 2,Domicílio,domicilio2,Agregados_por_setores_caracteristicas_domicilio2_BR_20250417.csv,setor,https://ftp.ibge.gov.br/Censos/Censo_Demografico_2022/Agregados_por_Setores_Censitarios/Agregados_por_Setor_csv/Agregados_por_setores_caracteristicas_domicilio2_BR_20250417.zip
V00283,V00283,"Domicílios Particulares Permanentes Ocupados, Apenas banheiro de uso comum a mais de um domicílio, Cor ou raça da pessoa responsável pelo domicílio é parda",Características do Domicílio - Parte 2,Domicílio,domicilio2,Agregados_por_setores_caracteristicas_domicilio2_BR_20250417.csv,setor,https://ftp.ibge.gov.br/Censos/Censo_Demografico_2022/Agregados_por_Setores_Censitarios/Agregados_por_Setor_csv/Agregados_por_setores_caracteristicas_domicilio2_BR_20250417.zip
V00284,V00284,"Domicílios Particulares Permanentes Ocupados, Apenas banheiro de uso comum a mais de um domicílio, Cor ou raça da pessoa responsável pelo domicílio é indígena",Características do Domicílio - Parte 2,Domicílio,domicilio2,Agregados_por_setores_caracteristicas_domicilio2_BR_20250417.csv,setor,https://ftp.ibge.gov.br/Censos/Censo_Demografico_2022/Agregados_por_Setores_Censitarios/Agregados_por_Setor_csv/Agregados_por_setores_caracteristicas_domicilio2_BR_20250417.zip
V00285,V00285,"Domicílios Particulares Permanentes Ocupados, Apenas sanitário ou buraco para dejeções, inclusive os localizados no terreno, Cor ou raça da pessoa responsável pelo domicílio é branca",Características do Domicílio - Parte 2,Domicílio,domicilio2,Agregados_por_setores_caracteristicas_domicilio2_BR_20250417.csv,setor,https://ftp.ibge.gov.br/Censos/Censo_Demografico_2022/Agregados_por_Setores_Censitarios/Agregados_por_Setor_csv/Agregados_por_setores_caracteristicas_domicilio2_BR_20250417.zip
V00286,V00286,"Domicílios Particulares Permanentes Ocupados, Apenas sanitário ou buraco para dejeções, inclusive os localizados no terreno, Cor ou raça da pessoa responsável pelo domicílio é preta",Características do Domicílio - Parte 2,Domicílio,domicilio2,Agregados_por_setores_caracteristicas_domicilio2_BR_20250417.csv,setor,https://ftp.ibge.gov.br/Censos/Censo_Demografico_2022/Agregados_por_Setores_Censitarios/Agregados_por_Setor_csv/Agregados_por_setores_caracteristicas_domicilio2_BR_20250417.zip
V00287,V00287,"Domicílios Particulares Permanentes Ocupados, Apenas sanitário ou buraco para dejeções, inclusive os localizados no terreno, Cor ou raça da pessoa responsável pelo domicílio é amarela",Características do Domicílio - Parte 2,Domicílio,domicilio2,Agregados_por_setores_caracteristicas_domicilio2_BR_20250417.csv,setor,https://ftp.ibge.gov.br/Censos/Censo_Demografico_2022/Agregados_por_Setores_Censitarios/Agregados_por_Setor_csv/Agregados_por_setores_caracteristicas_domicilio2_BR_20250417.zip
V00288,V00288,"Domicílios Particulares Permanentes Ocupados, Apenas sanitário ou buraco para dejeções, inclusive os localizados no terreno, Cor ou raça da pessoa responsável pelo domicílio é parda",Características do Domicílio - Parte 2,Domicílio,domicilio2,Agregados_por_setores_caracteristicas_domicilio2_BR_20250417.csv,setor,https://ftp.ibge.gov.br/Censos/Censo_Demografico_2022/Agregados_por_Setores_Censitarios/Agregados_por_Setor_csv/Agregados_por_setores_caracteristicas_domicilio2_BR_20250417.zip
V00289,V00289,"Domicílios Particulares Permanentes Ocupados, Apenas sanitário ou buraco para dejeções, inclusive os localizados no terreno, Cor ou raça da pessoa responsável pelo domicílio é indígena",Características do Domicílio - Parte 2,Domicílio,domicilio2,Agregados_por_setores_caracteristicas_domicilio2_BR_20250417.csv,setor,https://ftp.ibge.gov.br/Censos/Censo_Demografico_2022/Agregados_por_Setores_Censitarios/Agregados_por_Setor_csv/Agregados_por_setores_caracteristicas_domicilio2_BR_20250417.zip
V00290,V00290,"Domicílios Particulares Permanentes Ocupados, Não tinham banheiro nem sanitário, Cor ou raça da pessoa responsável pelo domicílio é branca",Características do Domicílio - Parte 2,Domicílio,domicilio2,Agregados_por_setores_caracteristicas_domicilio2_BR_20250417.csv,setor,https://ftp.ibge.gov.br/Censos/Censo_Demografico_2022/Agregados_por_Setores_Censitarios/Agregados_por_Setor_csv/Agregados_por_setores_caracteristicas_domicilio2_BR_20250417.zip
V00291,V00291,"Domicílios Particulares Permanentes Ocupados, Não tinham banheiro nem sanitário, Cor ou raça da pessoa responsável pelo domicílio é preta",Características do Domicílio - Parte 2,Domicílio,domicilio2,Agregados_por_setores_caracteristicas_domicilio2_BR_20250417.csv,setor,https://ftp.ibge.gov.br/Censos/Censo_Demografico_2022/Agregados_por_Setores_Censitarios/Agregados_por_Setor_csv/Agregados_por_setores_caracteristicas_domicilio2_BR_20250417.zip
V00292,V00292,"Domicílios Particulares Permanentes Ocupados, Não tinham banheiro nem sanitário, Cor ou raça da pessoa responsável pelo domicílio é amarela",Características do Domicílio - Parte 2,Domicílio,domicilio2,Agregados_por_setores_caracteristicas_domicilio2_BR_20250417.csv,setor,https://ftp.ibge.gov.br/Censos/Censo_Demografico_2022/Agregados_por_Setores_Censitarios/Agregados_por_Setor_csv/Agregados_por_setores_caracteristicas_domicilio2_BR_20250417.zip
V00293,V00293,"Domicílios Particulares Permanentes Ocupados, Não tinham banheiro nem sanitário, Cor ou raça da pessoa responsável pelo domicílio é parda",Características do Domicílio - Parte 2,Domicílio,domicilio2,Agregados_por_setores_caracteristicas_domicilio2_BR_20250417.csv,setor,https://ftp.ibge.gov.br/Censos/Censo_Demografico_2022/Agregados_por_Setores_Censitarios/Agregados_por_Setor_csv/Agregados_por_setores_caracteristicas_domicilio2_BR_20250417.zip
V00294,V00294,"Domicílios Particulares Permanentes Ocupados, Não tinham banheiro nem sanitário, Cor ou raça da pessoa responsável pelo domicílio é indígena",Características do Domicílio - Parte 2,Domicílio,domicilio2,Agregados_por_setores_caracteristicas_domicilio2_BR_20250417.csv,setor,https://ftp.ibge.gov.br/Censos/Censo_Demografico_2022/Agregados_por_Setores_Censitarios/Agregados_por_Setor_csv/Agregados_por_setores_caracteristicas_domicilio2_BR_20250417.zip
V00295,V00295,"Domicílios Particulares Permanentes Ocupados, 1 banheiro de uso exclusivo com chuveiro e vaso sanitário existentes no domicílio, Sexo da pessoa responsável pelo domicílio é masculino",Características do Domicílio - Parte 2,Domicílio,domicilio2,Agregados_por_setores_caracteristicas_domicilio2_BR_20250417.csv,setor,https://ftp.ibge.gov.br/Censos/Censo_Demografico_2022/Agregados_por_Setores_Censitarios/Agregados_por_Setor_csv/Agregados_por_setores_caracteristicas_domicilio2_BR_20250417.zip
V00296,V00296,"Domicílios Particulares Permanentes Ocupados, 1 banheiro de uso exclusivo com chuveiro e vaso sanitário existentes no domicílio, Sexo da pessoa responsável pelo domicílio é feminino",Características do Domicílio - Parte 2,Domicílio,domicilio2,Agregados_por_setores_caracteristicas_domicilio2_BR_20250417.csv,setor,https://ftp.ibge.gov.br/Censos/Censo_Demografico_2022/Agregados_por_Setores_Censitarios/Agregados_por_Setor_csv/Agregados_por_setores_caracteristicas_domicilio2_BR_20250417.zip
V00297,V00297,"Domicílios Particulares Permanentes Ocupados, 2 banheiros de uso exclusivo com chuveiro e vaso sanitário existentes no domicílio, Sexo da pessoa responsável pelo domicílio é masculino",Características do Domicílio - Parte 2,Domicílio,domicilio2,Agregados_por_setores_caracteristicas_domicilio2_BR_20250417.csv,setor,https://ftp.ibge.gov.br/Censos/Censo_Demografico_2022/Agregados_por_Setores_Censitarios/Agregados_por_Setor_csv/Agregados_por_setores_caracteristicas_domicilio2_BR_20250417.zip
V00298,V00298,"Domicílios Particulares Permanentes Ocupados, 2 banheiros de uso exclusivo com chuveiro e vaso sanitário existentes no domicílio, Sexo da pessoa responsável pelo domicílio é feminino",Características do Domicílio - Parte 2,Domicílio,domicilio2,Agregados_por_setores_caracteristicas_domicilio2_BR_20250417.csv,setor,https://ftp.ibge.gov.br/Censos/Censo_Demografico_2022/Agregados_por_Setores_Censitarios/Agregados_por_Setor_csv/Agregados_por_setores_caracteristicas_domicilio2_BR_20250417.zip
V00299,V00299,"Domicílios Particulares Permanentes Ocupados, 3 banheiros de uso exclusivo com chuveiro e vaso sanitário existentes no domicílio, Sexo da pessoa responsável pelo domicílio é masculino",Características do Domicílio - Parte 2,Domicílio,domicilio2,Agregados_por_setores_caracteristicas_domicilio2_BR_20250417.csv,setor,https://ftp.ibge.gov.br/Censos/Censo_Demografico_2022/Agregados_por_Setores_Censitarios/Agregados_por_Setor_csv/Agregados_por_setores_caracteristicas_domicilio2_BR_20250417.zip
V00300,V00300,"Domicílios Particulares Permanentes Ocupados, 3 banheiros de uso exclusivo com chuveiro e vaso sanitário existentes no domicílio, Sexo da pessoa responsável pelo domicílio é feminino",Características do Domicílio - Parte 2,Domicílio,domicilio2,Agregados_por_setores_caracteristicas_domicilio2_BR_20250417.csv,setor,https://ftp.ibge.gov.br/Censos/Censo_Demografico_2022/Agregados_por_Setores_Censitarios/Agregados_por_Setor_csv/Agregados_por_setores_caracteristicas_domicilio2_BR_20250417.zip
V00301,V00301,"Domicílios Particulares Permanentes Ocupados, 4 ou mais banheiros de uso exclusivo com chuveiro e vaso sanitário existentes no domicílio, Sexo da pessoa responsável pelo domicílio é masculino",Características do Domicílio - Parte 2,Domicílio,domicilio2,Agregados_por_setores_caracteristicas_domicilio2_BR_20250417.csv,setor,https://ftp.ibge.gov.br/Censos/Censo_Demografico_2022/Agregados_por_Setores_Censitarios/Agregados_por_Setor_csv/Agregados_por_setores_caracteristicas_domicilio2_BR_20250417.zip
V00302,V00302,"Domicílios Particulares Permanentes Ocupados, 4 ou mais banheiros de uso exclusivo com chuveiro e vaso sanitário existentes no domicílio, Sexo da pessoa responsável pelo domicílio é feminino",Características do Domicílio - Parte 2,Domicílio,domicilio2,Agregados_por_setores_caracteristicas_domicilio2_BR_20250417.csv,setor,https://ftp.ibge.gov.br/Censos/Censo_Demografico_2022/Agregados_por_Setores_Censitarios/Agregados_por_Setor_csv/Agregados_por_setores_caracteristicas_domicilio2_BR_20250417.zip
V00303,V00303,"Domicílios Particulares Permanentes Ocupados, Apenas banheiro de uso comum a mais de um domicílio, Sexo da pessoa responsável pelo domicílio é masculino",Características do Domicílio - Parte 2,Domicílio,domicilio2,Agregados_por_setores_caracteristicas_domicilio2_BR_20250417.csv,setor,https://ftp.ibge.gov.br/Censos/Censo_Demografico_2022/Agregados_por_Setores_Censitarios/Agregados_por_Setor_csv/Agregados_por_setores_caracteristicas_domicilio2_BR_20250417.zip
V00304,V00304,"Domicílios Particulares Permanentes Ocupados, Apenas banheiro de uso comum a mais de um domicílio, Sexo da pessoa responsável pelo domicílio é feminino",Características do Domicílio - Parte 2,Domicílio,domicilio2,Agregados_por_setores_caracteristicas_domicilio2_BR_20250417.csv,setor,https://ftp.ibge.gov.br/Censos/Censo_Demografico_2022/Agregados_por_Setores_Censitarios/Agregados_por_Setor_csv/Agregados_por_setores_caracteristicas_domicilio2_BR_20250417.zip
V00305,V00305,"Domicílios Particulares Permanentes Ocupados, Apenas sanitário ou buraco para dejeções, inclusive os localizados no terreno, Sexo da pessoa responsável pelo domicílio é masculino",Características do Domicílio - Parte 2,Domicílio,domicilio2,Agregados_por_setores_caracteristicas_domicilio2_BR_20250417.csv,setor,https://ftp.ibge.gov.br/Censos/Censo_Demografico_2022/Agregados_por_Setores_Censitarios/Agregados_por_Setor_csv/Agregados_por_setores_caracteristicas_domicilio2_BR_20250417.zip
V00306,V00306,"Domicílios Particulares Permanentes Ocupados, Apenas sanitário ou buraco para dejeções, inclusive os localizados no terreno, Sexo da pessoa responsável pelo domicílio é feminino",Características do Domicílio - Parte 2,Domicílio,domicilio2,Agregados_por_setores_caracteristicas_domicilio2_BR_20250417.csv,setor,https://ftp.ibge.gov.br/Censos/Censo_Demografico_2022/Agregados_por_Setores_Censitarios/Agregados_por_Setor_csv/Agregados_por_setores_caracteristicas_domicilio2_BR_20250417.zip
V00307,V00307,"Domicílios Particulares Permanentes Ocupados, Não tinham banheiro nem sanitário, Sexo da pessoa responsável pelo domicílio é masculino",Características do Domicílio - Parte 2,Domicílio,domicilio2,Agregados_por_setores_caracteristicas_domicilio2_BR_20250417.csv,setor,https://ftp.ibge.gov.br/Censos/Censo_Demografico_2022/Agregados_por_Setores_Censitarios/Agregados_por_Setor_csv/Agregados_por_setores_caracteristicas_domicilio2_BR_20250417.zip
V00308,V00308,"Domicílios Particulares Permanentes Ocupados, Não tinham banheiro nem sanitário, Sexo da pessoa responsável pelo domicílio é feminino",Características do Domicílio - Parte 2,Domicílio,domicilio2,Agregados_por_setores_caracteristicas_domicilio2_BR_20250417.csv,setor,https://ftp.ibge.gov.br/Censos/Censo_Demografico_2022/Agregados_por_Setores_Censitarios/Agregados_por_Setor_csv/Agregados_por_setores_caracteristicas_domicilio2_BR_20250417.zip
V00309,V00309,"Domicílios Particulares Permanentes Ocupados, Destinação do esgoto do banheiro ou sanitário ou buraco para dejeções é rede geral ou pluvial",Características do Domicílio - Parte 2,Domicílio,domicilio2,Agregados_por_setores_caracteristicas_domicilio2_BR_20250417.csv,setor,https://ftp.ibge.gov.br/Censos/Censo_Demografico_2022/Agregados_por_Setores_Censitarios/Agregados_por_Setor_csv/Agregados_por_setores_caracteristicas_domicilio2_BR_20250417.zip
V00310,V00310,"Domicílios Particulares Permanentes Ocupados, Destinação do esgoto do banheiro ou sanitário ou buraco para dejeções é fossa séptica ou fossa filtro ligada à rede",Características do Domicílio - Parte 2,Domicílio,domicilio2,Agregados_por_setores_caracteristicas_domicilio2_BR_20250417.csv,setor,https://ftp.ibge.gov.br/Censos/Censo_Demografico_2022/Agregados_por_Setores_Censitarios/Agregados_por_Setor_csv/Agregados_por_setores_caracteristicas_domicilio2_BR_20250417.zip
V00311,V00311,"Domicílios Particulares Permanentes Ocupados, Destinação do esgoto do banheiro ou sanitário ou buraco para dejeções é fossa séptica ou fossa filtro não ligada à rede",Características do Domicílio - Parte 2,Domicílio,domicilio2,Agregados_por_setores_caracteristicas_domicilio2_BR_20250417.csv,setor,https://ftp.ibge.gov.br/Censos/Censo_Demografico_2022/Agregados_por_Setores_Censitarios/Agregados_por_Setor_csv/Agregados_por_setores_caracteristicas_domicilio2_BR_20250417.zip
V00312,V00312,"Domicílios Particulares Permanentes Ocupados, Destinação do esgoto do banheiro ou sanitário ou buraco para dejeções é fossa rudimentar ou buraco",Características do Domicílio - Parte 2,Domicílio,domicilio2,Agregados_por_setores_caracteristicas_domicilio2_BR_20250417.csv,setor,https://ftp.ibge.gov.br/Censos/Censo_Demografico_2022/Agregados_por_Setores_Censitarios/Agregados_por_Setor_csv/Agregados_por_setores_caracteristicas_domicilio2_BR_20250417.zip
V00313,V00313,"Domicílios Particulares Permanentes Ocupados, Destinação do esgoto do banheiro ou sanitário ou buraco para dejeções é vala",Características do Domicílio - Parte 2,Domicílio,domicilio2,Agregados_por_setores_caracteristicas_domicilio2_BR_20250417.csv,setor,https://ftp.ibge.gov.br/Censos/Censo_Demografico_2022/Agregados_por_Setores_Censitarios/Agregados_por_Setor_csv/Agregados_por_setores_caracteristicas_domicilio2_BR_20250417.zip
V00314,V00314,"Domicílios Particulares Permanentes Ocupados, Destinação do esgoto do banheiro ou sanitário ou buraco para dejeções é rio, lago, córrego ou mar",Características do Domicílio - Parte 2,Domicílio,domicilio2,Agregados_por_setores_caracteristicas_domicilio2_BR_20250417.csv,setor,https://ftp.ibge.gov.br/Censos/Censo_Demografico_2022/Agregados_por_Setores_Censitarios/Agregados_por_Setor_csv/Agregados_por_setores_caracteristicas_domicilio2_BR_20250417.zip
V00315,V00315,"Domicílios Particulares Permanentes Ocupados, Destinação do esgoto do banheiro ou sanitário ou buraco para dejeções é outra forma",Características do Domicílio - Parte 2,Domicílio,domicilio2,Agregados_por_setores_caracteristicas_domicilio2_BR_20250417.csv,setor,https://ftp.ibge.gov.br/Censos/Censo_Demografico_2022/Agregados_por_Setores_Censitarios/Agregados_por_Setor_csv/Agregados_por_setores_caracteristicas_domicilio2_BR_20250417.zip
V00316,V00316,"Domicílios Particulares Permanentes Ocupados, Destinação do esgoto inexistente, pois não tinham banheiro nem sanitário",Características do Domicílio - Parte 2,Domicílio,domicilio2,Agregados_por_setores_caracteristicas_domicilio2_BR_20250417.csv,setor,https://ftp.ibge.gov.br/Censos/Censo_Demografico_2022/Agregados_por_Setores_Censitarios/Agregados_por_Setor_csv/Agregados_por_setores_caracteristicas_domicilio2_BR_20250417.zip
V00317,V00317,"Domicílios Particulares Permanentes Ocupados, Tipo de espécie é casa, Destinação do esgoto do banheiro ou sanitário ou buraco para dejeções é rede geral ou pluvial",Características do Domicílio - Parte 2,Domicílio,domicilio2,Agregados_por_setores_caracteristicas_domicilio2_BR_20250417.csv,setor,https://ftp.ibge.gov.br/Censos/Censo_Demografico_2022/Agregados_por_Setores_Censitarios/Agregados_por_Setor_csv/Agregados_por_setores_caracteristicas_domicilio2_BR_20250417.zip
V00318,V00318,"Domicílios Particulares Permanentes Ocupados, Tipo de espécie é casa, Destinação do esgoto do banheiro ou sanitário ou buraco para dejeções é fossa séptica ou fossa filtro ligada à rede",Características do Domicílio - Parte 2,Domicílio,domicilio2,Agregados_por_setores_caracteristicas_domicilio2_BR_20250417.csv,setor,https://ftp.ibge.gov.br/Censos/Censo_Demografico_2022/Agregados_por_Setores_Censitarios/Agregados_por_Setor_csv/Agregados_por_setores_caracteristicas_domicilio2_BR_20250417.zip
V00319,V00319,"Domicílios Particulares Permanentes Ocupados, Tipo de espécie é casa, Destinação do esgoto do banheiro ou sanitário ou buraco para dejeções é fossa séptica ou fossa filtro não ligada à rede",Características do Domicílio - Parte 2,Domicílio,domicilio2,Agregados_por_setores_caracteristicas_domicilio2_BR_20250417.csv,setor,https://ftp.ibge.gov.br/Censos/Censo_Demografico_2022/Agregados_por_Setores_Censitarios/Agregados_por_Setor_csv/Agregados_por_setores_caracteristicas_domicilio2_BR_20250417.zip
V00320,V00320,"Domicílios Particulares Permanentes Ocupados, Tipo de espécie é casa, Destinação do esgoto do banheiro ou sanitário ou buraco para dejeções é fossa rudimentar ou buraco",Características do Domicílio - Parte 2,Domicílio,domicilio2,Agregados_por_setores_caracteristicas_domicilio2_BR_20250417.csv,setor,https://ftp.ibge.gov.br/Censos/Censo_Demografico_2022/Agregados_por_Setores_Censitarios/Agregados_por_Setor_csv/Agregados_por_setores_caracteristicas_domicilio2_BR_20250417.zip
V00321,V00321,"Domicílios Particulares Permanentes Ocupados, Tipo de espécie é casa, Destinação do esgoto do banheiro ou sanitário ou buraco para dejeções é vala",Características do Domicílio - Parte 2,Domicílio,domicilio2,Agregados_por_setores_caracteristicas_domicilio2_BR_20250417.csv,setor,https://ftp.ibge.gov.br/Censos/Censo_Demografico_2022/Agregados_por_Setores_Censitarios/Agregados_por_Setor_csv/Agregados_por_setores_caracteristicas_domicilio2_BR_20250417.zip
V00322,V00322,"Domicílios Particulares Permanentes Ocupados, Tipo de espécie é casa, Destinação do esgoto do banheiro ou sanitário ou buraco para dejeções é rio, lago, córrego ou mar",Características do Domicílio - Parte 2,Domicílio,domicilio2,Agregados_por_setores_caracteristicas_domicilio2_BR_20250417.csv,setor,https://ftp.ibge.gov.br/Censos/Censo_Demografico_2022/Agregados_por_Setores_Censitarios/Agregados_por_Setor_csv/Agregados_por_setores_caracteristicas_domicilio2_BR_20250417.zip
V00323,V00323,"Domicílios Particulares Permanentes Ocupados, Tipo de espécie é casa, Destinação do esgoto do banheiro ou sanitário ou buraco para dejeções é outra forma",Características do Domicílio - Parte 2,Domicílio,domicilio2,Agregados_por_setores_caracteristicas_domicilio2_BR_20250417.csv,setor,https://ftp.ibge.gov.br/Censos/Censo_Demografico_2022/Agregados_por_Setores_Censitarios/Agregados_por_Setor_csv/Agregados_por_setores_caracteristicas_domicilio2_BR_20250417.zip
V00324,V00324,"Domicílios Particulares Permanentes Ocupados, Tipo de espécie é casa, Destinação do esgoto inexistente, pois não tinham banheiro nem sanitário",Características do Domicílio - Parte 2,Domicílio,domicilio2,Agregados_por_setores_caracteristicas_domicilio2_BR_20250417.csv,setor,https://ftp.ibge.gov.br/Censos/Censo_Demografico_2022/Agregados_por_Setores_Censitarios/Agregados_por_Setor_csv/Agregados_por_setores_caracteristicas_domicilio2_BR_20250417.zip
V00325,V00325,"Domicílios Particulares Permanentes Ocupados, Tipo de espécie é casa de vila ou em condomínio, Destinação do esgoto do banheiro ou sanitário ou buraco para dejeções é rede geral ou pluvial",Características do Domicílio - Parte 2,Domicílio,domicilio2,Agregados_por_setores_caracteristicas_domicilio2_BR_20250417.csv,setor,https://ftp.ibge.gov.br/Censos/Censo_Demografico_2022/Agregados_por_Setores_Censitarios/Agregados_por_Setor_csv/Agregados_por_setores_caracteristicas_domicilio2_BR_20250417.zip
V00326,V00326,"Domicílios Particulares Permanentes Ocupados, Tipo de espécie é casa de vila ou em condomínio, Destinação do esgoto do banheiro ou sanitário ou buraco para dejeções é fossa séptica ou fossa filtro ligada à rede",Características do Domicílio - Parte 2,Domicílio,domicilio2,Agregados_por_setores_caracteristicas_domicilio2_BR_20250417.csv,setor,https://ftp.ibge.gov.br/Censos/Censo_Demografico_2022/Agregados_por_Setores_Censitarios/Agregados_por_Setor_csv/Agregados_por_setores_caracteristicas_domicilio2_BR_20250417.zip
V00327,V00327,"Domicílios Particulares Permanentes Ocupados, Tipo de espécie é casa de vila ou em condomínio, Destinação do esgoto do banheiro ou sanitário ou buraco para dejeções é fossa séptica ou fossa filtro não ligada à rede",Características do Domicílio - Parte 2,Domicílio,domicilio2,Agregados_por_setores_caracteristicas_domicilio2_BR_20250417.csv,setor,https://ftp.ibge.gov.br/Censos/Censo_Demografico_2022/Agregados_por_Setores_Censitarios/Agregados_por_Setor_csv/Agregados_por_setores_caracteristicas_domicilio2_BR_20250417.zip
V00328,V00328,"Domicílios Particulares Permanentes Ocupados, Tipo de espécie é casa de vila ou em condomínio, Destinação do esgoto do banheiro ou sanitário ou buraco para dejeções é fossa rudimentar ou buraco",Características do Domicílio - Parte 2,Domicílio,domicilio2,Agregados_por_setores_caracteristicas_domicilio2_BR_20250417.csv,setor,https://ftp.ibge.gov.br/Censos/Censo_Demografico_2022/Agregados_por_Setores_Censitarios/Agregados_por_Setor_csv/Agregados_por_setores_caracteristicas_domicilio2_BR_20250417.zip
V00329,V00329,"Domicílios Particulares Permanentes Ocupados, Tipo de espécie é casa de vila ou em condomínio, Destinação do esgoto do banheiro ou sanitário ou buraco para dejeções é vala",Características do Domicílio - Parte 2,Domicílio,domicilio2,Agregados_por_setores_caracteristicas_domicilio2_BR_20250417.csv,setor,https://ftp.ibge.gov.br/Censos/Censo_Demografico_2022/Agregados_por_Setores_Censitarios/Agregados_por_Setor_csv/Agregados_por_setores_caracteristicas_domicilio2_BR_20250417.zip
V00330,V00330,"Domicílios Particulares Permanentes Ocupados, Tipo de espécie é casa de vila ou em condomínio, Destinação do esgoto do banheiro ou sanitário ou buraco para dejeções é rio, lago, córrego ou mar",Características do Domicílio - Parte 2,Domicílio,domicilio2,Agregados_por_setores_caracteristicas_domicilio2_BR_20250417.csv,setor,https://ftp.ibge.gov.br/Censos/Censo_Demografico_2022/Agregados_por_Setores_Censitarios/Agregados_por_Setor_csv/Agregados_por_setores_caracteristicas_domicilio2_BR_20250417.zip
V00331,V00331,"Domicílios Particulares Permanentes Ocupados, Tipo de espécie é casa de vila ou em condomínio, Destinação do esgoto do banheiro ou sanitário ou buraco para dejeções é outra forma",Características do Domicílio - Parte 2,Domicílio,domicilio2,Agregados_por_setores_caracteristicas_domicilio2_BR_20250417.csv,setor,https://ftp.ibge.gov.br/Censos/Censo_Demografico_2022/Agregados_por_Setores_Censitarios/Agregados_por_Setor_csv/Agregados_por_setores_caracteristicas_domicilio2_BR_20250417.zip
V00332,V00332,"Domicílios Particulares Permanentes Ocupados, Tipo de espécie é casa de vila ou em condomínio, Destinação do esgoto inexistente, pois não tinham banheiro nem sanitário",Características do Domicílio - Parte 2,Domicílio,domicilio2,Agregados_por_setores_caracteristicas_domicilio2_BR_20250417.csv,setor,https://ftp.ibge.gov.br/Censos/Censo_Demografico_2022/Agregados_por_Setores_Censitarios/Agregados_por_Setor_csv/Agregados_por_setores_caracteristicas_domicilio2_BR_20250417.zip
V00333,V00333,"Domicílios Particulares Permanentes Ocupados, Tipo de espécie é apartamento, Destinação do esgoto do banheiro ou sanitário ou buraco para dejeções é rede geral ou pluvial",Características do Domicílio - Parte 2,Domicílio,domicilio2,Agregados_por_setores_caracteristicas_domicilio2_BR_20250417.csv,setor,https://ftp.ibge.gov.br/Censos/Censo_Demografico_2022/Agregados_por_Setores_Censitarios/Agregados_por_Setor_csv/Agregados_por_setores_caracteristicas_domicilio2_BR_20250417.zip
V00334,V00334,"Domicílios Particulares Permanentes Ocupados, Tipo de espécie é apartamento, Destinação do esgoto do banheiro ou sanitário ou buraco para dejeções é fossa séptica ou fossa filtro ligada à rede",Características do Domicílio - Parte 2,Domicílio,domicilio2,Agregados_por_setores_caracteristicas_domicilio2_BR_20250417.csv,setor,https://ftp.ibge.gov.br/Censos/Censo_Demografico_2022/Agregados_por_Setores_Censitarios/Agregados_por_Setor_csv/Agregados_por_setores_caracteristicas_domicilio2_BR_20250417.zip
V00335,V00335,"Domicílios Particulares Permanentes Ocupados, Tipo de espécie é apartamento, Destinação do esgoto do banheiro ou sanitário ou buraco para dejeções é fossa séptica ou fossa filtro não ligada à rede",Características do Domicílio - Parte 2,Domicílio,domicilio2,Agregados_por_setores_caracteristicas_domicilio2_BR_20250417.csv,setor,https://ftp.ibge.gov.br/Censos/Censo_Demografico_2022/Agregados_por_Setores_Censitarios/Agregados_por_Setor_csv/Agregados_por_setores_caracteristicas_domicilio2_BR_20250417.zip
V00336,V00336,"Domicílios Particulares Permanentes Ocupados, Tipo de espécie é apartamento, Destinação do esgoto do banheiro ou sanitário ou buraco para dejeções é fossa rudimentar ou buraco",Características do Domicílio - Parte 2,Domicílio,domicilio2,Agregados_por_setores_caracteristicas_domicilio2_BR_20250417.csv,setor,https://ftp.ibge.gov.br/Censos/Censo_Demografico_2022/Agregados_por_Setores_Censitarios/Agregados_por_Setor_csv/Agregados_por_setores_caracteristicas_domicilio2_BR_20250417.zip
V00337,V00337,"Domicílios Particulares Permanentes Ocupados, Tipo de espécie é apartamento, Destinação do esgoto do banheiro ou sanitário ou buraco para dejeções é vala",Características do Domicílio - Parte 2,Domicílio,domicilio2,Agregados_por_setores_caracteristicas_domicilio2_BR_20250417.csv,setor,https://ftp.ibge.gov.br/Censos/Censo_Demografico_2022/Agregados_por_Setores_Censitarios/Agregados_por_Setor_csv/Agregados_por_setores_caracteristicas_domicilio2_BR_20250417.zip
V00338,V00338,"Domicílios Particulares Permanentes Ocupados, Tipo de espécie é apartamento, Destinação do esgoto do banheiro ou sanitário ou buraco para dejeções é rio, lago, córrego ou mar",Características do Domicílio - Parte 2,Domicílio,domicilio2,Agregados_por_setores_caracteristicas_domicilio2_BR_20250417.csv,setor,https://ftp.ibge.gov.br/Censos/Censo_Demografico_2022/Agregados_por_Setores_Censitarios/Agregados_por_Setor_csv/Agregados_por_setores_caracteristicas_domicilio2_BR_20250417.zip
V00339,V00339,"Domicílios Particulares Permanentes Ocupados, Tipo de espécie é apartamento, Destinação do esgoto do banheiro ou sanitário ou buraco para dejeções é outra forma",Características do Domicílio - Parte 2,Domicílio,domicilio2,Agregados_por_setores_caracteristicas_domicilio2_BR_20250417.csv,setor,https://ftp.ibge.gov.br/Censos/Censo_Demografico_2022/Agregados_por_Setores_Censitarios/Agregados_por_Setor_csv/Agregados_por_setores_caracteristicas_domicilio2_BR_20250417.zip
V00340,V00340,"Domicílios Particulares Permanentes Ocupados, Tipo de espécie é apartamento, Destinação do esgoto inexistente, pois não tinham banheiro nem sanitário",Características do Domicílio - Parte 2,Domicílio,domicilio2,Agregados_por_setores_caracteristicas_domicilio2_BR_20250417.csv,setor,https://ftp.ibge.gov.br/Censos/Censo_Demografico_2022/Agregados_por_Setores_Censitarios/Agregados_por_Setor_csv/Agregados_por_setores_caracteristicas_domicilio2_BR_20250417.zip
V00341,V00341,"Domicílios Particulares Permanentes Ocupados, Destinação do esgoto do banheiro ou sanitário ou buraco para dejeções é rede geral ou pluvial, Cor ou raça da pessoa responsável pelo domicílio é branca",Características do Domicílio - Parte 2,Domicílio,domicilio2,Agregados_por_setores_caracteristicas_domicilio2_BR_20250417.csv,setor,https://ftp.ibge.gov.br/Censos/Censo_Demografico_2022/Agregados_por_Setores_Censitarios/Agregados_por_Setor_csv/Agregados_por_setores_caracteristicas_domicilio2_BR_20250417.zip
V00342,V00342,"Domicílios Particulares Permanentes Ocupados, Destinação do esgoto do banheiro ou sanitário ou buraco para dejeções é rede geral ou pluvial, Cor ou raça da pessoa responsável pelo domicílio é preta",Características do Domicílio - Parte 2,Domicílio,domicilio2,Agregados_por_setores_caracteristicas_domicilio2_BR_20250417.csv,setor,https://ftp.ibge.gov.br/Censos/Censo_Demografico_2022/Agregados_por_Setores_Censitarios/Agregados_por_Setor_csv/Agregados_por_setores_caracteristicas_domicilio2_BR_20250417.zip
V00343,V00343,"Domicílios Particulares Permanentes Ocupados, Destinação do esgoto do banheiro ou sanitário ou buraco para dejeções é rede geral ou pluvial, Cor ou raça da pessoa responsável pelo domicílio é amarela",Características do Domicílio - Parte 2,Domicílio,domicilio2,Agregados_por_setores_caracteristicas_domicilio2_BR_20250417.csv,setor,https://ftp.ibge.gov.br/Censos/Censo_Demografico_2022/Agregados_por_Setores_Censitarios/Agregados_por_Setor_csv/Agregados_por_setores_caracteristicas_domicilio2_BR_20250417.zip
V00344,V00344,"Domicílios Particulares Permanentes Ocupados, Destinação do esgoto do banheiro ou sanitário ou buraco para dejeções é rede geral ou pluvial, Cor ou raça da pessoa responsável pelo domicílio é parda",Características do Domicílio - Parte 2,Domicílio,domicilio2,Agregados_por_setores_caracteristicas_domicilio2_BR_20250417.csv,setor,https://ftp.ibge.gov.br/Censos/Censo_Demografico_2022/Agregados_por_Setores_Censitarios/Agregados_por_Setor_csv/Agregados_por_setores_caracteristicas_domicilio2_BR_20250417.zip
V00345,V00345,"Domicílios Particulares Permanentes Ocupados, Destinação do esgoto do banheiro ou sanitário ou buraco para dejeções é rede geral ou pluvial, Cor ou raça da pessoa responsável pelo domicílio é indígena",Características do Domicílio - Parte 2,Domicílio,domicilio2,Agregados_por_setores_caracteristicas_domicilio2_BR_20250417.csv,setor,https://ftp.ibge.gov.br/Censos/Censo_Demografico_2022/Agregados_por_Setores_Censitarios/Agregados_por_Setor_csv/Agregados_por_setores_caracteristicas_domicilio2_BR_20250417.zip
V00346,V00346,"Domicílios Particulares Permanentes Ocupados, Destinação do esgoto do banheiro ou sanitário ou buraco para dejeções é fossa séptica ou fossa filtro ligada à rede, Cor ou raça da pessoa responsável pelo domicílio é branca",Características do Domicílio - Parte 2,Domicílio,domicilio2,Agregados_por_setores_caracteristicas_domicilio2_BR_20250417.csv,setor,https://ftp.ibge.gov.br/Censos/Censo_Demografico_2022/Agregados_por_Setores_Censitarios/Agregados_por_Setor_csv/Agregados_por_setores_caracteristicas_domicilio2_BR_20250417.zip
V00347,V00347,"Domicílios Particulares Permanentes Ocupados, Destinação do esgoto do banheiro ou sanitário ou buraco para dejeções é fossa séptica ou fossa filtro ligada à rede, Cor ou raça da pessoa responsável pelo domicílio é preta",Características do Domicílio - Parte 2,Domicílio,domicilio2,Agregados_por_setores_caracteristicas_domicilio2_BR_20250417.csv,setor,https://ftp.ibge.gov.br/Censos/Censo_Demografico_2022/Agregados_por_Setores_Censitarios/Agregados_por_Setor_csv/Agregados_por_setores_caracteristicas_domicilio2_BR_20250417.zip
V00348,V00348,"Domicílios Particulares Permanentes Ocupados, Destinação do esgoto do banheiro ou sanitário ou buraco para dejeções é fossa séptica ou fossa filtro ligada à rede, Cor ou raça da pessoa responsável pelo domicílio é amarela",Características do Domicílio - Parte 2,Domicílio,domicilio2,Agregados_por_setores_caracteristicas_domicilio2_BR_20250417.csv,setor,https://ftp.ibge.gov.br/Censos/Censo_Demografico_2022/Agregados_por_Setores_Censitarios/Agregados_por_Setor_csv/Agregados_por_setores_caracteristicas_domicilio2_BR_20250417.zip
V00349,V00349,"Domicílios Particulares Permanentes Ocupados, Destinação do esgoto do banheiro ou sanitário ou buraco para dejeções é fossa séptica ou fossa filtro ligada à rede, Cor ou raça da pessoa responsável pelo domicílio é parda",Características do Domicílio - Parte 2,Domicílio,domicilio2,Agregados_por_setores_caracteristicas_domicilio2_BR_20250417.csv,setor,https://ftp.ibge.gov.br/Censos/Censo_Demografico_2022/Agregados_por_Setores_Censitarios/Agregados_por_Setor_csv/Agregados_por_setores_caracteristicas_domicilio2_BR_20250417.zip
V00350,V00350,"Domicílios Particulares Permanentes Ocupados, Destinação do esgoto do banheiro ou sanitário ou buraco para dejeções é fossa séptica ou fossa filtro ligada à rede, Cor ou raça da pessoa responsável pelo domicílio é indígena",Características do Domicílio - Parte 2,Domicílio,domicilio2,Agregados_por_setores_caracteristicas_domicilio2_BR_20250417.csv,setor,https://ftp.ibge.gov.br/Censos/Censo_Demografico_2022/Agregados_por_Setores_Censitarios/Agregados_por_Setor_csv/Agregados_por_setores_caracteristicas_domicilio2_BR_20250417.zip
V00351,V00351,"Domicílios Particulares Permanentes Ocupados, Destinação do esgoto do banheiro ou sanitário ou buraco para dejeções é fossa séptica ou fossa filtro não ligada à rede, Cor ou raça da pessoa responsável pelo domicílio é branca",Características do Domicílio - Parte 2,Domicílio,domicilio2,Agregados_por_setores_caracteristicas_domicilio2_BR_20250417.csv,setor,https://ftp.ibge.gov.br/Censos/Censo_Demografico_2022/Agregados_por_Setores_Censitarios/Agregados_por_Setor_csv/Agregados_por_setores_caracteristicas_domicilio2_BR_20250417.zip
V00352,V00352,"Domicílios Particulares Permanentes Ocupados, Destinação do esgoto do banheiro ou sanitário ou buraco para dejeções é fossa séptica ou fossa filtro não ligada à rede, Cor ou raça da pessoa responsável pelo domicílio é preta",Características do Domicílio - Parte 2,Domicílio,domicilio2,Agregados_por_setores_caracteristicas_domicilio2_BR_20250417.csv,setor,https://ftp.ibge.gov.br/Censos/Censo_Demografico_2022/Agregados_por_Setores_Censitarios/Agregados_por_Setor_csv/Agregados_por_setores_caracteristicas_domicilio2_BR_20250417.zip
V00353,V00353,"Domicílios Particulares Permanentes Ocupados, Destinação do esgoto do banheiro ou sanitário ou buraco para dejeções é fossa séptica ou fossa filtro não ligada à rede, Cor ou raça da pessoa responsável pelo domicílio é amarela",Características do Domicílio - Parte 2,Domicílio,domicilio2,Agregados_por_setores_caracteristicas_domicilio2_BR_20250417.csv,setor,https://ftp.ibge.gov.br/Censos/Censo_Demografico_2022/Agregados_por_Setores_Censitarios/Agregados_por_Setor_csv/Agregados_por_setores_caracteristicas_domicilio2_BR_20250417.zip
V00354,V00354,"Domicílios Particulares Permanentes Ocupados, Destinação do esgoto do banheiro ou sanitário ou buraco para dejeções é fossa séptica ou fossa filtro não ligada à rede, Cor ou raça da pessoa responsável pelo domicílio é parda",Características do Domicílio - Parte 2,Domicílio,domicilio2,Agregados_por_setores_caracteristicas_domicilio2_BR_20250417.csv,setor,https://ftp.ibge.gov.br/Censos/Censo_Demografico_2022/Agregados_por_Setores_Censitarios/Agregados_por_Setor_csv/Agregados_por_setores_caracteristicas_domicilio2_BR_20250417.zip
V00355,V00355,"Domicílios Particulares Permanentes Ocupados, Destinação do esgoto do banheiro ou sanitário ou buraco para dejeções é fossa séptica ou fossa filtro não ligada à rede, Cor ou raça da pessoa responsável pelo domicílio é indígena",Características do Domicílio - Parte 2,Domicílio,domicilio2,Agregados_por_setores_caracteristicas_domicilio2_BR_20250417.csv,setor,https://ftp.ibge.gov.br/Censos/Censo_Demografico_2022/Agregados_por_Setores_Censitarios/Agregados_por_Setor_csv/Agregados_por_setores_caracteristicas_domicilio2_BR_20250417.zip
V00356,V00356,"Domicílios Particulares Permanentes Ocupados, Destinação do esgoto do banheiro ou sanitário ou buraco para dejeções é fossa rudimentar ou buraco, Cor ou raça da pessoa responsável pelo domicílio é branca",Características do Domicílio - Parte 2,Domicílio,domicilio2,Agregados_por_setores_caracteristicas_domicilio2_BR_20250417.csv,setor,https://ftp.ibge.gov.br/Censos/Censo_Demografico_2022/Agregados_por_Setores_Censitarios/Agregados_por_Setor_csv/Agregados_por_setores_caracteristicas_domicilio2_BR_20250417.zip
V00357,V00357,"Domicílios Particulares Permanentes Ocupados, Destinação do esgoto do banheiro ou sanitário ou buraco para dejeções é fossa rudimentar ou buraco, Cor ou raça da pessoa responsável pelo domicílio é preta",Características do Domicílio - Parte 2,Domicílio,domicilio2,Agregados_por_setores_caracteristicas_domicilio2_BR_20250417.csv,setor,https://ftp.ibge.gov.br/Censos/Censo_Demografico_2022/Agregados_por_Setores_Censitarios/Agregados_por_Setor_csv/Agregados_por_setores_caracteristicas_domicilio2_BR_20250417.zip
V00358,V00358,"Domicílios Particulares Permanentes Ocupados, Destinação do esgoto do banheiro ou sanitário ou buraco para dejeções é fossa rudimentar ou buraco, Cor ou raça da pessoa responsável pelo domicílio é amarela",Características do Domicílio - Parte 2,Domicílio,domicilio2,Agregados_por_setores_caracteristicas_domicilio2_BR_20250417.csv,setor,https://ftp.ibge.gov.br/Censos/Censo_Demografico_2022/Agregados_por_Setores_Censitarios/Agregados_por_Setor_csv/Agregados_por_setores_caracteristicas_domicilio2_BR_20250417.zip
V00359,V00359,"Domicílios Particulares Permanentes Ocupados, Destinação do esgoto do banheiro ou sanitário ou buraco para dejeções é fossa rudimentar ou buraco, Cor ou raça da pessoa responsável pelo domicílio é parda",Características do Domicílio - Parte 2,Domicílio,domicilio2,Agregados_por_setores_caracteristicas_domicilio2_BR_20250417.csv,setor,https://ftp.ibge.gov.br/Censos/Censo_Demografico_2022/Agregados_por_Setores_Censitarios/Agregados_por_Setor_csv/Agregados_por_setores_caracteristicas_domicilio2_BR_20250417.zip
V00360,V00360,"Domicílios Particulares Permanentes Ocupados, Destinação do esgoto do banheiro ou sanitário ou buraco para dejeções é fossa rudimentar ou buraco, Cor ou raça da pessoa responsável pelo domicílio é indígena",Características do Domicílio - Parte 2,Domicílio,domicilio2,Agregados_por_setores_caracteristicas_domicilio2_BR_20250417.csv,setor,https://ftp.ibge.gov.br/Censos/Censo_Demografico_2022/Agregados_por_Setores_Censitarios/Agregados_por_Setor_csv/Agregados_por_setores_caracteristicas_domicilio2_BR_20250417.zip
V00361,V00361,"Domicílios Particulares Permanentes Ocupados, Destinação do esgoto do banheiro ou sanitário ou buraco para dejeções é vala, Cor ou raça da pessoa responsável pelo domicílio é branca",Características do Domicílio - Parte 2,Domicílio,domicilio2,Agregados_por_setores_caracteristicas_domicilio2_BR_20250417.csv,setor,https://ftp.ibge.gov.br/Censos/Censo_Demografico_2022/Agregados_por_Setores_Censitarios/Agregados_por_Setor_csv/Agregados_por_setores_caracteristicas_domicilio2_BR_20250417.zip
V00362,V00362,"Domicílios Particulares Permanentes Ocupados, Destinação do esgoto do banheiro ou sanitário ou buraco para dejeções é vala, Cor ou raça da pessoa responsável pelo domicílio é preta",Características do Domicílio - Parte 2,Domicílio,domicilio2,Agregados_por_setores_caracteristicas_domicilio2_BR_20250417.csv,setor,https://ftp.ibge.gov.br/Censos/Censo_Demografico_2022/Agregados_por_Setores_Censitarios/Agregados_por_Setor_csv/Agregados_por_setores_caracteristicas_domicilio2_BR_20250417.zip
V00363,V00363,"Domicílios Particulares Permanentes Ocupados, Destinação do esgoto do banheiro ou sanitário ou buraco para dejeções é vala, Cor ou raça da pessoa responsável pelo domicílio é amarela",Características do Domicílio - Parte 2,Domicílio,domicilio2,Agregados_por_setores_caracteristicas_domicilio2_BR_20250417.csv,setor,https://ftp.ibge.gov.br/Censos/Censo_Demografico_2022/Agregados_por_Setores_Censitarios/Agregados_por_Setor_csv/Agregados_por_setores_caracteristicas_domicilio2_BR_20250417.zip
V00364,V00364,"Domicílios Particulares Permanentes Ocupados, Destinação do esgoto do banheiro ou sanitário ou buraco para dejeções é vala, Cor ou raça da pessoa responsável pelo domicílio é parda",Características do Domicílio - Parte 2,Domicílio,domicilio2,Agregados_por_setores_caracteristicas_domicilio2_BR_20250417.csv,setor,https://ftp.ibge.gov.br/Censos/Censo_Demografico_2022/Agregados_por_Setores_Censitarios/Agregados_por_Setor_csv/Agregados_por_setores_caracteristicas_domicilio2_BR_20250417.zip
V00365,V00365,"Domicílios Particulares Permanentes Ocupados, Destinação do esgoto do banheiro ou sanitário ou buraco para dejeções é vala, Cor ou raça da pessoa responsável pelo domicílio é indígena",Características do Domicílio - Parte 2,Domicílio,domicilio2,Agregados_por_setores_caracteristicas_domicilio2_BR_20250417.csv,setor,https://ftp.ibge.gov.br/Censos/Censo_Demografico_2022/Agregados_por_Setores_Censitarios/Agregados_por_Setor_csv/Agregados_por_setores_caracteristicas_domicilio2_BR_20250417.zip
V00366,V00366,"Domicílios Particulares Permanentes Ocupados, Destinação do esgoto do banheiro ou sanitário ou buraco para dejeções é rio, lago, córrego ou mar, Cor ou raça da pessoa responsável pelo domicílio é branca",Características do Domicílio - Parte 2,Domicílio,domicilio2,Agregados_por_setores_caracteristicas_domicilio2_BR_20250417.csv,setor,https://ftp.ibge.gov.br/Censos/Censo_Demografico_2022/Agregados_por_Setores_Censitarios/Agregados_por_Setor_csv/Agregados_por_setores_caracteristicas_domicilio2_BR_20250417.zip
V00367,V00367,"Domicílios Particulares Permanentes Ocupados, Destinação do esgoto do banheiro ou sanitário ou buraco para dejeções é rio, lago, córrego ou mar, Cor ou raça da pessoa responsável pelo domicílio é preta",Características do Domicílio - Parte 2,Domicílio,domicilio2,Agregados_por_setores_caracteristicas_domicilio2_BR_20250417.csv,setor,https://ftp.ibge.gov.br/Censos/Censo_Demografico_2022/Agregados_por_Setores_Censitarios/Agregados_por_Setor_csv/Agregados_por_setores_caracteristicas_domicilio2_BR_20250417.zip
V00368,V00368,"Domicílios Particulares Permanentes Ocupados, Destinação do esgoto do banheiro ou sanitário ou buraco para dejeções é rio, lago, córrego ou mar, Cor ou raça da pessoa responsável pelo domicílio é amarela",Características do Domicílio - Parte 2,Domicílio,domicilio2,Agregados_por_setores_caracteristicas_domicilio2_BR_20250417.csv,setor,https://ftp.ibge.gov.br/Censos/Censo_Demografico_2022/Agregados_por_Setores_Censitarios/Agregados_por_Setor_csv/Agregados_por_setores_caracteristicas_domicilio2_BR_20250417.zip
V00369,V00369,"Domicílios Particulares Permanentes Ocupados, Destinação do esgoto do banheiro ou sanitário ou buraco para dejeções é rio, lago, córrego ou mar, Cor ou raça da pessoa responsável pelo domicílio é parda",Características do Domicílio - Parte 2,Domicílio,domicilio2,Agregados_por_setores_caracteristicas_domicilio2_BR_20250417.csv,setor,https://ftp.ibge.gov.br/Censos/Censo_Demografico_2022/Agregados_por_Setores_Censitarios/Agregados_por_Setor_csv/Agregados_por_setores_caracteristicas_domicilio2_BR_20250417.zip
V00370,V00370,"Domicílios Particulares Permanentes Ocupados, Destinação do esgoto do banheiro ou sanitário ou buraco para dejeções é rio, lago, córrego ou mar, Cor ou raça da pessoa responsável pelo domicílio é indígena",Características do Domicílio - Parte 2,Domicílio,domicilio2,Agregados_por_setores_caracteristicas_domicilio2_BR_20250417.csv,setor,https://ftp.ibge.gov.br/Censos/Censo_Demografico_2022/Agregados_por_Setores_Censitarios/Agregados_por_Setor_csv/Agregados_por_setores_caracteristicas_domicilio2_BR_20250417.zip
V00371,V00371,"Domicílios Particulares Permanentes Ocupados, Destinação do esgoto do banheiro ou sanitário ou buraco para dejeções é outra forma, Cor ou raça da pessoa responsável pelo domicílio é branca",Características do Domicílio - Parte 2,Domicílio,domicilio2,Agregados_por_setores_caracteristicas_domicilio2_BR_20250417.csv,setor,https://ftp.ibge.gov.br/Censos/Censo_Demografico_2022/Agregados_por_Setores_Censitarios/Agregados_por_Setor_csv/Agregados_por_setores_caracteristicas_domicilio2_BR_20250417.zip
V00372,V00372,"Domicílios Particulares Permanentes Ocupados, Destinação do esgoto do banheiro ou sanitário ou buraco para dejeções é outra forma, Cor ou raça da pessoa responsável pelo domicílio é preta",Características do Domicílio - Parte 2,Domicílio,domicilio2,Agregados_por_setores_caracteristicas_domicilio2_BR_20250417.csv,setor,https://ftp.ibge.gov.br/Censos/Censo_Demografico_2022/Agregados_por_Setores_Censitarios/Agregados_por_Setor_csv/Agregados_por_setores_caracteristicas_domicilio2_BR_20250417.zip
V00373,V00373,"Domicílios Particulares Permanentes Ocupados, Destinação do esgoto do banheiro ou sanitário ou buraco para dejeções é outra forma, Cor ou raça da pessoa responsável pelo domicílio é amarela",Características do Domicílio - Parte 2,Domicílio,domicilio2,Agregados_por_setores_caracteristicas_domicilio2_BR_20250417.csv,setor,https://ftp.ibge.gov.br/Censos/Censo_Demografico_2022/Agregados_por_Setores_Censitarios/Agregados_por_Setor_csv/Agregados_por_setores_caracteristicas_domicilio2_BR_20250417.zip
V00374,V00374,"Domicílios Particulares Permanentes Ocupados, Destinação do esgoto do banheiro ou sanitário ou buraco para dejeções é outra forma, Cor ou raça da pessoa responsável pelo domicílio é parda",Características do Domicílio - Parte 2,Domicílio,domicilio2,Agregados_por_setores_caracteristicas_domicilio2_BR_20250417.csv,setor,https://ftp.ibge.gov.br/Censos/Censo_Demografico_2022/Agregados_por_Setores_Censitarios/Agregados_por_Setor_csv/Agregados_por_setores_caracteristicas_domicilio2_BR_20250417.zip
V00375,V00375,"Domicílios Particulares Permanentes Ocupados, Destinação do esgoto do banheiro ou sanitário ou buraco para dejeções é outra forma, Cor ou raça da pessoa responsável pelo domicílio é indígena",Características do Domicílio - Parte 2,Domicílio,domicilio2,Agregados_por_setores_caracteristicas_domicilio2_BR_20250417.csv,setor,https://ftp.ibge.gov.br/Censos/Censo_Demografico_2022/Agregados_por_Setores_Censitarios/Agregados_por_Setor_csv/Agregados_por_setores_caracteristicas_domicilio2_BR_20250417.zip
V00376,V00376,"Domicílios Particulares Permanentes Ocupados, Destinação do esgoto inexistente, pois não tinham banheiro nem sanitário, Cor ou raça da pessoa responsável pelo domicílio é branca",Características do Domicílio - Parte 2,Domicílio,domicilio2,Agregados_por_setores_caracteristicas_domicilio2_BR_20250417.csv,setor,https://ftp.ibge.gov.br/Censos/Censo_Demografico_2022/Agregados_por_Setores_Censitarios/Agregados_por_Setor_csv/Agregados_por_setores_caracteristicas_domicilio2_BR_20250417.zip
V00377,V00377,"Domicílios Particulares Permanentes Ocupados, Destinação do esgoto inexistente, pois não tinham banheiro nem sanitário, Cor ou raça da pessoa responsável pelo domicílio é preta",Características do Domicílio - Parte 2,Domicílio,domicilio2,Agregados_por_setores_caracteristicas_domicilio2_BR_20250417.csv,setor,https://ftp.ibge.gov.br/Censos/Censo_Demografico_2022/Agregados_por_Setores_Censitarios/Agregados_por_Setor_csv/Agregados_por_setores_caracteristicas_domicilio2_BR_20250417.zip
V00378,V00378,"Domicílios Particulares Permanentes Ocupados, Destinação do esgoto inexistente, pois não tinham banheiro nem sanitário, Cor ou raça da pessoa responsável pelo domicílio é amarela",Características do Domicílio - Parte 2,Domicílio,domicilio2,Agregados_por_setores_caracteristicas_domicilio2_BR_20250417.csv,setor,https://ftp.ibge.gov.br/Censos/Censo_Demografico_2022/Agregados_por_Setores_Censitarios/Agregados_por_Setor_csv/Agregados_por_setores_caracteristicas_domicilio2_BR_20250417.zip
V00379,V00379,"Domicílios Particulares Permanentes Ocupados, Destinação do esgoto inexistente, pois não tinham banheiro nem sanitário, Cor ou raça da pessoa responsável pelo domicílio é parda",Características do Domicílio - Parte 2,Domicílio,domicilio2,Agregados_por_setores_caracteristicas_domicilio2_BR_20250417.csv,setor,https://ftp.ibge.gov.br/Censos/Censo_Demografico_2022/Agregados_por_Setores_Censitarios/Agregados_por_Setor_csv/Agregados_por_setores_caracteristicas_domicilio2_BR_20250417.zip
V00380,V00380,"Domicílios Particulares Permanentes Ocupados, Destinação do esgoto inexistente, pois não tinham banheiro nem sanitário, Cor ou raça da pessoa responsável pelo domicílio é indígena",Características do Domicílio - Parte 2,Domicílio,domicilio2,Agregados_por_setores_caracteristicas_domicilio2_BR_20250417.csv,setor,https://ftp.ibge.gov.br/Censos/Censo_Demografico_2022/Agregados_por_Setores_Censitarios/Agregados_por_Setor_csv/Agregados_por_setores_caracteristicas_domicilio2_BR_20250417.zip
V00381,V00381,"Domicílios Particulares Permanentes Ocupados, Destinação do esgoto do banheiro ou sanitário ou buraco para dejeções é rede geral ou pluvial, Sexo da pessoa responsável pelo domicílio é masculino",Características do Domicílio - Parte 2,Domicílio,domicilio2,Agregados_por_setores_caracteristicas_domicilio2_BR_20250417.csv,setor,https://ftp.ibge.gov.br/Censos/Censo_Demografico_2022/Agregados_por_Setores_Censitarios/Agregados_por_Setor_csv/Agregados_por_setores_caracteristicas_domicilio2_BR_20250417.zip
V00382,V00382,"Domicílios Particulares Permanentes Ocupados, Destinação do esgoto do banheiro ou sanitário ou buraco para dejeções é rede geral ou pluvial, Sexo da pessoa responsável pelo domicílio é feminino",Características do Domicílio - Parte 2,Domicílio,domicilio2,Agregados_por_setores_caracteristicas_domicilio2_BR_20250417.csv,setor,https://ftp.ibge.gov.br/Censos/Censo_Demografico_2022/Agregados_por_Setores_Censitarios/Agregados_por_Setor_csv/Agregados_por_setores_caracteristicas_domicilio2_BR_20250417.zip
V00383,V00383,"Domicílios Particulares Permanentes Ocupados, Destinação do esgoto do banheiro ou sanitário ou buraco para dejeções é fossa séptica ou fossa filtro ligada à rede, Sexo da pessoa responsável pelo domicílio é masculino",Características do Domicílio - Parte 2,Domicílio,domicilio2,Agregados_por_setores_caracteristicas_domicilio2_BR_20250417.csv,setor,https://ftp.ibge.gov.br/Censos/Censo_Demografico_2022/Agregados_por_Setores_Censitarios/Agregados_por_Setor_csv/Agregados_por_setores_caracteristicas_domicilio2_BR_20250417.zip
V00384,V00384,"Domicílios Particulares Permanentes Ocupados, Destinação do esgoto do banheiro ou sanitário ou buraco para dejeções é fossa séptica ou fossa filtro ligada à rede, Sexo da pessoa responsável pelo domicílio é feminino",Características do Domicílio - Parte 2,Domicílio,domicilio2,Agregados_por_setores_caracteristicas_domicilio2_BR_20250417.csv,setor,https://ftp.ibge.gov.br/Censos/Censo_Demografico_2022/Agregados_por_Setores_Censitarios/Agregados_por_Setor_csv/Agregados_por_setores_caracteristicas_domicilio2_BR_20250417.zip
V00385,V00385,"Domicílios Particulares Permanentes Ocupados, Destinação do esgoto do banheiro ou sanitário ou buraco para dejeções é fossa séptica ou fossa filtro não ligada à rede, Sexo da pessoa responsável pelo domicílio é masculino",Características do Domicílio - Parte 2,Domicílio,domicilio2,Agregados_por_setores_caracteristicas_domicilio2_BR_20250417.csv,setor,https://ftp.ibge.gov.br/Censos/Censo_Demografico_2022/Agregados_por_Setores_Censitarios/Agregados_por_Setor_csv/Agregados_por_setores_caracteristicas_domicilio2_BR_20250417.zip
V00386,V00386,"Domicílios Particulares Permanentes Ocupados, Destinação do esgoto do banheiro ou sanitário ou buraco para dejeções é fossa séptica ou fossa filtro não ligada à rede, Sexo da pessoa responsável pelo domicílio é feminino",Características do Domicílio - Parte 2,Domicílio,domicilio2,Agregados_por_setores_caracteristicas_domicilio2_BR_20250417.csv,setor,https://ftp.ibge.gov.br/Censos/Censo_Demografico_2022/Agregados_por_Setores_Censitarios/Agregados_por_Setor_csv/Agregados_por_setores_caracteristicas_domicilio2_BR_20250417.zip
V00387,V00387,"Domicílios Particulares Permanentes Ocupados, Destinação do esgoto do banheiro ou sanitário ou buraco para dejeções é fossa rudimentar ou buraco, Sexo da pessoa responsável pelo domicílio é masculino",Características do Domicílio - Parte 2,Domicílio,domicilio2,Agregados_por_setores_caracteristicas_domicilio2_BR_20250417.csv,setor,https://ftp.ibge.gov.br/Censos/Censo_Demografico_2022/Agregados_por_Setores_Censitarios/Agregados_por_Setor_csv/Agregados_por_setores_caracteristicas_domicilio2_BR_20250417.zip
V00388,V00388,"Domicílios Particulares Permanentes Ocupados, Destinação do esgoto do banheiro ou sanitário ou buraco para dejeções é fossa rudimentar ou buraco, Sexo da pessoa responsável pelo domicílio é feminino",Características do Domicílio - Parte 2,Domicílio,domicilio2,Agregados_por_setores_caracteristicas_domicilio2_BR_20250417.csv,setor,https://ftp.ibge.gov.br/Censos/Censo_Demografico_2022/Agregados_por_Setores_Censitarios/Agregados_por_Setor_csv/Agregados_por_setores_caracteristicas_domicilio2_BR_20250417.zip
V00389,V00389,"Domicílios Particulares Permanentes Ocupados, Destinação do esgoto do banheiro ou sanitário ou buraco para dejeções é vala, Sexo da pessoa responsável pelo domicílio é masculino",Características do Domicílio - Parte 2,Domicílio,domicilio2,Agregados_por_setores_caracteristicas_domicilio2_BR_20250417.csv,setor,https://ftp.ibge.gov.br/Censos/Censo_Demografico_2022/Agregados_por_Setores_Censitarios/Agregados_por_Setor_csv/Agregados_por_setores_caracteristicas_domicilio2_BR_20250417.zip
V00390,V00390,"Domicílios Particulares Permanentes Ocupados, Destinação do esgoto do banheiro ou sanitário ou buraco para dejeções é vala, Sexo da pessoa responsável pelo domicílio é feminino",Características do Domicílio - Parte 2,Domicílio,domicilio2,Agregados_por_setores_caracteristicas_domicilio2_BR_20250417.csv,setor,https://ftp.ibge.gov.br/Censos/Censo_Demografico_2022/Agregados_por_Setores_Censitarios/Agregados_por_Setor_csv/Agregados_por_setores_caracteristicas_domicilio2_BR_20250417.zip
V00391,V00391,"Domicílios Particulares Permanentes Ocupados, Destinação do esgoto do banheiro ou sanitário ou buraco para dejeções é rio, lago, córrego ou mar, Sexo da pessoa responsável pelo domicílio é masculino",Características do Domicílio - Parte 2,Domicílio,domicilio2,Agregados_por_setores_caracteristicas_domicilio2_BR_20250417.csv,setor,https://ftp.ibge.gov.br/Censos/Censo_Demografico_2022/Agregados_por_Setores_Censitarios/Agregados_por_Setor_csv/Agregados_por_setores_caracteristicas_domicilio2_BR_20250417.zip
V00392,V00392,"Domicílios Particulares Permanentes Ocupados, Destinação do esgoto do banheiro ou sanitário ou buraco para dejeções é rio, lago, córrego ou mar, Sexo da pessoa responsável pelo domicílio é feminino",Características do Domicílio - Parte 2,Domicílio,domicilio2,Agregados_por_setores_caracteristicas_domicilio2_BR_20250417.csv,setor,https://ftp.ibge.gov.br/Censos/Censo_Demografico_2022/Agregados_por_Setores_Censitarios/Agregados_por_Setor_csv/Agregados_por_setores_caracteristicas_domicilio2_BR_20250417.zip
V00393,V00393,"Domicílios Particulares Permanentes Ocupados, Destinação do esgoto do banheiro ou sanitário ou buraco para dejeções é outra forma, Sexo da pessoa responsável pelo domicílio é masculino",Características do Domicílio - Parte 2,Domicílio,domicilio2,Agregados_por_setores_caracteristicas_domicilio2_BR_20250417.csv,setor,https://ftp.ibge.gov.br/Censos/Censo_Demografico_2022/Agregados_por_Setores_Censitarios/Agregados_por_Setor_csv/Agregados_por_setores_caracteristicas_domicilio2_BR_20250417.zip
V00394,V00394,"Domicílios Particulares Permanentes Ocupados, Destinação do esgoto do banheiro ou sanitário ou buraco para dejeções é outra forma, Sexo da pessoa responsável pelo domicílio é feminino",Características do Domicílio - Parte 2,Domicílio,domicilio2,Agregados_por_setores_caracteristicas_domicilio2_BR_20250417.csv,setor,https://ftp.ibge.gov.br/Censos/Censo_Demografico_2022/Agregados_por_Setores_Censitarios/Agregados_por_Setor_csv/Agregados_por_setores_caracteristicas_domicilio2_BR_20250417.zip
V00395,V00395,"Domicílios Particulares Permanentes Ocupados, Destinação do esgoto inexistente, pois não tinham banheiro nem sanitário, Sexo da pessoa responsável pelo domicílio é masculino",Características do Domicílio - Parte 2,Domicílio,domicilio2,Agregados_por_setores_caracteristicas_domicilio2_BR_20250417.csv,setor,https://ftp.ibge.gov.br/Censos/Censo_Demografico_2022/Agregados_por_Setores_Censitarios/Agregados_por_Setor_csv/Agregados_por_setores_caracteristicas_domicilio2_BR_20250417.zip
V00396,V00396,"Domicílios Particulares Permanentes Ocupados, Destinação do esgoto inexistente, pois não tinham banheiro nem sanitário, Sexo da pessoa responsável pelo domicílio é feminino",Características do Domicílio - Parte 2,Domicílio,domicilio2,Agregados_por_setores_caracteristicas_domicilio2_BR_20250417.csv,setor,https://ftp.ibge.gov.br/Censos/Censo_Demografico_2022/Agregados_por_Setores_Censitarios/Agregados_por_Setor_csv/Agregados_por_setores_caracteristicas_domicilio2_BR_20250417.zip
V00397,V00397,"Domicílios Particulares Permanentes Ocupados, Lixo coletado no domicílio por serviço de limpeza",Características do Domicílio - Parte 2,Domicílio,domicilio2,Agregados_por_setores_caracteristicas_domicilio2_BR_20250417.csv,setor,https://ftp.ibge.gov.br/Censos/Censo_Demografico_2022/Agregados_por_Setores_Censitarios/Agregados_por_Setor_csv/Agregados_por_setores_caracteristicas_domicilio2_BR_20250417.zip
V00398,V00398,"Domicílios Particulares Permanentes Ocupados, Lixo depositado em caçamba de serviço de limpeza",Características do Domicílio - Parte 2,Domicílio,domicilio2,Agregados_por_setores_caracteristicas_domicilio2_BR_20250417.csv,setor,https://ftp.ibge.gov.br/Censos/Censo_Demografico_2022/Agregados_por_Setores_Censitarios/Agregados_por_Setor_csv/Agregados_por_setores_caracteristicas_domicilio2_BR_20250417.zip
V00399,V00399,"Domicílios Particulares Permanentes Ocupados, Lixo queimado na propriedade",Características do Domicílio - Parte 2,Domicílio,domicilio2,Agregados_por_setores_caracteristicas_domicilio2_BR_20250417.csv,setor,https://ftp.ibge.gov.br/Censos/Censo_Demografico_2022/Agregados_por_Setores_Censitarios/Agregados_por_Setor_csv/Agregados_por_setores_caracteristicas_domicilio2_BR_20250417.zip
V00400,V00400,"Domicílios Particulares Permanentes Ocupados, Lixo enterrado na propriedade",Características do Domicílio - Parte 2,Domicílio,domicilio2,Agregados_por_setores_caracteristicas_domicilio2_BR_20250417.csv,setor,https://ftp.ibge.gov.br/Censos/Censo_Demografico_2022/Agregados_por_Setores_Censitarios/Agregados_por_Setor_csv/Agregados_por_setores_caracteristicas_domicilio2_BR_20250417.zip
V00401,V00401,"Domicílios Particulares Permanentes Ocupados, Lixo jogado em terreno baldio, encosta ou área pública",Características do Domicílio - Parte 2,Domicílio,domicilio2,Agregados_por_setores_caracteristicas_domicilio2_BR_20250417.csv,setor,https://ftp.ibge.gov.br/Censos/Censo_Demografico_2022/Agregados_por_Setores_Censitarios/Agregados_por_Setor_csv/Agregados_por_setores_caracteristicas_domicilio2_BR_20250417.zip
V00402,V00402,"Domicílios Particulares Permanentes Ocupados, Outro destino do lixo",Características do Domicílio - Parte 2,Domicílio,domicilio2,Agregados_por_setores_caracteristicas_domicilio2_BR_20250417.csv,setor,https://ftp.ibge.gov.br/Censos/Censo_Demografico_2022/Agregados_por_Setores_Censitarios/Agregados_por_Setor_csv/Agregados_por_setores_caracteristicas_domicilio2_BR_20250417.zip
V00403,V00403,"Domicílios Particulares Permanentes Ocupados, Tipo de espécie é casa, Lixo coletado no domicílio por serviço de limpeza",Características do Domicílio - Parte 2,Domicílio,domicilio2,Agregados_por_setores_caracteristicas_domicilio2_BR_20250417.csv,setor,https://ftp.ibge.gov.br/Censos/Censo_Demografico_2022/Agregados_por_Setores_Censitarios/Agregados_por_Setor_csv/Agregados_por_setores_caracteristicas_domicilio2_BR_20250417.zip
V00404,V00404,"Domicílios Particulares Permanentes Ocupados, Tipo de espécie é casa, Lixo depositado em caçamba de serviço de limpeza",Características do Domicílio - Parte 2,Domicílio,domicilio2,Agregados_por_setores_caracteristicas_domicilio2_BR_20250417.csv,setor,https://ftp.ibge.gov.br/Censos/Censo_Demografico_2022/Agregados_por_Setores_Censitarios/Agregados_por_Setor_csv/Agregados_por_setores_caracteristicas_domicilio2_BR_20250417.zip
V00405,V00405,"Domicílios Particulares Permanentes Ocupados, Tipo de espécie é casa, Lixo queimado na propriedade",Características do Domicílio - Parte 2,Domicílio,domicilio2,Agregados_por_setores_caracteristicas_domicilio2_BR_20250417.csv,setor,https://ftp.ibge.gov.br/Censos/Censo_Demografico_2022/Agregados_por_Setores_Censitarios/Agregados_por_Setor_csv/Agregados_por_setores_caracteristicas_domicilio2_BR_20250417.zip
V00406,V00406,"Domicílios Particulares Permanentes Ocupados, Tipo de espécie é casa, Lixo enterrado na propriedade",Características do Domicílio - Parte 2,Domicílio,domicilio2,Agregados_por_setores_caracteristicas_domicilio2_BR_20250417.csv,setor,https://ftp.ibge.gov.br/Censos/Censo_Demografico_2022/Agregados_por_Setores_Censitarios/Agregados_por_Setor_csv/Agregados_por_setores_caracteristicas_domicilio2_BR_20250417.zip
V00407,V00407,"Domicílios Particulares Permanentes Ocupados, Tipo de espécie é casa, Lixo jogado em terreno baldio, encosta ou área pública",Características do Domicílio - Parte 2,Domicílio,domicilio2,Agregados_por_setores_caracteristicas_domicilio2_BR_20250417.csv,setor,https://ftp.ibge.gov.br/Censos/Censo_Demografico_2022/Agregados_por_Setores_Censitarios/Agregados_por_Setor_csv/Agregados_por_setores_caracteristicas_domicilio2_BR_20250417.zip
V00408,V00408,"Domicílios Particulares Permanentes Ocupados, Tipo de espécie é casa, Outro destino do lixo",Características do Domicílio - Parte 2,Domicílio,domicilio2,Agregados_por_setores_caracteristicas_domicilio2_BR_20250417.csv,setor,https://ftp.ibge.gov.br/Censos/Censo_Demografico_2022/Agregados_por_Setores_Censitarios/Agregados_por_Setor_csv/Agregados_por_setores_caracteristicas_domicilio2_BR_20250417.zip
V00409,V00409,"Domicílios Particulares Permanentes Ocupados, Tipo de espécie é casa de vila ou em condomínio, Lixo coletado no domicílio por serviço de limpeza",Características do Domicílio - Parte 2,Domicílio,domicilio2,Agregados_por_setores_caracteristicas_domicilio2_BR_20250417.csv,setor,https://ftp.ibge.gov.br/Censos/Censo_Demografico_2022/Agregados_por_Setores_Censitarios/Agregados_por_Setor_csv/Agregados_por_setores_caracteristicas_domicilio2_BR_20250417.zip
V00410,V00410,"Domicílios Particulares Permanentes Ocupados, Tipo de espécie é casa de vila ou em condomínio, Lixo depositado em caçamba de serviço de limpeza",Características do Domicílio - Parte 2,Domicílio,domicilio2,Agregados_por_setores_caracteristicas_domicilio2_BR_20250417.csv,setor,https://ftp.ibge.gov.br/Censos/Censo_Demografico_2022/Agregados_por_Setores_Censitarios/Agregados_por_Setor_csv/Agregados_por_setores_caracteristicas_domicilio2_BR_20250417.zip
V00411,V00411,"Domicílios Particulares Permanentes Ocupados, Tipo de espécie é casa de vila ou em condomínio, Lixo queimado na propriedade",Características do Domicílio - Parte 2,Domicílio,domicilio2,Agregados_por_setores_caracteristicas_domicilio2_BR_20250417.csv,setor,https://ftp.ibge.gov.br/Censos/Censo_Demografico_2022/Agregados_por_Setores_Censitarios/Agregados_por_Setor_csv/Agregados_por_setores_caracteristicas_domicilio2_BR_20250417.zip
V00412,V00412,"Domicílios Particulares Permanentes Ocupados, Tipo de espécie é casa de vila ou em condomínio, Lixo enterrado na propriedade",Características do Domicílio - Parte 2,Domicílio,domicilio2,Agregados_por_setores_caracteristicas_domicilio2_BR_20250417.csv,setor,https://ftp.ibge.gov.br/Censos/Censo_Demografico_2022/Agregados_por_Setores_Censitarios/Agregados_por_Setor_csv/Agregados_por_setores_caracteristicas_domicilio2_BR_20250417.zip
V00413,V00413,"Domicílios Particulares Permanentes Ocupados, Tipo de espécie é casa de vila ou em condomínio, Lixo jogado em terreno baldio, encosta ou área pública",Características do Domicílio - Parte 2,Domicílio,domicilio2,Agregados_por_setores_caracteristicas_domicilio2_BR_20250417.csv,setor,https://ftp.ibge.gov.br/Censos/Censo_Demografico_2022/Agregados_por_Setores_Censitarios/Agregados_por_Setor_csv/Agregados_por_setores_caracteristicas_domicilio2_BR_20250417.zip
V00414,V00414,"Domicílios Particulares Permanentes Ocupados, Tipo de espécie é casa de vila ou em condomínio, Outro destino do lixo",Características do Domicílio - Parte 2,Domicílio,domicilio2,Agregados_por_setores_caracteristicas_domicilio2_BR_20250417.csv,setor,https://ftp.ibge.gov.br/Censos/Censo_Demografico_2022/Agregados_por_Setores_Censitarios/Agregados_por_Setor_csv/Agregados_por_setores_caracteristicas_domicilio2_BR_20250417.zip
V00415,V00415,"Domicílios Particulares Permanentes Ocupados, Tipo de espécie é apartamento, Lixo coletado no domicílio por serviço de limpeza",Características do Domicílio - Parte 2,Domicílio,domicilio2,Agregados_por_setores_caracteristicas_domicilio2_BR_20250417.csv,setor,https://ftp.ibge.gov.br/Censos/Censo_Demografico_2022/Agregados_por_Setores_Censitarios/Agregados_por_Setor_csv/Agregados_por_setores_caracteristicas_domicilio2_BR_20250417.zip
V00416,V00416,"Domicílios Particulares Permanentes Ocupados, Tipo de espécie é apartamento, Lixo depositado em caçamba de serviço de limpeza",Características do Domicílio - Parte 2,Domicílio,domicilio2,Agregados_por_setores_caracteristicas_domicilio2_BR_20250417.csv,setor,https://ftp.ibge.gov.br/Censos/Censo_Demografico_2022/Agregados_por_Setores_Censitarios/Agregados_por_Setor_csv/Agregados_por_setores_caracteristicas_domicilio2_BR_20250417.zip
V00417,V00417,"Domicílios Particulares Permanentes Ocupados, Tipo de espécie é apartamento, Lixo queimado na propriedade",Características do Domicílio - Parte 2,Domicílio,domicilio2,Agregados_por_setores_caracteristicas_domicilio2_BR_20250417.csv,setor,https://ftp.ibge.gov.br/Censos/Censo_Demografico_2022/Agregados_por_Setores_Censitarios/Agregados_por_Setor_csv/Agregados_por_setores_caracteristicas_domicilio2_BR_20250417.zip
V00418,V00418,"Domicílios Particulares Permanentes Ocupados, Tipo de espécie é apartamento, Lixo enterrado na propriedade",Características do Domicílio - Parte 2,Domicílio,domicilio2,Agregados_por_setores_caracteristicas_domicilio2_BR_20250417.csv,setor,https://ftp.ibge.gov.br/Censos/Censo_Demografico_2022/Agregados_por_Setores_Censitarios/Agregados_por_Setor_csv/Agregados_por_setores_caracteristicas_domicilio2_BR_20250417.zip
V00419,V00419,"Domicílios Particulares Permanentes Ocupados, Tipo de espécie é apartamento, Lixo jogado em terreno baldio, encosta ou área pública",Características do Domicílio - Parte 2,Domicílio,domicilio2,Agregados_por_setores_caracteristicas_domicilio2_BR_20250417.csv,setor,https://ftp.ibge.gov.br/Censos/Censo_Demografico_2022/Agregados_por_Setores_Censitarios/Agregados_por_Setor_csv/Agregados_por_setores_caracteristicas_domicilio2_BR_20250417.zip
V00420,V00420,"Domicílios Particulares Permanentes Ocupados, Tipo de espécie é apartamento, Outro destino do lixo",Características do Domicílio - Parte 2,Domicílio,domicilio2,Agregados_por_setores_caracteristicas_domicilio2_BR_20250417.csv,setor,https://ftp.ibge.gov.br/Censos/Censo_Demografico_2022/Agregados_por_Setores_Censitarios/Agregados_por_Setor_csv/Agregados_por_setores_caracteristicas_domicilio2_BR_20250417.zip
V00421,V00421,"Domicílios Particulares Permanentes Ocupados, Lixo coletado no domicílio por serviço de limpeza, Cor ou raça da pessoa responsável pelo domicílio é branca",Características do Domicílio - Parte 2,Domicílio,domicilio2,Agregados_por_setores_caracteristicas_domicilio2_BR_20250417.csv,setor,https://ftp.ibge.gov.br/Censos/Censo_Demografico_2022/Agregados_por_Setores_Censitarios/Agregados_por_Setor_csv/Agregados_por_setores_caracteristicas_domicilio2_BR_20250417.zip
V00422,V00422,"Domicílios Particulares Permanentes Ocupados, Lixo coletado no domicílio por serviço de limpeza, Cor ou raça da pessoa responsável pelo domicílio é preta",Características do Domicílio - Parte 2,Domicílio,domicilio2,Agregados_por_setores_caracteristicas_domicilio2_BR_20250417.csv,setor,https://ftp.ibge.gov.br/Censos/Censo_Demografico_2022/Agregados_por_Setores_Censitarios/Agregados_por_Setor_csv/Agregados_por_setores_caracteristicas_domicilio2_BR_20250417.zip
V00423,V00423,"Domicílios Particulares Permanentes Ocupados, Lixo coletado no domicílio por serviço de limpeza, Cor ou raça da pessoa responsável pelo domicílio é amarela",Características do Domicílio - Parte 2,Domicílio,domicilio2,Agregados_por_setores_caracteristicas_domicilio2_BR_20250417.csv,setor,https://ftp.ibge.gov.br/Censos/Censo_Demografico_2022/Agregados_por_Setores_Censitarios/Agregados_por_Setor_csv/Agregados_por_setores_caracteristicas_domicilio2_BR_20250417.zip
V00424,V00424,"Domicílios Particulares Permanentes Ocupados, Lixo coletado no domicílio por serviço de limpeza, Cor ou raça da pessoa responsável pelo domicílio é parda",Características do Domicílio - Parte 2,Domicílio,domicilio2,Agregados_por_setores_caracteristicas_domicilio2_BR_20250417.csv,setor,https://ftp.ibge.gov.br/Censos/Censo_Demografico_2022/Agregados_por_Setores_Censitarios/Agregados_por_Setor_csv/Agregados_por_setores_caracteristicas_domicilio2_BR_20250417.zip
V00425,V00425,"Domicílios Particulares Permanentes Ocupados, Lixo coletado no domicílio por serviço de limpeza, Cor ou raça da pessoa responsável pelo domicílio é indígena",Características do Domicílio - Parte 2,Domicílio,domicilio2,Agregados_por_setores_caracteristicas_domicilio2_BR_20250417.csv,setor,https://ftp.ibge.gov.br/Censos/Censo_Demografico_2022/Agregados_por_Setores_Censitarios/Agregados_por_Setor_csv/Agregados_por_setores_caracteristicas_domicilio2_BR_20250417.zip
V00426,V00426,"Domicílios Particulares Permanentes Ocupados, Lixo depositado em caçamba de serviço de limpeza, Cor ou raça da pessoa responsável pelo domicílio é branca",Características do Domicílio - Parte 2,Domicílio,domicilio2,Agregados_por_setores_caracteristicas_domicilio2_BR_20250417.csv,setor,https://ftp.ibge.gov.br/Censos/Censo_Demografico_2022/Agregados_por_Setores_Censitarios/Agregados_por_Setor_csv/Agregados_por_setores_caracteristicas_domicilio2_BR_20250417.zip
V00427,V00427,"Domicílios Particulares Permanentes Ocupados, Lixo depositado em caçamba de serviço de limpeza, Cor ou raça da pessoa responsável pelo domicílio é preta",Características do Domicílio - Parte 2,Domicílio,domicilio2,Agregados_por_setores_caracteristicas_domicilio2_BR_20250417.csv,setor,https://ftp.ibge.gov.br/Censos/Censo_Demografico_2022/Agregados_por_Setores_Censitarios/Agregados_por_Setor_csv/Agregados_por_setores_caracteristicas_domicilio2_BR_20250417.zip
V00428,V00428,"Domicílios Particulares Permanentes Ocupados, Lixo depositado em caçamba de serviço de limpeza, Cor ou raça da pessoa responsável pelo domicílio é amarela",Características do Domicílio - Parte 2,Domicílio,domicilio2,Agregados_por_setores_caracteristicas_domicilio2_BR_20250417.csv,setor,https://ftp.ibge.gov.br/Censos/Censo_Demografico_2022/Agregados_por_Setores_Censitarios/Agregados_por_Setor_csv/Agregados_por_setores_caracteristicas_domicilio2_BR_20250417.zip
V00429,V00429,"Domicílios Particulares Permanentes Ocupados, Lixo depositado em caçamba de serviço de limpeza, Cor ou raça da pessoa responsável pelo domicílio é parda",Características do Domicílio - Parte 2,Domicílio,domicilio2,Agregados_por_setores_caracteristicas_domicilio2_BR_20250417.csv,setor,https://ftp.ibge.gov.br/Censos/Censo_Demografico_2022/Agregados_por_Setores_Censitarios/Agregados_por_Setor_csv/Agregados_por_setores_caracteristicas_domicilio2_BR_20250417.zip
V00430,V00430,"Domicílios Particulares Permanentes Ocupados, Lixo depositado em caçamba de serviço de limpeza, Cor ou raça da pessoa responsável pelo domicílio é indígena",Características do Domicílio - Parte 2,Domicílio,domicilio2,Agregados_por_setores_caracteristicas_domicilio2_BR_20250417.csv,setor,https://ftp.ibge.gov.br/Censos/Censo_Demografico_2022/Agregados_por_Setores_Censitarios/Agregados_por_Setor_csv/Agregados_por_setores_caracteristicas_domicilio2_BR_20250417.zip
V00431,V00431,"Domicílios Particulares Permanentes Ocupados, Lixo queimado na propriedade, Cor ou raça da pessoa responsável pelo domicílio é branca",Características do Domicílio - Parte 2,Domicílio,domicilio2,Agregados_por_setores_caracteristicas_domicilio2_BR_20250417.csv,setor,https://ftp.ibge.gov.br/Censos/Censo_Demografico_2022/Agregados_por_Setores_Censitarios/Agregados_por_Setor_csv/Agregados_por_setores_caracteristicas_domicilio2_BR_20250417.zip
V00432,V00432,"Domicílios Particulares Permanentes Ocupados, Lixo queimado na propriedade, Cor ou raça da pessoa responsável pelo domicílio é preta",Características do Domicílio - Parte 2,Domicílio,domicilio2,Agregados_por_setores_caracteristicas_domicilio2_BR_20250417.csv,setor,https://ftp.ibge.gov.br/Censos/Censo_Demografico_2022/Agregados_por_Setores_Censitarios/Agregados_por_Setor_csv/Agregados_por_setores_caracteristicas_domicilio2_BR_20250417.zip
V00433,V00433,"Domicílios Particulares Permanentes Ocupados, Lixo queimado na propriedade, Cor ou raça da pessoa responsável pelo domicílio é amarela",Características do Domicílio - Parte 2,Domicílio,domicilio2,Agregados_por_setores_caracteristicas_domicilio2_BR_20250417.csv,setor,https://ftp.ibge.gov.br/Censos/Censo_Demografico_2022/Agregados_por_Setores_Censitarios/Agregados_por_Setor_csv/Agregados_por_setores_caracteristicas_domicilio2_BR_20250417.zip
V00434,V00434,"Domicílios Particulares Permanentes Ocupados, Lixo queimado na propriedade, Cor ou raça da pessoa responsável pelo domicílio é parda",Características do Domicílio - Parte 2,Domicílio,domicilio2,Agregados_por_setores_caracteristicas_domicilio2_BR_20250417.csv,setor,https://ftp.ibge.gov.br/Censos/Censo_Demografico_2022/Agregados_por_Setores_Censitarios/Agregados_por_Setor_csv/Agregados_por_setores_caracteristicas_domicilio2_BR_20250417.zip
V00435,V00435,"Domicílios Particulares Permanentes Ocupados, Lixo queimado na propriedade, Cor ou raça da pessoa responsável pelo domicílio é indígena",Características do Domicílio - Parte 2,Domicílio,domicilio2,Agregados_por_setores_caracteristicas_domicilio2_BR_20250417.csv,setor,https://ftp.ibge.gov.br/Censos/Censo_Demografico_2022/Agregados_por_Setores_Censitarios/Agregados_por_Setor_csv/Agregados_por_setores_caracteristicas_domicilio2_BR_20250417.zip
V00436,V00436,"Domicílios Particulares Permanentes Ocupados, Lixo enterrado na propriedade, Cor ou raça da pessoa responsável pelo domicílio é branca",Características do Domicílio - Parte 2,Domicílio,domicilio2,Agregados_por_setores_caracteristicas_domicilio2_BR_20250417.csv,setor,https://ftp.ibge.gov.br/Censos/Censo_Demografico_2022/Agregados_por_Setores_Censitarios/Agregados_por_Setor_csv/Agregados_por_setores_caracteristicas_domicilio2_BR_20250417.zip
V00437,V00437,"Domicílios Particulares Permanentes Ocupados, Lixo enterrado na propriedade, Cor ou raça da pessoa responsável pelo domicílio é preta",Características do Domicílio - Parte 2,Domicílio,domicilio2,Agregados_por_setores_caracteristicas_domicilio2_BR_20250417.csv,setor,https://ftp.ibge.gov.br/Censos/Censo_Demografico_2022/Agregados_por_Setores_Censitarios/Agregados_por_Setor_csv/Agregados_por_setores_caracteristicas_domicilio2_BR_20250417.zip
V00438,V00438,"Domicílios Particulares Permanentes Ocupados, Lixo enterrado na propriedade, Cor ou raça da pessoa responsável pelo domicílio é amarela",Características do Domicílio - Parte 2,Domicílio,domicilio2,Agregados_por_setores_caracteristicas_domicilio2_BR_20250417.csv,setor,https://ftp.ibge.gov.br/Censos/Censo_Demografico_2022/Agregados_por_Setores_Censitarios/Agregados_por_Setor_csv/Agregados_por_setores_caracteristicas_domicilio2_BR_20250417.zip
V00439,V00439,"Domicílios Particulares Permanentes Ocupados, Lixo enterrado na propriedade, Cor ou raça da pessoa responsável pelo domicílio é parda",Características do Domicílio - Parte 2,Domicílio,domicilio2,Agregados_por_setores_caracteristicas_domicilio2_BR_20250417.csv,setor,https://ftp.ibge.gov.br/Censos/Censo_Demografico_2022/Agregados_por_Setores_Censitarios/Agregados_por_Setor_csv/Agregados_por_setores_caracteristicas_domicilio2_BR_20250417.zip
V00440,V00440,"Domicílios Particulares Permanentes Ocupados, Lixo enterrado na propriedade, Cor ou raça da pessoa responsável pelo domicílio é indígena",Características do Domicílio - Parte 2,Domicílio,domicilio2,Agregados_por_setores_caracteristicas_domicilio2_BR_20250417.csv,setor,https://ftp.ibge.gov.br/Censos/Censo_Demografico_2022/Agregados_por_Setores_Censitarios/Agregados_por_Setor_csv/Agregados_por_setores_caracteristicas_domicilio2_BR_20250417.zip
V00441,V00441,"Domicílios Particulares Permanentes Ocupados, Lixo jogado em terreno baldio, encosta ou área pública, Cor ou raça da pessoa responsável pelo domicílio é branca",Características do Domicílio - Parte 2,Domicílio,domicilio2,Agregados_por_setores_caracteristicas_domicilio2_BR_20250417.csv,setor,https://ftp.ibge.gov.br/Censos/Censo_Demografico_2022/Agregados_por_Setores_Censitarios/Agregados_por_Setor_csv/Agregados_por_setores_caracteristicas_domicilio2_BR_20250417.zip
V00442,V00442,"Domicílios Particulares Permanentes Ocupados, Lixo jogado em terreno baldio, encosta ou área pública, Cor ou raça da pessoa responsável pelo domicílio é preta",Características do Domicílio - Parte 2,Domicílio,domicilio2,Agregados_por_setores_caracteristicas_domicilio2_BR_20250417.csv,setor,https://ftp.ibge.gov.br/Censos/Censo_Demografico_2022/Agregados_por_Setores_Censitarios/Agregados_por_Setor_csv/Agregados_por_setores_caracteristicas_domicilio2_BR_20250417.zip
V00443,V00443,"Domicílios Particulares Permanentes Ocupados, Lixo jogado em terreno baldio, encosta ou área pública, Cor ou raça da pessoa responsável pelo domicílio é amarela",Características do Domicílio - Parte 2,Domicílio,domicilio2,Agregados_por_setores_caracteristicas_domicilio2_BR_20250417.csv,setor,https://ftp.ibge.gov.br/Censos/Censo_Demografico_2022/Agregados_por_Setores_Censitarios/Agregados_por_Setor_csv/Agregados_por_setores_caracteristicas_domicilio2_BR_20250417.zip
V00444,V00444,"Domicílios Particulares Permanentes Ocupados, Lixo jogado em terreno baldio, encosta ou área pública, Cor ou raça da pessoa responsável pelo domicílio é parda",Características do Domicílio - Parte 2,Domicílio,domicilio2,Agregados_por_setores_caracteristicas_domicilio2_BR_20250417.csv,setor,https://ftp.ibge.gov.br/Censos/Censo_Demografico_2022/Agregados_por_Setores_Censitarios/Agregados_por_Setor_csv/Agregados_por_setores_caracteristicas_domicilio2_BR_20250417.zip
V00445,V00445,"Domicílios Particulares Permanentes Ocupados, Lixo jogado em terreno baldio, encosta ou área pública, Cor ou raça da pessoa responsável pelo domicílio é indígena",Características do Domicílio - Parte 2,Domicílio,domicilio2,Agregados_por_setores_caracteristicas_domicilio2_BR_20250417.csv,setor,https://ftp.ibge.gov.br/Censos/Censo_Demografico_2022/Agregados_por_Setores_Censitarios/Agregados_por_Setor_csv/Agregados_por_setores_caracteristicas_domicilio2_BR_20250417.zip
V00446,V00446,"Domicílios Particulares Permanentes Ocupados, Outro destino do lixo, Cor ou raça da pessoa responsável pelo domicílio é branca",Características do Domicílio - Parte 2,Domicílio,domicilio2,Agregados_por_setores_caracteristicas_domicilio2_BR_20250417.csv,setor,https://ftp.ibge.gov.br/Censos/Censo_Demografico_2022/Agregados_por_Setores_Censitarios/Agregados_por_Setor_csv/Agregados_por_setores_caracteristicas_domicilio2_BR_20250417.zip
V00447,V00447,"Domicílios Particulares Permanentes Ocupados, Outro destino do lixo, Cor ou raça da pessoa responsável pelo domicílio é preta",Características do Domicílio - Parte 2,Domicílio,domicilio2,Agregados_por_setores_caracteristicas_domicilio2_BR_20250417.csv,setor,https://ftp.ibge.gov.br/Censos/Censo_Demografico_2022/Agregados_por_Setores_Censitarios/Agregados_por_Setor_csv/Agregados_por_setores_caracteristicas_domicilio2_BR_20250417.zip
V00448,V00448,"Domicílios Particulares Permanentes Ocupados, Outro destino do lixo, Cor ou raça da pessoa responsável pelo domicílio é amarela",Características do Domicílio - Parte 2,Domicílio,domicilio2,Agregados_por_setores_caracteristicas_domicilio2_BR_20250417.csv,setor,https://ftp.ibge.gov.br/Censos/Censo_Demografico_2022/Agregados_por_Setores_Censitarios/Agregados_por_Setor_csv/Agregados_por_setores_caracteristicas_domicilio2_BR_20250417.zip
V00449,V00449,"Domicílios Particulares Permanentes Ocupados, Outro destino do lixo, Cor ou raça da pessoa responsável pelo domicílio é parda",Características do Domicílio - Parte 2,Domicílio,domicilio2,Agregados_por_setores_caracteristicas_domicilio2_BR_20250417.csv,setor,https://ftp.ibge.gov.br/Censos/Censo_Demografico_2022/Agregados_por_Setores_Censitarios/Agregados_por_Setor_csv/Agregados_por_setores_caracteristicas_domicilio2_BR_20250417.zip
V00450,V00450,"Domicílios Particulares Permanentes Ocupados, Outro destino do lixo, Cor ou raça da pessoa responsável pelo domicílio é indígena",Características do Domicílio - Parte 2,Domicílio,domicilio2,Agregados_por_setores_caracteristicas_domicilio2_BR_20250417.csv,setor,https://ftp.ibge.gov.br/Censos/Censo_Demografico_2022/Agregados_por_Setores_Censitarios/Agregados_por_Setor_csv/Agregados_por_setores_caracteristicas_domicilio2_BR_20250417.zip
V00451,V00451,"Domicílios Particulares Permanentes Ocupados, Lixo coletado no domicílio por serviço de limpeza, Sexo da pessoa responsável pelo domicílio é masculino",Características do Domicílio - Parte 2,Domicílio,domicilio2,Agregados_por_setores_caracteristicas_domicilio2_BR_20250417.csv,setor,https://ftp.ibge.gov.br/Censos/Censo_Demografico_2022/Agregados_por_Setores_Censitarios/Agregados_por_Setor_csv/Agregados_por_setores_caracteristicas_domicilio2_BR_20250417.zip
V00452,V00452,"Domicílios Particulares Permanentes Ocupados, Lixo coletado no domicílio por serviço de limpeza, Sexo da pessoa responsável pelo domicílio é feminino",Características do Domicílio - Parte 2,Domicílio,domicilio2,Agregados_por_setores_caracteristicas_domicilio2_BR_20250417.csv,setor,https://ftp.ibge.gov.br/Censos/Censo_Demografico_2022/Agregados_por_Setores_Censitarios/Agregados_por_Setor_csv/Agregados_por_setores_caracteristicas_domicilio2_BR_20250417.zip
V00453,V00453,"Domicílios Particulares Permanentes Ocupados, Lixo depositado em caçamba de serviço de limpeza, Sexo da pessoa responsável pelo domicílio é masculino",Características do Domicílio - Parte 2,Domicílio,domicilio2,Agregados_por_setores_caracteristicas_domicilio2_BR_20250417.csv,setor,https://ftp.ibge.gov.br/Censos/Censo_Demografico_2022/Agregados_por_Setores_Censitarios/Agregados_por_Setor_csv/Agregados_por_setores_caracteristicas_domicilio2_BR_20250417.zip
V00454,V00454,"Domicílios Particulares Permanentes Ocupados, Lixo depositado em caçamba de serviço de limpeza, Sexo da pessoa responsável pelo domicílio é feminino",Características do Domicílio - Parte 2,Domicílio,domicilio2,Agregados_por_setores_caracteristicas_domicilio2_BR_20250417.csv,setor,https://ftp.ibge.gov.br/Censos/Censo_Demografico_2022/Agregados_por_Setores_Censitarios/Agregados_por_Setor_csv/Agregados_por_setores_caracteristicas_domicilio2_BR_20250417.zip
V00455,V00455,"Domicílios Particulares Permanentes Ocupados, Lixo queimado na propriedade, Sexo da pessoa responsável pelo domicílio é masculino",Características do Domicílio - Parte 2,Domicílio,domicilio2,Agregados_por_setores_caracteristicas_domicilio2_BR_20250417.csv,setor,https://ftp.ibge.gov.br/Censos/Censo_Demografico_2022/Agregados_por_Setores_Censitarios/Agregados_por_Setor_csv/Agregados_por_setores_caracteristicas_domicilio2_BR_20250417.zip
V00456,V00456,"Domicílios Particulares Permanentes Ocupados, Lixo queimado na propriedade, Sexo da pessoa responsável pelo domicílio é feminino",Características do Domicílio - Parte 2,Domicílio,domicilio2,Agregados_por_setores_caracteristicas_domicilio2_BR_20250417.csv,setor,https://ftp.ibge.gov.br/Censos/Censo_Demografico_2022/Agregados_por_Setores_Censitarios/Agregados_por_Setor_csv/Agregados_por_setores_caracteristicas_domicilio2_BR_20250417.zip
V00457,V00457,"Domicílios Particulares Permanentes Ocupados, Lixo enterrado na propriedade, Sexo da pessoa responsável pelo domicílio é masculino",Características do Domicílio - Parte 2,Domicílio,domicilio2,Agregados_por_setores_caracteristicas_domicilio2_BR_20250417.csv,setor,https://ftp.ibge.gov.br/Censos/Censo_Demografico_2022/Agregados_por_Setores_Censitarios/Agregados_por_Setor_csv/Agregados_por_setores_caracteristicas_domicilio2_BR_20250417.zip
V00458,V00458,"Domicílios Particulares Permanentes Ocupados, Lixo enterrado na propriedade, Sexo da pessoa responsável pelo domicílio é feminino",Características do Domicílio - Parte 2,Domicílio,domicilio2,Agregados_por_setores_caracteristicas_domicilio2_BR_20250417.csv,setor,https://ftp.ibge.gov.br/Censos/Censo_Demografico_2022/Agregados_por_Setores_Censitarios/Agregados_por_Setor_csv/Agregados_por_setores_caracteristicas_domicilio2_BR_20250417.zip
V00459,V00459,"Domicílios Particulares Permanentes Ocupados, Lixo jogado em terreno baldio, encosta ou área pública, Sexo da pessoa responsável pelo domicílio é masculino",Características do Domicílio - Parte 2,Domicílio,domicilio2,Agregados_por_setores_caracteristicas_domicilio2_BR_20250417.csv,setor,https://ftp.ibge.gov.br/Censos/Censo_Demografico_2022/Agregados_por_Setores_Censitarios/Agregados_por_Setor_csv/Agregados_por_setores_caracteristicas_domicilio2_BR_20250417.zip
V00460,V00460,"Domicílios Particulares Permanentes Ocupados, Lixo jogado em terreno baldio, encosta ou área pública, Sexo da pessoa responsável pelo domicílio é feminino",Características do Domicílio - Parte 2,Domicílio,domicilio2,Agregados_por_setores_caracteristicas_domicilio2_BR_20250417.csv,setor,https://ftp.ibge.gov.br/Censos/Censo_Demografico_2022/Agregados_por_Setores_Censitarios/Agregados_por_Setor_csv/Agregados_por_setores_caracteristicas_domicilio2_BR_20250417.zip
V00461,V00461,"Domicílios Particulares Permanentes Ocupados, Outro destino do lixo, Sexo da pessoa responsável pelo domicílio é masculino",Características do Domicílio - Parte 2,Domicílio,domicilio2,Agregados_por_setores_caracteristicas_domicilio2_BR_20250417.csv,setor,https://ftp.ibge.gov.br/Censos/Censo_Demografico_2022/Agregados_por_Setores_Censitarios/Agregados_por_Setor_csv/Agregados_por_setores_caracteristicas_domicilio2_BR_20250417.zip
V00462,V00462,"Domicílios Particulares Permanentes Ocupados, Outro destino do lixo, Sexo da pessoa responsável pelo domicílio é feminino",Características do Domicílio - Parte 2,Domicílio,domicilio2,Agregados_por_setores_caracteristicas_domicilio2_BR_20250417.csv,setor,https://ftp.ibge.gov.br/Censos/Censo_Demografico_2022/Agregados_por_Setores_Censitarios/Agregados_por_Setor_csv/Agregados_por_setores_caracteristicas_domicilio2_BR_20250417.zip
V00463,V00463,"Domicílios Particulares Permanentes Ocupados, Domicílio possui ligação à rede geral de distribuição de água, mas utiliza principalmente outra forma",Características do Domicílio - Parte 2,Domicílio,domicilio2,Agregados_por_setores_caracteristicas_domicilio2_BR_20250417.csv,setor,https://ftp.ibge.gov.br/Censos/Censo_Demografico_2022/Agregados_por_Setores_Censitarios/Agregados_por_Setor_csv/Agregados_por_setores_caracteristicas_domicilio2_BR_20250417.zip
V00464,V00464,"Domicílios Particulares Permanentes Ocupados, Domicílio não possui ligação à rede geral de distribuição de água",Características do Domicílio - Parte 2,Domicílio,domicilio2,Agregados_por_setores_caracteristicas_domicilio2_BR_20250417.csv,setor,https://ftp.ibge.gov.br/Censos/Censo_Demografico_2022/Agregados_por_Setores_Censitarios/Agregados_por_Setor_csv/Agregados_por_setores_caracteristicas_domicilio2_BR_20250417.zip
V00465,V00465,"Domicílios Particulares Permanentes Ocupados, Tipo de espécie é casa, Domicílio possui ligação à rede geral de distribuição de água, mas utiliza principalmente outra forma",Características do Domicílio - Parte 2,Domicílio,domicilio2,Agregados_por_setores_caracteristicas_domicilio2_BR_20250417.csv,setor,https://ftp.ibge.gov.br/Censos/Censo_Demografico_2022/Agregados_por_Setores_Censitarios/Agregados_por_Setor_csv/Agregados_por_setores_caracteristicas_domicilio2_BR_20250417.zip
V00466,V00466,"Domicílios Particulares Permanentes Ocupados, Tipo de espécie é casa, Domicílio não possui ligação à rede geral de distribuição de água",Características do Domicílio - Parte 2,Domicílio,domicilio2,Agregados_por_setores_caracteristicas_domicilio2_BR_20250417.csv,setor,https://ftp.ibge.gov.br/Censos/Censo_Demografico_2022/Agregados_por_Setores_Censitarios/Agregados_por_Setor_csv/Agregados_por_setores_caracteristicas_domicilio2_BR_20250417.zip
V00467,V00467,"Domicílios Particulares Permanentes Ocupados, Tipo de espécie é casa de vila ou em condomínio, Domicílio possui ligação à rede geral de distribuição de água, mas utiliza principalmente outra forma",Características do Domicílio - Parte 2,Domicílio,domicilio2,Agregados_por_setores_caracteristicas_domicilio2_BR_20250417.csv,setor,https://ftp.ibge.gov.br/Censos/Censo_Demografico_2022/Agregados_por_Setores_Censitarios/Agregados_por_Setor_csv/Agregados_por_setores_caracteristicas_domicilio2_BR_20250417.zip
V00468,V00468,"Domicílios Particulares Permanentes Ocupados, Tipo de espécie é casa de vila ou em condomínio, Domicílio não possui ligação à rede geral de distribuição de água",Características do Domicílio - Parte 2,Domicílio,domicilio2,Agregados_por_setores_caracteristicas_domicilio2_BR_20250417.csv,setor,https://ftp.ibge.gov.br/Censos/Censo_Demografico_2022/Agregados_por_Setores_Censitarios/Agregados_por_Setor_csv/Agregados_por_setores_caracteristicas_domicilio2_BR_20250417.zip
V00469,V00469,"Domicílios Particulares Permanentes Ocupados, Tipo de espécie é apartamento, Domicílio possui ligação à rede geral de distribuição de água, mas utiliza principalmente outra forma",Características do Domicílio - Parte 2,Domicílio,domicilio2,Agregados_por_setores_caracteristicas_domicilio2_BR_20250417.csv,setor,https://ftp.ibge.gov.br/Censos/Censo_Demografico_2022/Agregados_por_Setores_Censitarios/Agregados_por_Setor_csv/Agregados_por_setores_caracteristicas_domicilio2_BR_20250417.zip
V00470,V00470,"Domicílios Particulares Permanentes Ocupados, Tipo de espécie é apartamento, Domicílio não possui ligação à rede geral de distribuição de água",Características do Domicílio - Parte 2,Domicílio,domicilio2,Agregados_por_setores_caracteristicas_domicilio2_BR_20250417.csv,setor,https://ftp.ibge.gov.br/Censos/Censo_Demografico_2022/Agregados_por_Setores_Censitarios/Agregados_por_Setor_csv/Agregados_por_setores_caracteristicas_domicilio2_BR_20250417.zip
V00471,V00471,"Domicílios Particulares Permanentes Ocupados, Domicílio possui ligação à rede geral de distribuição de água, mas utiliza principalmente outra forma, Cor ou raça da pessoa responsável pelo domicílio é branca",Características do Domicílio - Parte 2,Domicílio,domicilio2,Agregados_por_setores_caracteristicas_domicilio2_BR_20250417.csv,setor,https://ftp.ibge.gov.br/Censos/Censo_Demografico_2022/Agregados_por_Setores_Censitarios/Agregados_por_Setor_csv/Agregados_por_setores_caracteristicas_domicilio2_BR_20250417.zip
V00472,V00472,"Domicílios Particulares Permanentes Ocupados, Domicílio possui ligação à rede geral de distribuição de água, mas utiliza principalmente outra forma, Cor ou raça da pessoa responsável pelo domicílio é preta",Características do Domicílio - Parte 2,Domicílio,domicilio2,Agregados_por_setores_caracteristicas_domicilio2_BR_20250417.csv,setor,https://ftp.ibge.gov.br/Censos/Censo_Demografico_2022/Agregados_por_Setores_Censitarios/Agregados_por_Setor_csv/Agregados_por_setores_caracteristicas_domicilio2_BR_20250417.zip
V00473,V00473,"Domicílios Particulares Permanentes Ocupados, Domicílio possui ligação à rede geral de distribuição de água, mas utiliza principalmente outra forma, Cor ou raça da pessoa responsável pelo domicílio é amarela",Características do Domicílio - Parte 2,Domicílio,domicilio2,Agregados_por_setores_caracteristicas_domicilio2_BR_20250417.csv,setor,https://ftp.ibge.gov.br/Censos/Censo_Demografico_2022/Agregados_por_Setores_Censitarios/Agregados_por_Setor_csv/Agregados_por_setores_caracteristicas_domicilio2_BR_20250417.zip
V00474,V00474,"Domicílios Particulares Permanentes Ocupados, Domicílio possui ligação à rede geral de distribuição de água, mas utiliza principalmente outra forma, Cor ou raça da pessoa responsável pelo domicílio é parda",Características do Domicílio - Parte 2,Domicílio,domicilio2,Agregados_por_setores_caracteristicas_domicilio2_BR_20250417.csv,setor,https://ftp.ibge.gov.br/Censos/Censo_Demografico_2022/Agregados_por_Setores_Censitarios/Agregados_por_Setor_csv/Agregados_por_setores_caracteristicas_domicilio2_BR_20250417.zip
V00475,V00475,"Domicílios Particulares Permanentes Ocupados, Domicílio possui ligação à rede geral de distribuição de água, mas utiliza principalmente outra forma, Cor ou raça da pessoa responsável pelo domicílio é indígena",Características do Domicílio - Parte 2,Domicílio,domicilio2,Agregados_por_setores_caracteristicas_domicilio2_BR_20250417.csv,setor,https://ftp.ibge.gov.br/Censos/Censo_Demografico_2022/Agregados_por_Setores_Censitarios/Agregados_por_Setor_csv/Agregados_por_setores_caracteristicas_domicilio2_BR_20250417.zip
V00476,V00476,"Domicílios Particulares Permanentes Ocupados, Domicílio não possui ligação à rede geral de distribuição de água, Cor ou raça da pessoa responsável pelo domicílio é branca",Características do Domicílio - Parte 2,Domicílio,domicilio2,Agregados_por_setores_caracteristicas_domicilio2_BR_20250417.csv,setor,https://ftp.ibge.gov.br/Censos/Censo_Demografico_2022/Agregados_por_Setores_Censitarios/Agregados_por_Setor_csv/Agregados_por_setores_caracteristicas_domicilio2_BR_20250417.zip
V00477,V00477,"Domicílios Particulares Permanentes Ocupados, Domicílio não possui ligação à rede geral de distribuição de água, Cor ou raça da pessoa responsável pelo domicílio é preta",Características do Domicílio - Parte 2,Domicílio,domicilio2,Agregados_por_setores_caracteristicas_domicilio2_BR_20250417.csv,setor,https://ftp.ibge.gov.br/Censos/Censo_Demografico_2022/Agregados_por_Setores_Censitarios/Agregados_por_Setor_csv/Agregados_por_setores_caracteristicas_domicilio2_BR_20250417.zip
V00478,V00478,"Domicílios Particulares Permanentes Ocupados, Domicílio não possui ligação à rede geral de distribuição de água, Cor ou raça da pessoa responsável pelo domicílio é amarela",Características do Domicílio - Parte 2,Domicílio,domicilio2,Agregados_por_setores_caracteristicas_domicilio2_BR_20250417.csv,setor,https://ftp.ibge.gov.br/Censos/Censo_Demografico_2022/Agregados_por_Setores_Censitarios/Agregados_por_Setor_csv/Agregados_por_setores_caracteristicas_domicilio2_BR_20250417.zip
V00479,V00479,"Domicílios Particulares Permanentes Ocupados, Domicílio não possui ligação à rede geral de distribuição de água, Cor ou raça da pessoa responsável pelo domicílio é parda",Características do Domicílio - Parte 2,Domicílio,domicilio2,Agregados_por_setores_caracteristicas_domicilio2_BR_20250417.csv,setor,https://ftp.ibge.gov.br/Censos/Censo_Demografico_2022/Agregados_por_Setores_Censitarios/Agregados_por_Setor_csv/Agregados_por_setores_caracteristicas_domicilio2_BR_20250417.zip
V00480,V00480,"Domicílios Particulares Permanentes Ocupados, Domicílio não possui ligação à rede geral de distribuição de água, Cor ou raça da pessoa responsável pelo domicílio é indígena",Características do Domicílio - Parte 2,Domicílio,domicilio2,Agregados_por_setores_caracteristicas_domicilio2_BR_20250417.csv,setor,https://ftp.ibge.gov.br/Censos/Censo_Demografico_2022/Agregados_por_Setores_Censitarios/Agregados_por_Setor_csv/Agregados_por_setores_caracteristicas_domicilio2_BR_20250417.zip
V00481,V00481,"Domicílios Particulares Permanentes Ocupados, Domicílio possui ligação à rede geral de distribuição de água, mas utiliza principalmente outra forma, Sexo da pessoa responsável pelo domicílio é masculino",Características do Domicílio - Parte 2,Domicílio,domicilio2,Agregados_por_setores_caracteristicas_domicilio2_BR_20250417.csv,setor,https://ftp.ibge.gov.br/Censos/Censo_Demografico_2022/Agregados_por_Setores_Censitarios/Agregados_por_Setor_csv/Agregados_por_setores_caracteristicas_domicilio2_BR_20250417.zip
V00482,V00482,"Domicílios Particulares Permanentes Ocupados, Domicílio possui ligação à rede geral de distribuição de água, mas utiliza principalmente outra forma, Sexo da pessoa responsável pelo domicílio é feminino",Características do Domicílio - Parte 2,Domicílio,domicilio2,Agregados_por_setores_caracteristicas_domicilio2_BR_20250417.csv,setor,https://ftp.ibge.gov.br/Censos/Censo_Demografico_2022/Agregados_por_Setores_Censitarios/Agregados_por_Setor_csv/Agregados_por_setores_caracteristicas_domicilio2_BR_20250417.zip
V00483,V00483,"Domicílios Particulares Permanentes Ocupados, Domicílio não possui ligação à rede geral de distribuição de água, Sexo da pessoa responsável pelo domicílio é masculino",Características do Domicílio - Parte 2,Domicílio,domicilio2,Agregados_por_setores_caracteristicas_domicilio2_BR_20250417.csv,setor,https://ftp.ibge.gov.br/Censos/Censo_Demografico_2022/Agregados_por_Setores_Censitarios/Agregados_por_Setor_csv/Agregados_por_setores_caracteristicas_domicilio2_BR_20250417.zip
V00484,V00484,"Domicílios Particulares Permanentes Ocupados, Domicílio não possui ligação à rede geral de distribuição de água, Sexo da pessoa responsável pelo domicílio é feminino",Características do Domicílio - Parte 2,Domicílio,domicilio2,Agregados_por_setores_caracteristicas_domicilio2_BR_20250417.csv,setor,https://ftp.ibge.gov.br/Censos/Censo_Demografico_2022/Agregados_por_Setores_Censitarios/Agregados_por_Setor_csv/Agregados_por_setores_caracteristicas_domicilio2_BR_20250417.zip
V00485,V00485,"Domicílios Particulares Permanentes Ocupados, 1 banheiro de uso exclusivo com chuveiro e vaso sanitário existentes no domicílio",Características do Domicílio - Parte 2,Domicílio,domicilio2,Agregados_por_setores_caracteristicas_domicilio2_BR_20250417.csv,setor,https://ftp.ibge.gov.br/Censos/Censo_Demografico_2022/Agregados_por_Setores_Censitarios/Agregados_por_Setor_csv/Agregados_por_setores_caracteristicas_domicilio2_BR_20250417.zip
V00486,V00486,"Domicílios Particulares Permanentes Ocupados, 2 banheiros de uso exclusivo com chuveiro e vaso sanitário existentes no domicílio",Características do Domicílio - Parte 2,Domicílio,domicilio2,Agregados_por_setores_caracteristicas_domicilio2_BR_20250417.csv,setor,https://ftp.ibge.gov.br/Censos/Censo_Demografico_2022/Agregados_por_Setores_Censitarios/Agregados_por_Setor_csv/Agregados_por_setores_caracteristicas_domicilio2_BR_20250417.zip
V00487,V00487,"Domicílios Particulares Permanentes Ocupados, 3 banheiros de uso exclusivo com chuveiro e vaso sanitário existentes no domicílio",Características do Domicílio - Parte 2,Domicílio,domicilio2,Agregados_por_setores_caracteristicas_domicilio2_BR_20250417.csv,setor,https://ftp.ibge.gov.br/Censos/Censo_Demografico_2022/Agregados_por_Setores_Censitarios/Agregados_por_Setor_csv/Agregados_por_setores_caracteristicas_domicilio2_BR_20250417.zip
V00488,V00488,"Domicílios Particulares Permanentes Ocupados, 4 banheiros de uso exclusivo com chuveiro e vaso sanitário existentes no domicílio",Características do Domicílio - Parte 2,Domicílio,domicilio2,Agregados_por_setores_caracteristicas_domicilio2_BR_20250417.csv,setor,https://ftp.ibge.gov.br/Censos/Censo_Demografico_2022/Agregados_por_Setores_Censitarios/Agregados_por_Setor_csv/Agregados_por_setores_caracteristicas_domicilio2_BR_20250417.zip
V00489,V00489,"Domicílios Particulares Permanentes Ocupados, 5 banheiros de uso exclusivo com chuveiro e vaso sanitário existentes no domicílio",Características do Domicílio - Parte 2,Domicílio,domicilio2,Agregados_por_setores_caracteristicas_domicilio2_BR_20250417.csv,setor,https://ftp.ibge.gov.br/Censos/Censo_Demografico_2022/Agregados_por_Setores_Censitarios/Agregados_por_Setor_csv/Agregados_por_setores_caracteristicas_domicilio2_BR_20250417.zip
V00490,V00490,"Domicílios Particulares Permanentes Ocupados, 6 banheiros de uso exclusivo com chuveiro e vaso sanitário existentes no domicílio",Características do Domicílio - Parte 2,Domicílio,domicilio2,Agregados_por_setores_caracteristicas_domicilio2_BR_20250417.csv,setor,https://ftp.ibge.gov.br/Censos/Censo_Demografico_2022/Agregados_por_Setores_Censitarios/Agregados_por_Setor_csv/Agregados_por_setores_caracteristicas_domicilio2_BR_20250417.zip
V00491,V00491,"Domicílios Particulares Permanentes Ocupados, 7 banheiros de uso exclusivo com chuveiro e vaso sanitário existentes no domicílio",Características do Domicílio - Parte 2,Domicílio,domicilio2,Agregados_por_setores_caracteristicas_domicilio2_BR_20250417.csv,setor,https://ftp.ibge.gov.br/Censos/Censo_Demografico_2022/Agregados_por_Setores_Censitarios/Agregados_por_Setor_csv/Agregados_por_setores_caracteristicas_domicilio2_BR_20250417.zip
V00492,V00492,"Domicílios Particulares Permanentes Ocupados, 8 banheiros de uso exclusivo com chuveiro e vaso sanitário existentes no domicílio",Características do Domicílio - Parte 2,Domicílio,domicilio2,Agregados_por_setores_caracteristicas_domicilio2_BR_20250417.csv,setor,https://ftp.ibge.gov.br/Censos/Censo_Demografico_2022/Agregados_por_Setores_Censitarios/Agregados_por_Setor_csv/Agregados_por_setores_caracteristicas_domicilio2_BR_20250417.zip
V00493,V00493,"Domicílios Particulares Permanentes Ocupados, 9 ou mais banheiros de uso exclusivo com chuveiro e vaso sanitário existentes no domicílio",Características do Domicílio - Parte 2,Domicílio,domicilio2,Agregados_por_setores_caracteristicas_domicilio2_BR_20250417.csv,setor,https://ftp.ibge.gov.br/Censos/Censo_Demografico_2022/Agregados_por_Setores_Censitarios/Agregados_por_Setor_csv/Agregados_por_setores_caracteristicas_domicilio2_BR_20250417.zip
V00494,V00494,"Domicílios Particulares Permanentes Ocupados, Com banheiro de uso exclusivo com chuveiro e vaso sanitário",Características do Domicílio - Parte 2,Domicílio,domicilio2,Agregados_por_setores_caracteristicas_domicilio2_BR_20250417.csv,setor,https://ftp.ibge.gov.br/Censos/Censo_Demografico_2022/Agregados_por_Setores_Censitarios/Agregados_por_Setor_csv/Agregados_por_setores_caracteristicas_domicilio2_BR_20250417.zip
V00495,V00495,"Domicílios Particulares Permanentes Ocupados, Sem banheiro de uso exclusivo com chuveiro e vaso sanitário",Características do Domicílio - Parte 2,Domicílio,domicilio2,Agregados_por_setores_caracteristicas_domicilio2_BR_20250417.csv,setor,https://ftp.ibge.gov.br/Censos/Censo_Demografico_2022/Agregados_por_Setores_Censitarios/Agregados_por_Setor_csv/Agregados_por_setores_caracteristicas_domicilio2_BR_20250417.zip
V00496,V00496,"Domicílios Particulares Permanentes Ocupados, Tipo de espécie é casa, Quantidade de moradores",Características do Domicílio - Parte 3,Domicílio,domicilio3,Agregados_por_setores_caracteristicas_domicilio3_BR_20250417.csv,setor,https://ftp.ibge.gov.br/Censos/Censo_Demografico_2022/Agregados_por_Setores_Censitarios/Agregados_por_Setor_csv/Agregados_por_setores_caracteristicas_domicilio3_BR_20250417.zip
V00497,V00497,"Domicílios Particulares Permanentes Ocupados, Tipo de espécie é casa de vila ou em condomínio, Quantidade de moradores",Características do Domicílio - Parte 3,Domicílio,domicilio3,Agregados_por_setores_caracteristicas_domicilio3_BR_20250417.csv,setor,https://ftp.ibge.gov.br/Censos/Censo_Demografico_2022/Agregados_por_Setores_Censitarios/Agregados_por_Setor_csv/Agregados_por_setores_caracteristicas_domicilio3_BR_20250417.zip
V00498,V00498,"Domicílios Particulares Permanentes Ocupados, Tipo de espécie é apartamento, Quantidade de moradores",Características do Domicílio - Parte 3,Domicílio,domicilio3,Agregados_por_setores_caracteristicas_domicilio3_BR_20250417.csv,setor,https://ftp.ibge.gov.br/Censos/Censo_Demografico_2022/Agregados_por_Setores_Censitarios/Agregados_por_Setor_csv/Agregados_por_setores_caracteristicas_domicilio3_BR_20250417.zip
V00499,V00499,"Domicílios Particulares Permanentes Ocupados, Tipo de espécie é casa, Quantidade de crianças de zero a nove anos de idade",Características do Domicílio - Parte 3,Domicílio,domicilio3,Agregados_por_setores_caracteristicas_domicilio3_BR_20250417.csv,setor,https://ftp.ibge.gov.br/Censos/Censo_Demografico_2022/Agregados_por_Setores_Censitarios/Agregados_por_Setor_csv/Agregados_por_setores_caracteristicas_domicilio3_BR_20250417.zip
V00500,V00500,"Domicílios Particulares Permanentes Ocupados, Tipo de espécie é casa de vila ou em condomínio, Quantidade de crianças de zero a nove anos de idade",Características do Domicílio - Parte 3,Domicílio,domicilio3,Agregados_por_setores_caracteristicas_domicilio3_BR_20250417.csv,setor,https://ftp.ibge.gov.br/Censos/Censo_Demografico_2022/Agregados_por_Setores_Censitarios/Agregados_por_Setor_csv/Agregados_por_setores_caracteristicas_domicilio3_BR_20250417.zip
V00501,V00501,"Domicílios Particulares Permanentes Ocupados, Tipo de espécie é apartamento, Quantidade de crianças de zero a nove anos de idade",Características do Domicílio - Parte 3,Domicílio,domicilio3,Agregados_por_setores_caracteristicas_domicilio3_BR_20250417.csv,setor,https://ftp.ibge.gov.br/Censos/Censo_Demografico_2022/Agregados_por_Setores_Censitarios/Agregados_por_Setor_csv/Agregados_por_setores_caracteristicas_domicilio3_BR_20250417.zip
V00502,V00502,"Domicílios Particulares Permanentes Ocupados, Tipo de espécie é casa, Pessoas de sexo masculino no domicílio",Características do Domicílio - Parte 3,Domicílio,domicilio3,Agregados_por_setores_caracteristicas_domicilio3_BR_20250417.csv,setor,https://ftp.ibge.gov.br/Censos/Censo_Demografico_2022/Agregados_por_Setores_Censitarios/Agregados_por_Setor_csv/Agregados_por_setores_caracteristicas_domicilio3_BR_20250417.zip
V00503,V00503,"Domicílios Particulares Permanentes Ocupados, Tipo de espécie é casa de vila ou em condomínio, Pessoas de sexo masculino no domicílio",Características do Domicílio - Parte 3,Domicílio,domicilio3,Agregados_por_setores_caracteristicas_domicilio3_BR_20250417.csv,setor,https://ftp.ibge.gov.br/Censos/Censo_Demografico_2022/Agregados_por_Setores_Censitarios/Agregados_por_Setor_csv/Agregados_por_setores_caracteristicas_domicilio3_BR_20250417.zip
V00504,V00504,"Domicílios Particulares Permanentes Ocupados, Tipo de espécie é apartamento, Pessoas de sexo masculino no domicílio",Características do Domicílio - Parte 3,Domicílio,domicilio3,Agregados_por_setores_caracteristicas_domicilio3_BR_20250417.csv,setor,https://ftp.ibge.gov.br/Censos/Censo_Demografico_2022/Agregados_por_Setores_Censitarios/Agregados_por_Setor_csv/Agregados_por_setores_caracteristicas_domicilio3_BR_20250417.zip
V00505,V00505,"Domicílios Particulares Permanentes Ocupados, Tipo de espécie é casa, Pessoas de sexo feminino no domicílio",Características do Domicílio - Parte 3,Domicílio,domicilio3,Agregados_por_setores_caracteristicas_domicilio3_BR_20250417.csv,setor,https://ftp.ibge.gov.br/Censos/Censo_Demografico_2022/Agregados_por_Setores_Censitarios/Agregados_por_Setor_csv/Agregados_por_setores_caracteristicas_domicilio3_BR_20250417.zip
V00506,V00506,"Domicílios Particulares Permanentes Ocupados, Tipo de espécie é casa de vila ou em condomínio, Pessoas de sexo feminino no domicílio",Características do Domicílio - Parte 3,Domicílio,domicilio3,Agregados_por_setores_caracteristicas_domicilio3_BR_20250417.csv,setor,https://ftp.ibge.gov.br/Censos/Censo_Demografico_2022/Agregados_por_Setores_Censitarios/Agregados_por_Setor_csv/Agregados_por_setores_caracteristicas_domicilio3_BR_20250417.zip
V00507,V00507,"Domicílios Particulares Permanentes Ocupados, Tipo de espécie é apartamento, Pessoas de sexo feminino no domicílio",Características do Domicílio - Parte 3,Domicílio,domicilio3,Agregados_por_setores_caracteristicas_domicilio3_BR_20250417.csv,setor,https://ftp.ibge.gov.br/Censos/Censo_Demografico_2022/Agregados_por_Setores_Censitarios/Agregados_por_Setor_csv/Agregados_por_setores_caracteristicas_domicilio3_BR_20250417.zip
V00508,V00508,"Domicílios Particulares Permanentes Ocupados, Utiliza rede geral de distribuição, Quantidade de moradores",Características do Domicílio - Parte 3,Domicílio,domicilio3,Agregados_por_setores_caracteristicas_domicilio3_BR_20250417.csv,setor,https://ftp.ibge.gov.br/Censos/Censo_Demografico_2022/Agregados_por_Setores_Censitarios/Agregados_por_Setor_csv/Agregados_por_setores_caracteristicas_domicilio3_BR_20250417.zip
V00509,V00509,"Domicílios Particulares Permanentes Ocupados, Utiliza poço profundo ou artesiano, Quantidade de moradores",Características do Domicílio - Parte 3,Domicílio,domicilio3,Agregados_por_setores_caracteristicas_domicilio3_BR_20250417.csv,setor,https://ftp.ibge.gov.br/Censos/Censo_Demografico_2022/Agregados_por_Setores_Censitarios/Agregados_por_Setor_csv/Agregados_por_setores_caracteristicas_domicilio3_BR_20250417.zip
V00510,V00510,"Domicílios Particulares Permanentes Ocupados, Utiliza poço raso, freático ou cacimba, Quantidade de moradores",Características do Domicílio - Parte 3,Domicílio,domicilio3,Agregados_por_setores_caracteristicas_domicilio3_BR_20250417.csv,setor,https://ftp.ibge.gov.br/Censos/Censo_Demografico_2022/Agregados_por_Setores_Censitarios/Agregados_por_Setor_csv/Agregados_por_setores_caracteristicas_domicilio3_BR_20250417.zip
V00511,V00511,"Domicílios Particulares Permanentes Ocupados, Utiliza fonte, nascente ou mina, Quantidade de moradores",Características do Domicílio - Parte 3,Domicílio,domicilio3,Agregados_por_setores_caracteristicas_domicilio3_BR_20250417.csv,setor,https://ftp.ibge.gov.br/Censos/Censo_Demografico_2022/Agregados_por_Setores_Censitarios/Agregados_por_Setor_csv/Agregados_por_setores_caracteristicas_domicilio3_BR_20250417.zip
V00512,V00512,"Domicílios Particulares Permanentes Ocupados, Utiliza carro-pipa, Quantidade de moradores",Características do Domicílio - Parte 3,Domicílio,domicilio3,Agregados_por_setores_caracteristicas_domicilio3_BR_20250417.csv,setor,https://ftp.ibge.gov.br/Censos/Censo_Demografico_2022/Agregados_por_Setores_Censitarios/Agregados_por_Setor_csv/Agregados_por_setores_caracteristicas_domicilio3_BR_20250417.zip
V00513,V00513,"Domicílios Particulares Permanentes Ocupados, Utiliza água da chuva armazenada, Quantidade de moradores",Características do Domicílio - Parte 3,Domicílio,domicilio3,Agregados_por_setores_caracteristicas_domicilio3_BR_20250417.csv,setor,https://ftp.ibge.gov.br/Censos/Censo_Demografico_2022/Agregados_por_Setores_Censitarios/Agregados_por_Setor_csv/Agregados_por_setores_caracteristicas_domicilio3_BR_20250417.zip
V00514,V00514,"Domicílios Particulares Permanentes Ocupados, Utiliza rios, açudes, córregos, lagos e igarapés, Quantidade de moradores",Características do Domicílio - Parte 3,Domicílio,domicilio3,Agregados_por_setores_caracteristicas_domicilio3_BR_20250417.csv,setor,https://ftp.ibge.gov.br/Censos/Censo_Demografico_2022/Agregados_por_Setores_Censitarios/Agregados_por_Setor_csv/Agregados_por_setores_caracteristicas_domicilio3_BR_20250417.zip
V00515,V00515,"Domicílios Particulares Permanentes Ocupados, Utiliza outra forma de abastecimento de água, Quantidade de moradores",Características do Domicílio - Parte 3,Domicílio,domicilio3,Agregados_por_setores_caracteristicas_domicilio3_BR_20250417.csv,setor,https://ftp.ibge.gov.br/Censos/Censo_Demografico_2022/Agregados_por_Setores_Censitarios/Agregados_por_Setor_csv/Agregados_por_setores_caracteristicas_domicilio3_BR_20250417.zip
V00516,V00516,"Domicílios Particulares Permanentes Ocupados, Utiliza rede geral de distribuição, Quantidade de crianças de zero a nove anos de idade",Características do Domicílio - Parte 3,Domicílio,domicilio3,Agregados_por_setores_caracteristicas_domicilio3_BR_20250417.csv,setor,https://ftp.ibge.gov.br/Censos/Censo_Demografico_2022/Agregados_por_Setores_Censitarios/Agregados_por_Setor_csv/Agregados_por_setores_caracteristicas_domicilio3_BR_20250417.zip
V00517,V00517,"Domicílios Particulares Permanentes Ocupados, Utiliza poço profundo ou artesiano, Quantidade de crianças de zero a nove anos de idade",Características do Domicílio - Parte 3,Domicílio,domicilio3,Agregados_por_setores_caracteristicas_domicilio3_BR_20250417.csv,setor,https://ftp.ibge.gov.br/Censos/Censo_Demografico_2022/Agregados_por_Setores_Censitarios/Agregados_por_Setor_csv/Agregados_por_setores_caracteristicas_domicilio3_BR_20250417.zip
V00518,V00518,"Domicílios Particulares Permanentes Ocupados, Utiliza poço raso, freático ou cacimba, Quantidade de crianças de zero a nove anos de idade",Características do Domicílio - Parte 3,Domicílio,domicilio3,Agregados_por_setores_caracteristicas_domicilio3_BR_20250417.csv,setor,https://ftp.ibge.gov.br/Censos/Censo_Demografico_2022/Agregados_por_Setores_Censitarios/Agregados_por_Setor_csv/Agregados_por_setores_caracteristicas_domicilio3_BR_20250417.zip
V00519,V00519,"Domicílios Particulares Permanentes Ocupados, Utiliza fonte, nascente ou mina, Quantidade de crianças de zero a nove anos de idade",Características do Domicílio - Parte 3,Domicílio,domicilio3,Agregados_por_setores_caracteristicas_domicilio3_BR_20250417.csv,setor,https://ftp.ibge.gov.br/Censos/Censo_Demografico_2022/Agregados_por_Setores_Censitarios/Agregados_por_Setor_csv/Agregados_por_setores_caracteristicas_domicilio3_BR_20250417.zip
V00520,V00520,"Domicílios Particulares Permanentes Ocupados, Utiliza carro-pipa, Quantidade de crianças de zero a nove anos de idade",Características do Domicílio - Parte 3,Domicílio,domicilio3,Agregados_por_setores_caracteristicas_domicilio3_BR_20250417.csv,setor,https://ftp.ibge.gov.br/Censos/Censo_Demografico_2022/Agregados_por_Setores_Censitarios/Agregados_por_Setor_csv/Agregados_por_setores_caracteristicas_domicilio3_BR_20250417.zip
V00521,V00521,"Domicílios Particulares Permanentes Ocupados, Utiliza água da chuva armazenada, Quantidade de crianças de zero a nove anos de idade",Características do Domicílio - Parte 3,Domicílio,domicilio3,Agregados_por_setores_caracteristicas_domicilio3_BR_20250417.csv,setor,https://ftp.ibge.gov.br/Censos/Censo_Demografico_2022/Agregados_por_Setores_Censitarios/Agregados_por_Setor_csv/Agregados_por_setores_caracteristicas_domicilio3_BR_20250417.zip
V00522,V00522,"Domicílios Particulares Permanentes Ocupados, Utiliza rios, açudes, córregos, lagos e igarapés, Quantidade de crianças de zero a nove anos de idade",Características do Domicílio - Parte 3,Domicílio,domicilio3,Agregados_por_setores_caracteristicas_domicilio3_BR_20250417.csv,setor,https://ftp.ibge.gov.br/Censos/Censo_Demografico_2022/Agregados_por_Setores_Censitarios/Agregados_por_Setor_csv/Agregados_por_setores_caracteristicas_domicilio3_BR_20250417.zip
V00523,V00523,"Domicílios Particulares Permanentes Ocupados, Utiliza outra forma de abastecimento de água, Quantidade de crianças de zero a nove anos de idade",Características do Domicílio - Parte 3,Domicílio,domicilio3,Agregados_por_setores_caracteristicas_domicilio3_BR_20250417.csv,setor,https://ftp.ibge.gov.br/Censos/Censo_Demografico_2022/Agregados_por_Setores_Censitarios/Agregados_por_Setor_csv/Agregados_por_setores_caracteristicas_domicilio3_BR_20250417.zip
V00524,V00524,"Domicílios Particulares Permanentes Ocupados, Utiliza rede geral de distribuição, Pessoas de sexo masculino no domicílio",Características do Domicílio - Parte 3,Domicílio,domicilio3,Agregados_por_setores_caracteristicas_domicilio3_BR_20250417.csv,setor,https://ftp.ibge.gov.br/Censos/Censo_Demografico_2022/Agregados_por_Setores_Censitarios/Agregados_por_Setor_csv/Agregados_por_setores_caracteristicas_domicilio3_BR_20250417.zip
V00525,V00525,"Domicílios Particulares Permanentes Ocupados, Utiliza poço profundo ou artesiano, Pessoas de sexo masculino no domicílio",Características do Domicílio - Parte 3,Domicílio,domicilio3,Agregados_por_setores_caracteristicas_domicilio3_BR_20250417.csv,setor,https://ftp.ibge.gov.br/Censos/Censo_Demografico_2022/Agregados_por_Setores_Censitarios/Agregados_por_Setor_csv/Agregados_por_setores_caracteristicas_domicilio3_BR_20250417.zip
V00526,V00526,"Domicílios Particulares Permanentes Ocupados, Utiliza poço raso, freático ou cacimba, Pessoas de sexo masculino no domicílio",Características do Domicílio - Parte 3,Domicílio,domicilio3,Agregados_por_setores_caracteristicas_domicilio3_BR_20250417.csv,setor,https://ftp.ibge.gov.br/Censos/Censo_Demografico_2022/Agregados_por_Setores_Censitarios/Agregados_por_Setor_csv/Agregados_por_setores_caracteristicas_domicilio3_BR_20250417.zip
V00527,V00527,"Domicílios Particulares Permanentes Ocupados, Utiliza fonte, nascente ou mina, Pessoas de sexo masculino no domicílio",Características do Domicílio - Parte 3,Domicílio,domicilio3,Agregados_por_setores_caracteristicas_domicilio3_BR_20250417.csv,setor,https://ftp.ibge.gov.br/Censos/Censo_Demografico_2022/Agregados_por_Setores_Censitarios/Agregados_por_Setor_csv/Agregados_por_setores_caracteristicas_domicilio3_BR_20250417.zip
V00528,V00528,"Domicílios Particulares Permanentes Ocupados, Utiliza carro-pipa, Pessoas de sexo masculino no domicílio",Características do Domicílio - Parte 3,Domicílio,domicilio3,Agregados_por_setores_caracteristicas_domicilio3_BR_20250417.csv,setor,https://ftp.ibge.gov.br/Censos/Censo_Demografico_2022/Agregados_por_Setores_Censitarios/Agregados_por_Setor_csv/Agregados_por_setores_caracteristicas_domicilio3_BR_20250417.zip
V00529,V00529,"Domicílios Particulares Permanentes Ocupados, Utiliza água da chuva armazenada, Pessoas de sexo masculino no domicílio",Características do Domicílio - Parte 3,Domicílio,domicilio3,Agregados_por_setores_caracteristicas_domicilio3_BR_20250417.csv,setor,https://ftp.ibge.gov.br/Censos/Censo_Demografico_2022/Agregados_por_Setores_Censitarios/Agregados_por_Setor_csv/Agregados_por_setores_caracteristicas_domicilio3_BR_20250417.zip
V00530,V00530,"Domicílios Particulares Permanentes Ocupados, Utiliza rios, açudes, córregos, lagos e igarapés, Pessoas de sexo masculino no domicílio",Características do Domicílio - Parte 3,Domicílio,domicilio3,Agregados_por_setores_caracteristicas_domicilio3_BR_20250417.csv,setor,https://ftp.ibge.gov.br/Censos/Censo_Demografico_2022/Agregados_por_Setores_Censitarios/Agregados_por_Setor_csv/Agregados_por_setores_caracteristicas_domicilio3_BR_20250417.zip
V00531,V00531,"Domicílios Particulares Permanentes Ocupados, Utiliza outra forma de abastecimento de água, Pessoas de sexo masculino no domicílio",Características do Domicílio - Parte 3,Domicílio,domicilio3,Agregados_por_setores_caracteristicas_domicilio3_BR_20250417.csv,setor,https://ftp.ibge.gov.br/Censos/Censo_Demografico_2022/Agregados_por_Setores_Censitarios/Agregados_por_Setor_csv/Agregados_por_setores_caracteristicas_domicilio3_BR_20250417.zip
V00532,V00532,"Domicílios Particulares Permanentes Ocupados, Utiliza rede geral de distribuição, Pessoas de sexo feminino no domicílio",Características do Domicílio - Parte 3,Domicílio,domicilio3,Agregados_por_setores_caracteristicas_domicilio3_BR_20250417.csv,setor,https://ftp.ibge.gov.br/Censos/Censo_Demografico_2022/Agregados_por_Setores_Censitarios/Agregados_por_Setor_csv/Agregados_por_setores_caracteristicas_domicilio3_BR_20250417.zip
V00533,V00533,"Domicílios Particulares Permanentes Ocupados, Utiliza poço profundo ou artesiano, Pessoas de sexo feminino no domicílio",Características do Domicílio - Parte 3,Domicílio,domicilio3,Agregados_por_setores_caracteristicas_domicilio3_BR_20250417.csv,setor,https://ftp.ibge.gov.br/Censos/Censo_Demografico_2022/Agregados_por_Setores_Censitarios/Agregados_por_Setor_csv/Agregados_por_setores_caracteristicas_domicilio3_BR_20250417.zip
V00534,V00534,"Domicílios Particulares Permanentes Ocupados, Utiliza poço raso, freático ou cacimba, Pessoas de sexo feminino no domicílio",Características do Domicílio - Parte 3,Domicílio,domicilio3,Agregados_por_setores_caracteristicas_domicilio3_BR_20250417.csv,setor,https://ftp.ibge.gov.br/Censos/Censo_Demografico_2022/Agregados_por_Setores_Censitarios/Agregados_por_Setor_csv/Agregados_por_setores_caracteristicas_domicilio3_BR_20250417.zip
V00535,V00535,"Domicílios Particulares Permanentes Ocupados, Utiliza fonte, nascente ou mina, Pessoas de sexo feminino no domicílio",Características do Domicílio - Parte 3,Domicílio,domicilio3,Agregados_por_setores_caracteristicas_domicilio3_BR_20250417.csv,setor,https://ftp.ibge.gov.br/Censos/Censo_Demografico_2022/Agregados_por_Setores_Censitarios/Agregados_por_Setor_csv/Agregados_por_setores_caracteristicas_domicilio3_BR_20250417.zip
V00536,V00536,"Domicílios Particulares Permanentes Ocupados, Utiliza carro-pipa, Pessoas de sexo feminino no domicílio",Características do Domicílio - Parte 3,Domicílio,domicilio3,Agregados_por_setores_caracteristicas_domicilio3_BR_20250417.csv,setor,https://ftp.ibge.gov.br/Censos/Censo_Demografico_2022/Agregados_por_Setores_Censitarios/Agregados_por_Setor_csv/Agregados_por_setores_caracteristicas_domicilio3_BR_20250417.zip
V00537,V00537,"Domicílios Particulares Permanentes Ocupados, Utiliza água da chuva armazenada, Pessoas de sexo feminino no domicílio",Características do Domicílio - Parte 3,Domicílio,domicilio3,Agregados_por_setores_caracteristicas_domicilio3_BR_20250417.csv,setor,https://ftp.ibge.gov.br/Censos/Censo_Demografico_2022/Agregados_por_Setores_Censitarios/Agregados_por_Setor_csv/Agregados_por_setores_caracteristicas_domicilio3_BR_20250417.zip
V00538,V00538,"Domicílios Particulares Permanentes Ocupados, Utiliza rios, açudes, córregos, lagos e igarapés, Pessoas de sexo feminino no domicílio",Características do Domicílio - Parte 3,Domicílio,domicilio3,Agregados_por_setores_caracteristicas_domicilio3_BR_20250417.csv,setor,https://ftp.ibge.gov.br/Censos/Censo_Demografico_2022/Agregados_por_Setores_Censitarios/Agregados_por_Setor_csv/Agregados_por_setores_caracteristicas_domicilio3_BR_20250417.zip
V00539,V00539,"Domicílios Particulares Permanentes Ocupados, Utiliza outra forma de abastecimento de água, Pessoas de sexo feminino no domicílio",Características do Domicílio - Parte 3,Domicílio,domicilio3,Agregados_por_setores_caracteristicas_domicilio3_BR_20250417.csv,setor,https://ftp.ibge.gov.br/Censos/Censo_Demografico_2022/Agregados_por_Setores_Censitarios/Agregados_por_Setor_csv/Agregados_por_setores_caracteristicas_domicilio3_BR_20250417.zip
V00540,V00540,"Domicílios Particulares Permanentes Ocupados, Água chega encanada até dentro da casa, apartamento ou habitação, Quantidade de moradores",Características do Domicílio - Parte 3,Domicílio,domicilio3,Agregados_por_setores_caracteristicas_domicilio3_BR_20250417.csv,setor,https://ftp.ibge.gov.br/Censos/Censo_Demografico_2022/Agregados_por_Setores_Censitarios/Agregados_por_Setor_csv/Agregados_por_setores_caracteristicas_domicilio3_BR_20250417.zip
V00541,V00541,"Domicílios Particulares Permanentes Ocupados, Água chega encanada, mas apenas ao terreno, Quantidade de moradores",Características do Domicílio - Parte 3,Domicílio,domicilio3,Agregados_por_setores_caracteristicas_domicilio3_BR_20250417.csv,setor,https://ftp.ibge.gov.br/Censos/Censo_Demografico_2022/Agregados_por_Setores_Censitarios/Agregados_por_Setor_csv/Agregados_por_setores_caracteristicas_domicilio3_BR_20250417.zip
V00542,V00542,"Domicílios Particulares Permanentes Ocupados, Água não chega encanada ao domicílio, Quantidade de moradores",Características do Domicílio - Parte 3,Domicílio,domicilio3,Agregados_por_setores_caracteristicas_domicilio3_BR_20250417.csv,setor,https://ftp.ibge.gov.br/Censos/Censo_Demografico_2022/Agregados_por_Setores_Censitarios/Agregados_por_Setor_csv/Agregados_por_setores_caracteristicas_domicilio3_BR_20250417.zip
V00543,V00543,"Domicílios Particulares Permanentes Ocupados, Água chega encanada até dentro da casa, apartamento ou habitação, Quantidade de crianças de zero a nove anos de idade",Características do Domicílio - Parte 3,Domicílio,domicilio3,Agregados_por_setores_caracteristicas_domicilio3_BR_20250417.csv,setor,https://ftp.ibge.gov.br/Censos/Censo_Demografico_2022/Agregados_por_Setores_Censitarios/Agregados_por_Setor_csv/Agregados_por_setores_caracteristicas_domicilio3_BR_20250417.zip
V00544,V00544,"Domicílios Particulares Permanentes Ocupados, Água chega encanada, mas apenas ao terreno, Quantidade de crianças de zero a nove anos de idade",Características do Domicílio - Parte 3,Domicílio,domicilio3,Agregados_por_setores_caracteristicas_domicilio3_BR_20250417.csv,setor,https://ftp.ibge.gov.br/Censos/Censo_Demografico_2022/Agregados_por_Setores_Censitarios/Agregados_por_Setor_csv/Agregados_por_setores_caracteristicas_domicilio3_BR_20250417.zip
V00545,V00545,"Domicílios Particulares Permanentes Ocupados, Água não chega encanada ao domicílio, Quantidade de crianças de zero a nove anos de idade",Características do Domicílio - Parte 3,Domicílio,domicilio3,Agregados_por_setores_caracteristicas_domicilio3_BR_20250417.csv,setor,https://ftp.ibge.gov.br/Censos/Censo_Demografico_2022/Agregados_por_Setores_Censitarios/Agregados_por_Setor_csv/Agregados_por_setores_caracteristicas_domicilio3_BR_20250417.zip
V00546,V00546,"Domicílios Particulares Permanentes Ocupados, Água chega encanada até dentro da casa, apartamento ou habitação, Pessoas de sexo masculino no domicílio",Características do Domicílio - Parte 3,Domicílio,domicilio3,Agregados_por_setores_caracteristicas_domicilio3_BR_20250417.csv,setor,https://ftp.ibge.gov.br/Censos/Censo_Demografico_2022/Agregados_por_Setores_Censitarios/Agregados_por_Setor_csv/Agregados_por_setores_caracteristicas_domicilio3_BR_20250417.zip
V00547,V00547,"Domicílios Particulares Permanentes Ocupados, Água chega encanada, mas apenas ao terreno, Pessoas de sexo masculino no domicílio",Características do Domicílio - Parte 3,Domicílio,domicilio3,Agregados_por_setores_caracteristicas_domicilio3_BR_20250417.csv,setor,https://ftp.ibge.gov.br/Censos/Censo_Demografico_2022/Agregados_por_Setores_Censitarios/Agregados_por_Setor_csv/Agregados_por_setores_caracteristicas_domicilio3_BR_20250417.zip
V00548,V00548,"Domicílios Particulares Permanentes Ocupados, Água não chega encanada ao domicílio, Pessoas de sexo masculino no domicílio",Características do Domicílio - Parte 3,Domicílio,domicilio3,Agregados_por_setores_caracteristicas_domicilio3_BR_20250417.csv,setor,https://ftp.ibge.gov.br/Censos/Censo_Demografico_2022/Agregados_por_Setores_Censitarios/Agregados_por_Setor_csv/Agregados_por_setores_caracteristicas_domicilio3_BR_20250417.zip
V00549,V00549,"Domicílios Particulares Permanentes Ocupados, Água chega encanada até dentro da casa, apartamento ou habitação, Pessoas de sexo feminino no domicílio",Características do Domicílio - Parte 3,Domicílio,domicilio3,Agregados_por_setores_caracteristicas_domicilio3_BR_20250417.csv,setor,https://ftp.ibge.gov.br/Censos/Censo_Demografico_2022/Agregados_por_Setores_Censitarios/Agregados_por_Setor_csv/Agregados_por_setores_caracteristicas_domicilio3_BR_20250417.zip
V00550,V00550,"Domicílios Particulares Permanentes Ocupados, Água chega encanada, mas apenas ao terreno, Pessoas de sexo feminino no domicílio",Características do Domicílio - Parte 3,Domicílio,domicilio3,Agregados_por_setores_caracteristicas_domicilio3_BR_20250417.csv,setor,https://ftp.ibge.gov.br/Censos/Censo_Demografico_2022/Agregados_por_Setores_Censitarios/Agregados_por_Setor_csv/Agregados_por_setores_caracteristicas_domicilio3_BR_20250417.zip
V00551,V00551,"Domicílios Particulares Permanentes Ocupados, Água não chega encanada ao domicílio, Pessoas de sexo feminino no domicílio",Características do Domicílio - Parte 3,Domicílio,domicilio3,Agregados_por_setores_caracteristicas_domicilio3_BR_20250417.csv,setor,https://ftp.ibge.gov.br/Censos/Censo_Demografico_2022/Agregados_por_Setores_Censitarios/Agregados_por_Setor_csv/Agregados_por_setores_caracteristicas_domicilio3_BR_20250417.zip
V00552,V00552,"Domicílios Particulares Permanentes Ocupados, 1 banheiro de uso exclusivo com chuveiro e vaso sanitário existentes no domicílio, Quantidade de moradores",Características do Domicílio - Parte 3,Domicílio,domicilio3,Agregados_por_setores_caracteristicas_domicilio3_BR_20250417.csv,setor,https://ftp.ibge.gov.br/Censos/Censo_Demografico_2022/Agregados_por_Setores_Censitarios/Agregados_por_Setor_csv/Agregados_por_setores_caracteristicas_domicilio3_BR_20250417.zip
V00553,V00553,"Domicílios Particulares Permanentes Ocupados, 2 banheiros de uso exclusivo com chuveiro e vaso sanitário existentes no domicílio, Quantidade de moradores",Características do Domicílio - Parte 3,Domicílio,domicilio3,Agregados_por_setores_caracteristicas_domicilio3_BR_20250417.csv,setor,https://ftp.ibge.gov.br/Censos/Censo_Demografico_2022/Agregados_por_Setores_Censitarios/Agregados_por_Setor_csv/Agregados_por_setores_caracteristicas_domicilio3_BR_20250417.zip
V00554,V00554,"Domicílios Particulares Permanentes Ocupados, 3 banheiros de uso exclusivo com chuveiro e vaso sanitário existentes no domicílio, Quantidade de moradores",Características do Domicílio - Parte 3,Domicílio,domicilio3,Agregados_por_setores_caracteristicas_domicilio3_BR_20250417.csv,setor,https://ftp.ibge.gov.br/Censos/Censo_Demografico_2022/Agregados_por_Setores_Censitarios/Agregados_por_Setor_csv/Agregados_por_setores_caracteristicas_domicilio3_BR_20250417.zip
V00555,V00555,"Domicílios Particulares Permanentes Ocupados, 4 ou mais banheiros de uso exclusivo com chuveiro e vaso sanitário existentes no domicílio, Quantidade de moradores",Características do Domicílio - Parte 3,Domicílio,domicilio3,Agregados_por_setores_caracteristicas_domicilio3_BR_20250417.csv,setor,https://ftp.ibge.gov.br/Censos/Censo_Demografico_2022/Agregados_por_Setores_Censitarios/Agregados_por_Setor_csv/Agregados_por_setores_caracteristicas_domicilio3_BR_20250417.zip
V00556,V00556,"Domicílios Particulares Permanentes Ocupados, Apenas banheiro de uso comum a mais de um domicílio, Quantidade de moradores",Características do Domicílio - Parte 3,Domicílio,domicilio3,Agregados_por_setores_caracteristicas_domicilio3_BR_20250417.csv,setor,https://ftp.ibge.gov.br/Censos/Censo_Demografico_2022/Agregados_por_Setores_Censitarios/Agregados_por_Setor_csv/Agregados_por_setores_caracteristicas_domicilio3_BR_20250417.zip
V00557,V00557,"Domicílios Particulares Permanentes Ocupados, Apenas sanitário ou buraco para dejeções, inclusive os localizados no terreno, Quantidade de moradores",Características do Domicílio - Parte 3,Domicílio,domicilio3,Agregados_por_setores_caracteristicas_domicilio3_BR_20250417.csv,setor,https://ftp.ibge.gov.br/Censos/Censo_Demografico_2022/Agregados_por_Setores_Censitarios/Agregados_por_Setor_csv/Agregados_por_setores_caracteristicas_domicilio3_BR_20250417.zip
V00558,V00558,"Domicílios Particulares Permanentes Ocupados, Não tinham banheiro nem sanitário, Quantidade de moradores",Características do Domicílio - Parte 3,Domicílio,domicilio3,Agregados_por_setores_caracteristicas_domicilio3_BR_20250417.csv,setor,https://ftp.ibge.gov.br/Censos/Censo_Demografico_2022/Agregados_por_Setores_Censitarios/Agregados_por_Setor_csv/Agregados_por_setores_caracteristicas_domicilio3_BR_20250417.zip
V00559,V00559,"Domicílios Particulares Permanentes Ocupados, 1 banheiro de uso exclusivo com chuveiro e vaso sanitário existentes no domicílio, Quantidade de crianças de zero a nove anos de idade",Características do Domicílio - Parte 3,Domicílio,domicilio3,Agregados_por_setores_caracteristicas_domicilio3_BR_20250417.csv,setor,https://ftp.ibge.gov.br/Censos/Censo_Demografico_2022/Agregados_por_Setores_Censitarios/Agregados_por_Setor_csv/Agregados_por_setores_caracteristicas_domicilio3_BR_20250417.zip
V00560,V00560,"Domicílios Particulares Permanentes Ocupados, 2 banheiros de uso exclusivo com chuveiro e vaso sanitário existentes no domicílio, Quantidade de crianças de zero a nove anos de idade",Características do Domicílio - Parte 3,Domicílio,domicilio3,Agregados_por_setores_caracteristicas_domicilio3_BR_20250417.csv,setor,https://ftp.ibge.gov.br/Censos/Censo_Demografico_2022/Agregados_por_Setores_Censitarios/Agregados_por_Setor_csv/Agregados_por_setores_caracteristicas_domicilio3_BR_20250417.zip
V00561,V00561,"Domicílios Particulares Permanentes Ocupados, 3 banheiros de uso exclusivo com chuveiro e vaso sanitário existentes no domicílio, Quantidade de crianças de zero a nove anos de idade",Características do Domicílio - Parte 3,Domicílio,domicilio3,Agregados_por_setores_caracteristicas_domicilio3_BR_20250417.csv,setor,https://ftp.ibge.gov.br/Censos/Censo_Demografico_2022/Agregados_por_Setores_Censitarios/Agregados_por_Setor_csv/Agregados_por_setores_caracteristicas_domicilio3_BR_20250417.zip
V00562,V00562,"Domicílios Particulares Permanentes Ocupados, 4 ou mais banheiros de uso exclusivo com chuveiro e vaso sanitário existentes no domicílio, Quantidade de crianças de zero a nove anos de idade",Características do Domicílio - Parte 3,Domicílio,domicilio3,Agregados_por_setores_caracteristicas_domicilio3_BR_20250417.csv,setor,https://ftp.ibge.gov.br/Censos/Censo_Demografico_2022/Agregados_por_Setores_Censitarios/Agregados_por_Setor_csv/Agregados_por_setores_caracteristicas_domicilio3_BR_20250417.zip
V00563,V00563,"Domicílios Particulares Permanentes Ocupados, Apenas banheiro de uso comum a mais de um domicílio, Quantidade de crianças de zero a nove anos de idade",Características do Domicílio - Parte 3,Domicílio,domicilio3,Agregados_por_setores_caracteristicas_domicilio3_BR_20250417.csv,setor,https://ftp.ibge.gov.br/Censos/Censo_Demografico_2022/Agregados_por_Setores_Censitarios/Agregados_por_Setor_csv/Agregados_por_setores_caracteristicas_domicilio3_BR_20250417.zip
V00564,V00564,"Domicílios Particulares Permanentes Ocupados, Apenas sanitário ou buraco para dejeções, inclusive os localizados no terreno, Quantidade de crianças de zero a nove anos de idade",Características do Domicílio - Parte 3,Domicílio,domicilio3,Agregados_por_setores_caracteristicas_domicilio3_BR_20250417.csv,setor,https://ftp.ibge.gov.br/Censos/Censo_Demografico_2022/Agregados_por_Setores_Censitarios/Agregados_por_Setor_csv/Agregados_por_setores_caracteristicas_domicilio3_BR_20250417.zip
V00565,V00565,"Domicílios Particulares Permanentes Ocupados, Não tinham banheiro nem sanitário, Quantidade de crianças de zero a nove anos de idade",Características do Domicílio - Parte 3,Domicílio,domicilio3,Agregados_por_setores_caracteristicas_domicilio3_BR_20250417.csv,setor,https://ftp.ibge.gov.br/Censos/Censo_Demografico_2022/Agregados_por_Setores_Censitarios/Agregados_por_Setor_csv/Agregados_por_setores_caracteristicas_domicilio3_BR_20250417.zip
V00566,V00566,"Domicílios Particulares Permanentes Ocupados, 1 banheiro de uso exclusivo com chuveiro e vaso sanitário existentes no domicílio, Pessoas de sexo masculino no domicílio",Características do Domicílio - Parte 3,Domicílio,domicilio3,Agregados_por_setores_caracteristicas_domicilio3_BR_20250417.csv,setor,https://ftp.ibge.gov.br/Censos/Censo_Demografico_2022/Agregados_por_Setores_Censitarios/Agregados_por_Setor_csv/Agregados_por_setores_caracteristicas_domicilio3_BR_20250417.zip
V00567,V00567,"Domicílios Particulares Permanentes Ocupados, 2 banheiros de uso exclusivo com chuveiro e vaso sanitário existentes no domicílio, Pessoas de sexo masculino no domicílio",Características do Domicílio - Parte 3,Domicílio,domicilio3,Agregados_por_setores_caracteristicas_domicilio3_BR_20250417.csv,setor,https://ftp.ibge.gov.br/Censos/Censo_Demografico_2022/Agregados_por_Setores_Censitarios/Agregados_por_Setor_csv/Agregados_por_setores_caracteristicas_domicilio3_BR_20250417.zip
V00568,V00568,"Domicílios Particulares Permanentes Ocupados, 3 banheiros de uso exclusivo com chuveiro e vaso sanitário existentes no domicílio, Pessoas de sexo masculino no domicílio",Características do Domicílio - Parte 3,Domicílio,domicilio3,Agregados_por_setores_caracteristicas_domicilio3_BR_20250417.csv,setor,https://ftp.ibge.gov.br/Censos/Censo_Demografico_2022/Agregados_por_Setores_Censitarios/Agregados_por_Setor_csv/Agregados_por_setores_caracteristicas_domicilio3_BR_20250417.zip
V00569,V00569,"Domicílios Particulares Permanentes Ocupados, 4 ou mais banheiros de uso exclusivo com chuveiro e vaso sanitário existentes no domicílio, Pessoas de sexo masculino no domicílio",Características do Domicílio - Parte 3,Domicílio,domicilio3,Agregados_por_setores_caracteristicas_domicilio3_BR_20250417.csv,setor,https://ftp.ibge.gov.br/Censos/Censo_Demografico_2022/Agregados_por_Setores_Censitarios/Agregados_por_Setor_csv/Agregados_por_setores_caracteristicas_domicilio3_BR_20250417.zip
V00570,V00570,"Domicílios Particulares Permanentes Ocupados, Apenas banheiro de uso comum a mais de um domicílio, Pessoas de sexo masculino no domicílio",Características do Domicílio - Parte 3,Domicílio,domicilio3,Agregados_por_setores_caracteristicas_domicilio3_BR_20250417.csv,setor,https://ftp.ibge.gov.br/Censos/Censo_Demografico_2022/Agregados_por_Setores_Censitarios/Agregados_por_Setor_csv/Agregados_por_setores_caracteristicas_domicilio3_BR_20250417.zip
V00571,V00571,"Domicílios Particulares Permanentes Ocupados, Apenas sanitário ou buraco para dejeções, inclusive os localizados no terreno, Pessoas de sexo masculino no domicílio",Características do Domicílio - Parte 3,Domicílio,domicilio3,Agregados_por_setores_caracteristicas_domicilio3_BR_20250417.csv,setor,https://ftp.ibge.gov.br/Censos/Censo_Demografico_2022/Agregados_por_Setores_Censitarios/Agregados_por_Setor_csv/Agregados_por_setores_caracteristicas_domicilio3_BR_20250417.zip
V00572,V00572,"Domicílios Particulares Permanentes Ocupados, Não tinham banheiro nem sanitário, Pessoas de sexo masculino no domicílio",Características do Domicílio - Parte 3,Domicílio,domicilio3,Agregados_por_setores_caracteristicas_domicilio3_BR_20250417.csv,setor,https://ftp.ibge.gov.br/Censos/Censo_Demografico_2022/Agregados_por_Setores_Censitarios/Agregados_por_Setor_csv/Agregados_por_setores_caracteristicas_domicilio3_BR_20250417.zip
V00573,V00573,"Domicílios Particulares Permanentes Ocupados, 1 banheiro de uso exclusivo com chuveiro e vaso sanitário existentes no domicílio, Pessoas de sexo feminino no domicílio",Características do Domicílio - Parte 3,Domicílio,domicilio3,Agregados_por_setores_caracteristicas_domicilio3_BR_20250417.csv,setor,https://ftp.ibge.gov.br/Censos/Censo_Demografico_2022/Agregados_por_Setores_Censitarios/Agregados_por_Setor_csv/Agregados_por_setores_caracteristicas_domicilio3_BR_20250417.zip
V00574,V00574,"Domicílios Particulares Permanentes Ocupados, 2 banheiros de uso exclusivo com chuveiro e vaso sanitário existentes no domicílio, Pessoas de sexo feminino no domicílio",Características do Domicílio - Parte 3,Domicílio,domicilio3,Agregados_por_setores_caracteristicas_domicilio3_BR_20250417.csv,setor,https://ftp.ibge.gov.br/Censos/Censo_Demografico_2022/Agregados_por_Setores_Censitarios/Agregados_por_Setor_csv/Agregados_por_setores_caracteristicas_domicilio3_BR_20250417.zip
V00575,V00575,"Domicílios Particulares Permanentes Ocupados, 3 banheiros de uso exclusivo com chuveiro e vaso sanitário existentes no domicílio, Pessoas de sexo feminino no domicílio",Características do Domicílio - Parte 3,Domicílio,domicilio3,Agregados_por_setores_caracteristicas_domicilio3_BR_20250417.csv,setor,https://ftp.ibge.gov.br/Censos/Censo_Demografico_2022/Agregados_por_Setores_Censitarios/Agregados_por_Setor_csv/Agregados_por_setores_caracteristicas_domicilio3_BR_20250417.zip
V00576,V00576,"Domicílios Particulares Permanentes Ocupados, 4 ou mais banheiros de uso exclusivo com chuveiro e vaso sanitário existentes no domicílio, Pessoas de sexo feminino no domicílio",Características do Domicílio - Parte 3,Domicílio,domicilio3,Agregados_por_setores_caracteristicas_domicilio3_BR_20250417.csv,setor,https://ftp.ibge.gov.br/Censos/Censo_Demografico_2022/Agregados_por_Setores_Censitarios/Agregados_por_Setor_csv/Agregados_por_setores_caracteristicas_domicilio3_BR_20250417.zip
V00577,V00577,"Domicílios Particulares Permanentes Ocupados, Apenas banheiro de uso comum a mais de um domicílio, Pessoas de sexo feminino no domicílio",Características do Domicílio - Parte 3,Domicílio,domicilio3,Agregados_por_setores_caracteristicas_domicilio3_BR_20250417.csv,setor,https://ftp.ibge.gov.br/Censos/Censo_Demografico_2022/Agregados_por_Setores_Censitarios/Agregados_por_Setor_csv/Agregados_por_setores_caracteristicas_domicilio3_BR_20250417.zip
V00578,V00578,"Domicílios Particulares Permanentes Ocupados, Apenas sanitário ou buraco para dejeções, inclusive os localizados no terreno, Pessoas de sexo feminino no domicílio",Características do Domicílio - Parte 3,Domicílio,domicilio3,Agregados_por_setores_caracteristicas_domicilio3_BR_20250417.csv,setor,https://ftp.ibge.gov.br/Censos/Censo_Demografico_2022/Agregados_por_Setores_Censitarios/Agregados_por_Setor_csv/Agregados_por_setores_caracteristicas_domicilio3_BR_20250417.zip
V00579,V00579,"Domicílios Particulares Permanentes Ocupados, Não tinham banheiro nem sanitário, Pessoas de sexo feminino no domicílio",Características do Domicílio - Parte 3,Domicílio,domicilio3,Agregados_por_setores_caracteristicas_domicilio3_BR_20250417.csv,setor,https://ftp.ibge.gov.br/Censos/Censo_Demografico_2022/Agregados_por_Setores_Censitarios/Agregados_por_Setor_csv/Agregados_por_setores_caracteristicas_domicilio3_BR_20250417.zip
V00580,V00580,"Domicílios Particulares Permanentes Ocupados, Destinação do esgoto do banheiro ou sanitário ou buraco para dejeções é rede geral ou pluvial, Quantidade de moradores",Características do Domicílio - Parte 3,Domicílio,domicilio3,Agregados_por_setores_caracteristicas_domicilio3_BR_20250417.csv,setor,https://ftp.ibge.gov.br/Censos/Censo_Demografico_2022/Agregados_por_Setores_Censitarios/Agregados_por_Setor_csv/Agregados_por_setores_caracteristicas_domicilio3_BR_20250417.zip
V00581,V00581,"Domicílios Particulares Permanentes Ocupados, Destinação do esgoto do banheiro ou sanitário ou buraco para dejeções é fossa séptica ou fossa filtro ligada à rede, Quantidade de moradores",Características do Domicílio - Parte 3,Domicílio,domicilio3,Agregados_por_setores_caracteristicas_domicilio3_BR_20250417.csv,setor,https://ftp.ibge.gov.br/Censos/Censo_Demografico_2022/Agregados_por_Setores_Censitarios/Agregados_por_Setor_csv/Agregados_por_setores_caracteristicas_domicilio3_BR_20250417.zip
V00582,V00582,"Domicílios Particulares Permanentes Ocupados, Destinação do esgoto do banheiro ou sanitário ou buraco para dejeções é fossa séptica ou fossa filtro não ligada à rede, Quantidade de moradores",Características do Domicílio - Parte 3,Domicílio,domicilio3,Agregados_por_setores_caracteristicas_domicilio3_BR_20250417.csv,setor,https://ftp.ibge.gov.br/Censos/Censo_Demografico_2022/Agregados_por_Setores_Censitarios/Agregados_por_Setor_csv/Agregados_por_setores_caracteristicas_domicilio3_BR_20250417.zip
V00583,V00583,"Domicílios Particulares Permanentes Ocupados, Destinação do esgoto do banheiro ou sanitário ou buraco para dejeções é fossa rudimentar ou buraco, Quantidade de moradores",Características do Domicílio - Parte 3,Domicílio,domicilio3,Agregados_por_setores_caracteristicas_domicilio3_BR_20250417.csv,setor,https://ftp.ibge.gov.br/Censos/Censo_Demografico_2022/Agregados_por_Setores_Censitarios/Agregados_por_Setor_csv/Agregados_por_setores_caracteristicas_domicilio3_BR_20250417.zip
V00584,V00584,"Domicílios Particulares Permanentes Ocupados, Destinação do esgoto do banheiro ou sanitário ou buraco para dejeções é vala, Quantidade de moradores",Características do Domicílio - Parte 3,Domicílio,domicilio3,Agregados_por_setores_caracteristicas_domicilio3_BR_20250417.csv,setor,https://ftp.ibge.gov.br/Censos/Censo_Demografico_2022/Agregados_por_Setores_Censitarios/Agregados_por_Setor_csv/Agregados_por_setores_caracteristicas_domicilio3_BR_20250417.zip
V00585,V00585,"Domicílios Particulares Permanentes Ocupados, Destinação do esgoto do banheiro ou sanitário ou buraco para dejeções é rio, lago, córrego ou mar, Quantidade de moradores",Características do Domicílio - Parte 3,Domicílio,domicilio3,Agregados_por_setores_caracteristicas_domicilio3_BR_20250417.csv,setor,https://ftp.ibge.gov.br/Censos/Censo_Demografico_2022/Agregados_por_Setores_Censitarios/Agregados_por_Setor_csv/Agregados_por_setores_caracteristicas_domicilio3_BR_20250417.zip
V00586,V00586,"Domicílios Particulares Permanentes Ocupados, Destinação do esgoto do banheiro ou sanitário ou buraco para dejeções é outra forma, Quantidade de moradores",Características do Domicílio - Parte 3,Domicílio,domicilio3,Agregados_por_setores_caracteristicas_domicilio3_BR_20250417.csv,setor,https://ftp.ibge.gov.br/Censos/Censo_Demografico_2022/Agregados_por_Setores_Censitarios/Agregados_por_Setor_csv/Agregados_por_setores_caracteristicas_domicilio3_BR_20250417.zip
V00587,V00587,"Domicílios Particulares Permanentes Ocupados, Destinação do esgoto inexistente, pois não tinham banheiro nem sanitário, Quantidade de moradores",Características do Domicílio - Parte 3,Domicílio,domicilio3,Agregados_por_setores_caracteristicas_domicilio3_BR_20250417.csv,setor,https://ftp.ibge.gov.br/Censos/Censo_Demografico_2022/Agregados_por_Setores_Censitarios/Agregados_por_Setor_csv/Agregados_por_setores_caracteristicas_domicilio3_BR_20250417.zip
V00588,V00588,"Domicílios Particulares Permanentes Ocupados, Destinação do esgoto do banheiro ou sanitário ou buraco para dejeções é rede geral ou pluvial, Quantidade de crianças de zero a nove anos de idade",Características do Domicílio - Parte 3,Domicílio,domicilio3,Agregados_por_setores_caracteristicas_domicilio3_BR_20250417.csv,setor,https://ftp.ibge.gov.br/Censos/Censo_Demografico_2022/Agregados_por_Setores_Censitarios/Agregados_por_Setor_csv/Agregados_por_setores_caracteristicas_domicilio3_BR_20250417.zip
V00589,V00589,"Domicílios Particulares Permanentes Ocupados, Destinação do esgoto do banheiro ou sanitário ou buraco para dejeções é fossa séptica ou fossa filtro ligada à rede, Quantidade de crianças de zero a nove anos de idade",Características do Domicílio - Parte 3,Domicílio,domicilio3,Agregados_por_setores_caracteristicas_domicilio3_BR_20250417.csv,setor,https://ftp.ibge.gov.br/Censos/Censo_Demografico_2022/Agregados_por_Setores_Censitarios/Agregados_por_Setor_csv/Agregados_por_setores_caracteristicas_domicilio3_BR_20250417.zip
V00590,V00590,"Domicílios Particulares Permanentes Ocupados, Destinação do esgoto do banheiro ou sanitário ou buraco para dejeções é fossa séptica ou fossa filtro não ligada à rede, Quantidade de crianças de zero a nove anos de idade",Características do Domicílio - Parte 3,Domicílio,domicilio3,Agregados_por_setores_caracteristicas_domicilio3_BR_20250417.csv,setor,https://ftp.ibge.gov.br/Censos/Censo_Demografico_2022/Agregados_por_Setores_Censitarios/Agregados_por_Setor_csv/Agregados_por_setores_caracteristicas_domicilio3_BR_20250417.zip
V00591,V00591,"Domicílios Particulares Permanentes Ocupados, Destinação do esgoto do banheiro ou sanitário ou buraco para dejeções é fossa rudimentar ou buraco, Quantidade de crianças de zero a nove anos de idade",Características do Domicílio - Parte 3,Domicílio,domicilio3,Agregados_por_setores_caracteristicas_domicilio3_BR_20250417.csv,setor,https://ftp.ibge.gov.br/Censos/Censo_Demografico_2022/Agregados_por_Setores_Censitarios/Agregados_por_Setor_csv/Agregados_por_setores_caracteristicas_domicilio3_BR_20250417.zip
V00592,V00592,"Domicílios Particulares Permanentes Ocupados, Destinação do esgoto do banheiro ou sanitário ou buraco para dejeções é vala, Quantidade de crianças de zero a nove anos de idade",Características do Domicílio - Parte 3,Domicílio,domicilio3,Agregados_por_setores_caracteristicas_domicilio3_BR_20250417.csv,setor,https://ftp.ibge.gov.br/Censos/Censo_Demografico_2022/Agregados_por_Setores_Censitarios/Agregados_por_Setor_csv/Agregados_por_setores_caracteristicas_domicilio3_BR_20250417.zip
V00593,V00593,"Domicílios Particulares Permanentes Ocupados, Destinação do esgoto do banheiro ou sanitário ou buraco para dejeções é rio, lago, córrego ou mar, Quantidade de crianças de zero a nove anos de idade",Características do Domicílio - Parte 3,Domicílio,domicilio3,Agregados_por_setores_caracteristicas_domicilio3_BR_20250417.csv,setor,https://ftp.ibge.gov.br/Censos/Censo_Demografico_2022/Agregados_por_Setores_Censitarios/Agregados_por_Setor_csv/Agregados_por_setores_caracteristicas_domicilio3_BR_20250417.zip
V00594,V00594,"Domicílios Particulares Permanentes Ocupados, Destinação do esgoto do banheiro ou sanitário ou buraco para dejeções é outra forma, Quantidade de crianças de zero a nove anos de idade",Características do Domicílio - Parte 3,Domicílio,domicilio3,Agregados_por_setores_caracteristicas_domicilio3_BR_20250417.csv,setor,https://ftp.ibge.gov.br/Censos/Censo_Demografico_2022/Agregados_por_Setores_Censitarios/Agregados_por_Setor_csv/Agregados_por_setores_caracteristicas_domicilio3_BR_20250417.zip
V00595,V00595,"Domicílios Particulares Permanentes Ocupados, Destinação do esgoto inexistente, pois não tinham banheiro nem sanitário, Quantidade de crianças de zero a nove anos de idade",Características do Domicílio - Parte 3,Domicílio,domicilio3,Agregados_por_setores_caracteristicas_domicilio3_BR_20250417.csv,setor,https://ftp.ibge.gov.br/Censos/Censo_Demografico_2022/Agregados_por_Setores_Censitarios/Agregados_por_Setor_csv/Agregados_por_setores_caracteristicas_domicilio3_BR_20250417.zip
V00596,V00596,"Domicílios Particulares Permanentes Ocupados, Destinação do esgoto do banheiro ou sanitário ou buraco para dejeções é rede geral ou pluvial, Pessoas de sexo masculino no domicílio",Características do Domicílio - Parte 3,Domicílio,domicilio3,Agregados_por_setores_caracteristicas_domicilio3_BR_20250417.csv,setor,https://ftp.ibge.gov.br/Censos/Censo_Demografico_2022/Agregados_por_Setores_Censitarios/Agregados_por_Setor_csv/Agregados_por_setores_caracteristicas_domicilio3_BR_20250417.zip
V00597,V00597,"Domicílios Particulares Permanentes Ocupados, Destinação do esgoto do banheiro ou sanitário ou buraco para dejeções é fossa séptica ou fossa filtro ligada à rede, Pessoas de sexo masculino no domicílio",Características do Domicílio - Parte 3,Domicílio,domicilio3,Agregados_por_setores_caracteristicas_domicilio3_BR_20250417.csv,setor,https://ftp.ibge.gov.br/Censos/Censo_Demografico_2022/Agregados_por_Setores_Censitarios/Agregados_por_Setor_csv/Agregados_por_setores_caracteristicas_domicilio3_BR_20250417.zip
V00598,V00598,"Domicílios Particulares Permanentes Ocupados, Destinação do esgoto do banheiro ou sanitário ou buraco para dejeções é fossa séptica ou fossa filtro não ligada à rede, Pessoas de sexo masculino no domicílio",Características do Domicílio - Parte 3,Domicílio,domicilio3,Agregados_por_setores_caracteristicas_domicilio3_BR_20250417.csv,setor,https://ftp.ibge.gov.br/Censos/Censo_Demografico_2022/Agregados_por_Setores_Censitarios/Agregados_por_Setor_csv/Agregados_por_setores_caracteristicas_domicilio3_BR_20250417.zip
V00599,V00599,"Domicílios Particulares Permanentes Ocupados, Destinação do esgoto do banheiro ou sanitário ou buraco para dejeções é fossa rudimentar ou buraco, Pessoas de sexo masculino no domicílio",Características do Domicílio - Parte 3,Domicílio,domicilio3,Agregados_por_setores_caracteristicas_domicilio3_BR_20250417.csv,setor,https://ftp.ibge.gov.br/Censos/Censo_Demografico_2022/Agregados_por_Setores_Censitarios/Agregados_por_Setor_csv/Agregados_por_setores_caracteristicas_domicilio3_BR_20250417.zip
V00600,V00600,"Domicílios Particulares Permanentes Ocupados, Destinação do esgoto do banheiro ou sanitário ou buraco para dejeções é vala, Pessoas de sexo masculino no domicílio",Características do Domicílio - Parte 3,Domicílio,domicilio3,Agregados_por_setores_caracteristicas_domicilio3_BR_20250417.csv,setor,https://ftp.ibge.gov.br/Censos/Censo_Demografico_2022/Agregados_por_Setores_Censitarios/Agregados_por_Setor_csv/Agregados_por_setores_caracteristicas_domicilio3_BR_20250417.zip
V00601,V00601,"Domicílios Particulares Permanentes Ocupados, Destinação do esgoto do banheiro ou sanitário ou buraco para dejeções é rio, lago, córrego ou mar, Pessoas de sexo masculino no domicílio",Características do Domicílio - Parte 3,Domicílio,domicilio3,Agregados_por_setores_caracteristicas_domicilio3_BR_20250417.csv,setor,https://ftp.ibge.gov.br/Censos/Censo_Demografico_2022/Agregados_por_Setores_Censitarios/Agregados_por_Setor_csv/Agregados_por_setores_caracteristicas_domicilio3_BR_20250417.zip
V00602,V00602,"Domicílios Particulares Permanentes Ocupados, Destinação do esgoto do banheiro ou sanitário ou buraco para dejeções é outra forma, Pessoas de sexo masculino no domicílio",Características do Domicílio - Parte 3,Domicílio,domicilio3,Agregados_por_setores_caracteristicas_domicilio3_BR_20250417.csv,setor,https://ftp.ibge.gov.br/Censos/Censo_Demografico_2022/Agregados_por_Setores_Censitarios/Agregados_por_Setor_csv/Agregados_por_setores_caracteristicas_domicilio3_BR_20250417.zip
V00603,V00603,"Domicílios Particulares Permanentes Ocupados, Destinação do esgoto inexistente, pois não tinham banheiro nem sanitário, Pessoas de sexo masculino no domicílio",Características do Domicílio - Parte 3,Domicílio,domicilio3,Agregados_por_setores_caracteristicas_domicilio3_BR_20250417.csv,setor,https://ftp.ibge.gov.br/Censos/Censo_Demografico_2022/Agregados_por_Setores_Censitarios/Agregados_por_Setor_csv/Agregados_por_setores_caracteristicas_domicilio3_BR_20250417.zip
V00604,V00604,"Domicílios Particulares Permanentes Ocupados, Destinação do esgoto do banheiro ou sanitário ou buraco para dejeções é rede geral ou pluvial, Pessoas de sexo feminino no domicílio",Características do Domicílio - Parte 3,Domicílio,domicilio3,Agregados_por_setores_caracteristicas_domicilio3_BR_20250417.csv,setor,https://ftp.ibge.gov.br/Censos/Censo_Demografico_2022/Agregados_por_Setores_Censitarios/Agregados_por_Setor_csv/Agregados_por_setores_caracteristicas_domicilio3_BR_20250417.zip
V00605,V00605,"Domicílios Particulares Permanentes Ocupados, Destinação do esgoto do banheiro ou sanitário ou buraco para dejeções é fossa séptica ou fossa filtro ligada à rede, Pessoas de sexo feminino no domicílio",Características do Domicílio - Parte 3,Domicílio,domicilio3,Agregados_por_setores_caracteristicas_domicilio3_BR_20250417.csv,setor,https://ftp.ibge.gov.br/Censos/Censo_Demografico_2022/Agregados_por_Setores_Censitarios/Agregados_por_Setor_csv/Agregados_por_setores_caracteristicas_domicilio3_BR_20250417.zip
V00606,V00606,"Domicílios Particulares Permanentes Ocupados, Destinação do esgoto do banheiro ou sanitário ou buraco para dejeções é fossa séptica ou fossa filtro não ligada à rede, Pessoas de sexo feminino no domicílio",Características do Domicílio - Parte 3,Domicílio,domicilio3,Agregados_por_setores_caracteristicas_domicilio3_BR_20250417.csv,setor,https://ftp.ibge.gov.br/Censos/Censo_Demografico_2022/Agregados_por_Setores_Censitarios/Agregados_por_Setor_csv/Agregados_por_setores_caracteristicas_domicilio3_BR_20250417.zip
V00607,V00607,"Domicílios Particulares Permanentes Ocupados, Destinação do esgoto do banheiro ou sanitário ou buraco para dejeções é fossa rudimentar ou buraco, Pessoas de sexo feminino no domicílio",Características do Domicílio - Parte 3,Domicílio,domicilio3,Agregados_por_setores_caracteristicas_domicilio3_BR_20250417.csv,setor,https://ftp.ibge.gov.br/Censos/Censo_Demografico_2022/Agregados_por_Setores_Censitarios/Agregados_por_Setor_csv/Agregados_por_setores_caracteristicas_domicilio3_BR_20250417.zip
V00608,V00608,"Domicílios Particulares Permanentes Ocupados, Destinação do esgoto do banheiro ou sanitário ou buraco para dejeções é vala, Pessoas de sexo feminino no domicílio",Características do Domicílio - Parte 3,Domicílio,domicilio3,Agregados_por_setores_caracteristicas_domicilio3_BR_20250417.csv,setor,https://ftp.ibge.gov.br/Censos/Censo_Demografico_2022/Agregados_por_Setores_Censitarios/Agregados_por_Setor_csv/Agregados_por_setores_caracteristicas_domicilio3_BR_20250417.zip
V00609,V00609,"Domicílios Particulares Permanentes Ocupados, Destinação do esgoto do banheiro ou sanitário ou buraco para dejeções é rio, lago, córrego ou mar, Pessoas de sexo feminino no domicílio",Características do Domicílio - Parte 3,Domicílio,domicilio3,Agregados_por_setores_caracteristicas_domicilio3_BR_20250417.csv,setor,https://ftp.ibge.gov.br/Censos/Censo_Demografico_2022/Agregados_por_Setores_Censitarios/Agregados_por_Setor_csv/Agregados_por_setores_caracteristicas_domicilio3_BR_20250417.zip
V00610,V00610,"Domicílios Particulares Permanentes Ocupados, Destinação do esgoto do banheiro ou sanitário ou buraco para dejeções é outra forma, Pessoas de sexo feminino no domicílio",Características do Domicílio - Parte 3,Domicílio,domicilio3,Agregados_por_setores_caracteristicas_domicilio3_BR_20250417.csv,setor,https://ftp.ibge.gov.br/Censos/Censo_Demografico_2022/Agregados_por_Setores_Censitarios/Agregados_por_Setor_csv/Agregados_por_setores_caracteristicas_domicilio3_BR_20250417.zip
V00611,V00611,"Domicílios Particulares Permanentes Ocupados, Destinação do esgoto inexistente, pois não tinham banheiro nem sanitário, Pessoas de sexo feminino no domicílio",Características do Domicílio - Parte 3,Domicílio,domicilio3,Agregados_por_setores_caracteristicas_domicilio3_BR_20250417.csv,setor,https://ftp.ibge.gov.br/Censos/Censo_Demografico_2022/Agregados_por_Setores_Censitarios/Agregados_por_Setor_csv/Agregados_por_setores_caracteristicas_domicilio3_BR_20250417.zip
V00612,V00612,"Domicílios Particulares Permanentes Ocupados, Lixo coletado no domicílio por serviço de limpeza, Quantidade de moradores",Características do Domicílio - Parte 3,Domicílio,domicilio3,Agregados_por_setores_caracteristicas_domicilio3_BR_20250417.csv,setor,https://ftp.ibge.gov.br/Censos/Censo_Demografico_2022/Agregados_por_Setores_Censitarios/Agregados_por_Setor_csv/Agregados_por_setores_caracteristicas_domicilio3_BR_20250417.zip
V00613,V00613,"Domicílios Particulares Permanentes Ocupados, Lixo depositado em caçamba de serviço de limpeza, Quantidade de moradores",Características do Domicílio - Parte 3,Domicílio,domicilio3,Agregados_por_setores_caracteristicas_domicilio3_BR_20250417.csv,setor,https://ftp.ibge.gov.br/Censos/Censo_Demografico_2022/Agregados_por_Setores_Censitarios/Agregados_por_Setor_csv/Agregados_por_setores_caracteristicas_domicilio3_BR_20250417.zip
V00614,V00614,"Domicílios Particulares Permanentes Ocupados, Lixo queimado na propriedade, Quantidade de moradores",Características do Domicílio - Parte 3,Domicílio,domicilio3,Agregados_por_setores_caracteristicas_domicilio3_BR_20250417.csv,setor,https://ftp.ibge.gov.br/Censos/Censo_Demografico_2022/Agregados_por_Setores_Censitarios/Agregados_por_Setor_csv/Agregados_por_setores_caracteristicas_domicilio3_BR_20250417.zip
V00615,V00615,"Domicílios Particulares Permanentes Ocupados, Lixo enterrado na propriedade, Quantidade de moradores",Características do Domicílio - Parte 3,Domicílio,domicilio3,Agregados_por_setores_caracteristicas_domicilio3_BR_20250417.csv,setor,https://ftp.ibge.gov.br/Censos/Censo_Demografico_2022/Agregados_por_Setores_Censitarios/Agregados_por_Setor_csv/Agregados_por_setores_caracteristicas_domicilio3_BR_20250417.zip
V00616,V00616,"Domicílios Particulares Permanentes Ocupados, Lixo jogado em terreno baldio, encosta ou área pública, Quantidade de moradores",Características do Domicílio - Parte 3,Domicílio,domicilio3,Agregados_por_setores_caracteristicas_domicilio3_BR_20250417.csv,setor,https://ftp.ibge.gov.br/Censos/Censo_Demografico_2022/Agregados_por_Setores_Censitarios/Agregados_por_Setor_csv/Agregados_por_setores_caracteristicas_domicilio3_BR_20250417.zip
V00617,V00617,"Domicílios Particulares Permanentes Ocupados, Outro destino do lixo, Quantidade de moradores",Características do Domicílio - Parte 3,Domicílio,domicilio3,Agregados_por_setores_caracteristicas_domicilio3_BR_20250417.csv,setor,https://ftp.ibge.gov.br/Censos/Censo_Demografico_2022/Agregados_por_Setores_Censitarios/Agregados_por_Setor_csv/Agregados_por_setores_caracteristicas_domicilio3_BR_20250417.zip
V00618,V00618,"Domicílios Particulares Permanentes Ocupados, Lixo coletado no domicílio por serviço de limpeza, Quantidade de crianças de zero a nove anos de idade",Características do Domicílio - Parte 3,Domicílio,domicilio3,Agregados_por_setores_caracteristicas_domicilio3_BR_20250417.csv,setor,https://ftp.ibge.gov.br/Censos/Censo_Demografico_2022/Agregados_por_Setores_Censitarios/Agregados_por_Setor_csv/Agregados_por_setores_caracteristicas_domicilio3_BR_20250417.zip
V00619,V00619,"Domicílios Particulares Permanentes Ocupados, Lixo depositado em caçamba de serviço de limpeza, Quantidade de crianças de zero a nove anos de idade",Características do Domicílio - Parte 3,Domicílio,domicilio3,Agregados_por_setores_caracteristicas_domicilio3_BR_20250417.csv,setor,https://ftp.ibge.gov.br/Censos/Censo_Demografico_2022/Agregados_por_Setores_Censitarios/Agregados_por_Setor_csv/Agregados_por_setores_caracteristicas_domicilio3_BR_20250417.zip
V00620,V00620,"Domicílios Particulares Permanentes Ocupados, Lixo queimado na propriedade, Quantidade de crianças de zero a nove anos de idade",Características do Domicílio - Parte 3,Domicílio,domicilio3,Agregados_por_setores_caracteristicas_domicilio3_BR_20250417.csv,setor,https://ftp.ibge.gov.br/Censos/Censo_Demografico_2022/Agregados_por_Setores_Censitarios/Agregados_por_Setor_csv/Agregados_por_setores_caracteristicas_domicilio3_BR_20250417.zip
V00621,V00621,"Domicílios Particulares Permanentes Ocupados, Lixo enterrado na propriedade, Quantidade de crianças de zero a nove anos de idade",Características do Domicílio - Parte 3,Domicílio,domicilio3,Agregados_por_setores_caracteristicas_domicilio3_BR_20250417.csv,setor,https://ftp.ibge.gov.br/Censos/Censo_Demografico_2022/Agregados_por_Setores_Censitarios/Agregados_por_Setor_csv/Agregados_por_setores_caracteristicas_domicilio3_BR_20250417.zip
V00622,V00622,"Domicílios Particulares Permanentes Ocupados, Lixo jogado em terreno baldio, encosta ou área pública, Quantidade de crianças de zero a nove anos de idade",Características do Domicílio - Parte 3,Domicílio,domicilio3,Agregados_por_setores_caracteristicas_domicilio3_BR_20250417.csv,setor,https://ftp.ibge.gov.br/Censos/Censo_Demografico_2022/Agregados_por_Setores_Censitarios/Agregados_por_Setor_csv/Agregados_por_setores_caracteristicas_domicilio3_BR_20250417.zip
V00623,V00623,"Domicílios Particulares Permanentes Ocupados, Outro destino do lixo, Quantidade de crianças de zero a nove anos de idade",Características do Domicílio - Parte 3,Domicílio,domicilio3,Agregados_por_setores_caracteristicas_domicilio3_BR_20250417.csv,setor,https://ftp.ibge.gov.br/Censos/Censo_Demografico_2022/Agregados_por_Setores_Censitarios/Agregados_por_Setor_csv/Agregados_por_setores_caracteristicas_domicilio3_BR_20250417.zip
V00624,V00624,"Domicílios Particulares Permanentes Ocupados, Lixo coletado no domicílio por serviço de limpeza, Pessoas de sexo masculino no domicílio",Características do Domicílio - Parte 3,Domicílio,domicilio3,Agregados_por_setores_caracteristicas_domicilio3_BR_20250417.csv,setor,https://ftp.ibge.gov.br/Censos/Censo_Demografico_2022/Agregados_por_Setores_Censitarios/Agregados_por_Setor_csv/Agregados_por_setores_caracteristicas_domicilio3_BR_20250417.zip
V00625,V00625,"Domicílios Particulares Permanentes Ocupados, Lixo depositado em caçamba de serviço de limpeza, Pessoas de sexo masculino no domicílio",Características do Domicílio - Parte 3,Domicílio,domicilio3,Agregados_por_setores_caracteristicas_domicilio3_BR_20250417.csv,setor,https://ftp.ibge.gov.br/Censos/Censo_Demografico_2022/Agregados_por_Setores_Censitarios/Agregados_por_Setor_csv/Agregados_por_setores_caracteristicas_domicilio3_BR_20250417.zip
V00626,V00626,"Domicílios Particulares Permanentes Ocupados, Lixo queimado na propriedade, Pessoas de sexo masculino no domicílio",Características do Domicílio - Parte 3,Domicílio,domicilio3,Agregados_por_setores_caracteristicas_domicilio3_BR_20250417.csv,setor,https://ftp.ibge.gov.br/Censos/Censo_Demografico_2022/Agregados_por_Setores_Censitarios/Agregados_por_Setor_csv/Agregados_por_setores_caracteristicas_domicilio3_BR_20250417.zip
V00627,V00627,"Domicílios Particulares Permanentes Ocupados, Lixo enterrado na propriedade, Pessoas de sexo masculino no domicílio",Características do Domicílio - Parte 3,Domicílio,domicilio3,Agregados_por_setores_caracteristicas_domicilio3_BR_20250417.csv,setor,https://ftp.ibge.gov.br/Censos/Censo_Demografico_2022/Agregados_por_Setores_Censitarios/Agregados_por_Setor_csv/Agregados_por_setores_caracteristicas_domicilio3_BR_20250417.zip
V00628,V00628,"Domicílios Particulares Permanentes Ocupados, Lixo jogado em terreno baldio, encosta ou área pública, Pessoas de sexo masculino no domicílio",Características do Domicílio - Parte 3,Domicílio,domicilio3,Agregados_por_setores_caracteristicas_domicilio3_BR_20250417.csv,setor,https://ftp.ibge.gov.br/Censos/Censo_Demografico_2022/Agregados_por_Setores_Censitarios/Agregados_por_Setor_csv/Agregados_por_setores_caracteristicas_domicilio3_BR_20250417.zip
V00629,V00629,"Domicílios Particulares Permanentes Ocupados, Outro destino do lixo, Pessoas de sexo masculino no domicílio",Características do Domicílio - Parte 3,Domicílio,domicilio3,Agregados_por_setores_caracteristicas_domicilio3_BR_20250417.csv,setor,https://ftp.ibge.gov.br/Censos/Censo_Demografico_2022/Agregados_por_Setores_Censitarios/Agregados_por_Setor_csv/Agregados_por_setores_caracteristicas_domicilio3_BR_20250417.zip
V00630,V00630,"Domicílios Particulares Permanentes Ocupados, Lixo coletado no domicílio por serviço de limpeza, Pessoas de sexo feminino no domicílio",Características do Domicílio - Parte 3,Domicílio,domicilio3,Agregados_por_setores_caracteristicas_domicilio3_BR_20250417.csv,setor,https://ftp.ibge.gov.br/Censos/Censo_Demografico_2022/Agregados_por_Setores_Censitarios/Agregados_por_Setor_csv/Agregados_por_setores_caracteristicas_domicilio3_BR_20250417.zip
V00631,V00631,"Domicílios Particulares Permanentes Ocupados, Lixo depositado em caçamba de serviço de limpeza, Pessoas de sexo feminino no domicílio",Características do Domicílio - Parte 3,Domicílio,domicilio3,Agregados_por_setores_caracteristicas_domicilio3_BR_20250417.csv,setor,https://ftp.ibge.gov.br/Censos/Censo_Demografico_2022/Agregados_por_Setores_Censitarios/Agregados_por_Setor_csv/Agregados_por_setores_caracteristicas_domicilio3_BR_20250417.zip
V00632,V00632,"Domicílios Particulares Permanentes Ocupados, Lixo queimado na propriedade, Pessoas de sexo feminino no domicílio",Características do Domicílio - Parte 3,Domicílio,domicilio3,Agregados_por_setores_caracteristicas_domicilio3_BR_20250417.csv,setor,https://ftp.ibge.gov.br/Censos/Censo_Demografico_2022/Agregados_por_Setores_Censitarios/Agregados_por_Setor_csv/Agregados_por_setores_caracteristicas_domicilio3_BR_20250417.zip
V00633,V00633,"Domicílios Particulares Permanentes Ocupados, Lixo enterrado na propriedade, Pessoas de sexo feminino no domicílio",Características do Domicílio - Parte 3,Domicílio,domicilio3,Agregados_por_setores_caracteristicas_domicilio3_BR_20250417.csv,setor,https://ftp.ibge.gov.br/Censos/Censo_Demografico_2022/Agregados_por_Setores_Censitarios/Agregados_por_Setor_csv/Agregados_por_setores_caracteristicas_domicilio3_BR_20250417.zip
V00634,V00634,"Domicílios Particulares Permanentes Ocupados, Lixo jogado em terreno baldio, encosta ou área pública, Pessoas de sexo feminino no domicílio",Características do Domicílio - Parte 3,Domicílio,domicilio3,Agregados_por_setores_caracteristicas_domicilio3_BR_20250417.csv,setor,https://ftp.ibge.gov.br/Censos/Censo_Demografico_2022/Agregados_por_Setores_Censitarios/Agregados_por_Setor_csv/Agregados_por_setores_caracteristicas_domicilio3_BR_20250417.zip
V00635,V00635,"Domicílios Particulares Permanentes Ocupados, Outro destino do lixo, Pessoas de sexo feminino no domicílio",Características do Domicílio - Parte 3,Domicílio,domicilio3,Agregados_por_setores_caracteristicas_domicilio3_BR_20250417.csv,setor,https://ftp.ibge.gov.br/Censos/Censo_Demografico_2022/Agregados_por_Setores_Censitarios/Agregados_por_Setor_csv/Agregados_por_setores_caracteristicas_domicilio3_BR_20250417.zip
V00636,V00636,"Domicílios Particulares Permanentes Ocupados, Domicílio possui ligação à rede geral de distribuição de água, mas utiliza principalmente outra forma, Quantidade de moradores",Características do Domicílio - Parte 3,Domicílio,domicilio3,Agregados_por_setores_caracteristicas_domicilio3_BR_20250417.csv,setor,https://ftp.ibge.gov.br/Censos/Censo_Demografico_2022/Agregados_por_Setores_Censitarios/Agregados_por_Setor_csv/Agregados_por_setores_caracteristicas_domicilio3_BR_20250417.zip
V00637,V00637,"Domicílios Particulares Permanentes Ocupados, Domicílio não possui ligação à rede geral de distribuição de água, Quantidade de moradores",Características do Domicílio - Parte 3,Domicílio,domicilio3,Agregados_por_setores_caracteristicas_domicilio3_BR_20250417.csv,setor,https://ftp.ibge.gov.br/Censos/Censo_Demografico_2022/Agregados_por_Setores_Censitarios/Agregados_por_Setor_csv/Agregados_por_setores_caracteristicas_domicilio3_BR_20250417.zip
V00638,V00638,"Domicílios Particulares Permanentes Ocupados, Domicílio possui ligação à rede geral de distribuição de água, mas utiliza principalmente outra forma, Quantidade de crianças de zero a nove anos de idade",Características do Domicílio - Parte 3,Domicílio,domicilio3,Agregados_por_setores_caracteristicas_domicilio3_BR_20250417.csv,setor,https://ftp.ibge.gov.br/Censos/Censo_Demografico_2022/Agregados_por_Setores_Censitarios/Agregados_por_Setor_csv/Agregados_por_setores_caracteristicas_domicilio3_BR_20250417.zip
V00639,V00639,"Domicílios Particulares Permanentes Ocupados, Domicílio não possui ligação à rede geral de distribuição de água, Quantidade de crianças de zero a nove anos de idade",Características do Domicílio - Parte 3,Domicílio,domicilio3,Agregados_por_setores_caracteristicas_domicilio3_BR_20250417.csv,setor,https://ftp.ibge.gov.br/Censos/Censo_Demografico_2022/Agregados_por_Setores_Censitarios/Agregados_por_Setor_csv/Agregados_por_setores_caracteristicas_domicilio3_BR_20250417.zip
V00640,V00640,"Domicílios Particulares Permanentes Ocupados, Domicílio possui ligação à rede geral de distribuição de água, mas utiliza principalmente outra forma, Pessoas de sexo masculino no domicílio",Características do Domicílio - Parte 3,Domicílio,domicilio3,Agregados_por_setores_caracteristicas_domicilio3_BR_20250417.csv,setor,https://ftp.ibge.gov.br/Censos/Censo_Demografico_2022/Agregados_por_Setores_Censitarios/Agregados_por_Setor_csv/Agregados_por_setores_caracteristicas_domicilio3_BR_20250417.zip
V00641,V00641,"Domicílios Particulares Permanentes Ocupados, Domicílio não possui ligação à rede geral de distribuição de água, Pessoas de sexo masculino no domicílio",Características do Domicílio - Parte 3,Domicílio,domicilio3,Agregados_por_setores_caracteristicas_domicilio3_BR_20250417.csv,setor,https://ftp.ibge.gov.br/Censos/Censo_Demografico_2022/Agregados_por_Setores_Censitarios/Agregados_por_Setor_csv/Agregados_por_setores_caracteristicas_domicilio3_BR_20250417.zip
V00642,V00642,"Domicílios Particulares Permanentes Ocupados, Domicílio possui ligação à rede geral de distribuição de água, mas utiliza principalmente outra forma, Pessoas de sexo feminino no domicílio",Características do Domicílio - Parte 3,Domicílio,domicilio3,Agregados_por_setores_caracteristicas_domicilio3_BR_20250417.csv,setor,https://ftp.ibge.gov.br/Censos/Censo_Demografico_2022/Agregados_por_Setores_Censitarios/Agregados_por_Setor_csv/Agregados_por_setores_caracteristicas_domicilio3_BR_20250417.zip
V00643,V00643,"Domicílios Particulares Permanentes Ocupados, Domicílio não possui ligação à rede geral de distribuição de água, Pessoas de sexo feminino no domicílio",Características do Domicílio - Parte 3,Domicílio,domicilio3,Agregados_por_setores_caracteristicas_domicilio3_BR_20250417.csv,setor,https://ftp.ibge.gov.br/Censos/Censo_Demografico_2022/Agregados_por_Setores_Censitarios/Agregados_por_Setor_csv/Agregados_por_setores_caracteristicas_domicilio3_BR_20250417.zip
V00644,V00644,15 a 19 anos,Alfabetização,Pessoas,alfabetizacao,Agregados_por_setores_alfabetizacao_BR.csv,CD_setor,https://ftp.ibge.gov.br/Censos/Censo_Demografico_2022/Agregados_por_Setores_Censitarios/Agregados_por_Setor_csv/Agregados_por_setores_alfabetizacao_BR.zip
V00645,V00645,20 a 24 anos,Alfabetização,Pessoas,alfabetizacao,Agregados_por_setores_alfabetizacao_BR.csv,CD_setor,https://ftp.ibge.gov.br/Censos/Censo_Demografico_2022/Agregados_por_Setores_Censitarios/Agregados_por_Setor_csv/Agregados_por_setores_alfabetizacao_BR.zip
V00646,V00646,25 a 29 anos,Alfabetização,Pessoas,alfabetizacao,Agregados_por_setores_alfabetizacao_BR.csv,CD_setor,https://ftp.ibge.gov.br/Censos/Censo_Demografico_2022/Agregados_por_Setores_Censitarios/Agregados_por_Setor_csv/Agregados_por_setores_alfabetizacao_BR.zip
V00647,V00647,30 a 34 anos,Alfabetização,Pessoas,alfabetizacao,Agregados_por_setores_alfabetizacao_BR.csv,CD_setor,https://ftp.ibge.gov.br/Censos/Censo_Demografico_2022/Agregados_por_Setores_Censitarios/Agregados_por_Setor_csv/Agregados_por_setores_alfabetizacao_BR.zip
V00648,V00648,35 a 39 anos,Alfabetização,Pessoas,alfabetizacao,Agregados_por_setores_alfabetizacao_BR.csv,CD_setor,https://ftp.ibge.gov.br/Censos/Censo_Demografico_2022/Agregados_por_Setores_Censitarios/Agregados_por_Setor_csv/Agregados_por_setores_alfabetizacao_BR.zip
V00649,V00649,40 a 44 anos,Alfabetização,Pessoas,alfabetizacao,Agregados_por_setores_alfabetizacao_BR.csv,CD_setor,https://ftp.ibge.gov.br/Censos/Censo_Demografico_2022/Agregados_por_Setores_Censitarios/Agregados_por_Setor_csv/Agregados_por_setores_alfabetizacao_BR.zip
V00650,V00650,45 a 49 anos,Alfabetização,Pessoas,alfabetizacao,Agregados_por_setores_alfabetizacao_BR.csv,CD_setor,https://ftp.ibge.gov.br/Censos/Censo_Demografico_2022/Agregados_por_Setores_Censitarios/Agregados_por_Setor_csv/Agregados_por_setores_alfabetizacao_BR.zip
V00651,V00651,50 a 54 anos,Alfabetização,Pessoas,alfabetizacao,Agregados_por_setores_alfabetizacao_BR.csv,CD_setor,https://ftp.ibge.gov.br/Censos/Censo_Demografico_2022/Agregados_por_Setores_Censitarios/Agregados_por_Setor_csv/Agregados_por_setores_alfabetizacao_BR.zip
V00652,V00652,55 a 59 anos,Alfabetização,Pessoas,alfabetizacao,Agregados_por_setores_alfabetizacao_BR.csv,CD_setor,https://ftp.ibge.gov.br/Censos/Censo_Demografico_2022/Agregados_por_Setores_Censitarios/Agregados_por_Setor_csv/Agregados_por_setores_alfabetizacao_BR.zip
V00653,V00653,60 a 64 anos,Alfabetização,Pessoas,alfabetizacao,Agregados_por_setores_alfabetizacao_BR.csv,CD_setor,https://ftp.ibge.gov.br/Censos/Censo_Demografico_2022/Agregados_por_Setores_Censitarios/Agregados_por_Setor_csv/Agregados_por_setores_alfabetizacao_BR.zip
V00654,V00654,65 a 69 anos,Alfabetização,Pessoas,alfabetizacao,Agregados_por_setores_alfabetizacao_BR.csv,CD_setor,https://ftp.ibge.gov.br/Censos/Censo_Demografico_2022/Agregados_por_Setores_Censitarios/Agregados_por_Setor_csv/Agregados_por_setores_alfabetizacao_BR.zip
V00655,V00655,70 a 79 anos,Alfabetização,Pessoas,alfabetizacao,Agregados_por_setores_alfabetizacao_BR.csv,CD_setor,https://ftp.ibge.gov.br/Censos/Censo_Demografico_2022/Agregados_por_Setores_Censitarios/Agregados_por_Setor_csv/Agregados_por_setores_alfabetizacao_BR.zip
V00656,V00656,80 anos ou mais,Alfabetização,Pessoas,alfabetizacao,Agregados_por_setores_alfabetizacao_BR.csv,CD_setor,https://ftp.ibge.gov.br/Censos/Censo_Demografico_2022/Agregados_por_Setores_Censitarios/Agregados_por_Setor_csv/Agregados_por_setores_alfabetizacao_BR.zip
V00657,V00657,"15 a 19 anos, Cor ou raça é branca",Alfabetização,Pessoas,alfabetizacao,Agregados_por_setores_alfabetizacao_BR.csv,CD_setor,https://ftp.ibge.gov.br/Censos/Censo_Demografico_2022/Agregados_por_Setores_Censitarios/Agregados_por_Setor_csv/Agregados_por_setores_alfabetizacao_BR.zip
V00658,V00658,"15 a 19 anos, Cor ou raça é preta",Alfabetização,Pessoas,alfabetizacao,Agregados_por_setores_alfabetizacao_BR.csv,CD_setor,https://ftp.ibge.gov.br/Censos/Censo_Demografico_2022/Agregados_por_Setores_Censitarios/Agregados_por_Setor_csv/Agregados_por_setores_alfabetizacao_BR.zip
V00659,V00659,"15 a 19 anos, Cor ou raça é amarela",Alfabetização,Pessoas,alfabetizacao,Agregados_por_setores_alfabetizacao_BR.csv,CD_setor,https://ftp.ibge.gov.br/Censos/Censo_Demografico_2022/Agregados_por_Setores_Censitarios/Agregados_por_Setor_csv/Agregados_por_setores_alfabetizacao_BR.zip
V00660,V00660,"15 a 19 anos, Cor ou raça é parda",Alfabetização,Pessoas,alfabetizacao,Agregados_por_setores_alfabetizacao_BR.csv,CD_setor,https://ftp.ibge.gov.br/Censos/Censo_Demografico_2022/Agregados_por_Setores_Censitarios/Agregados_por_Setor_csv/Agregados_por_setores_alfabetizacao_BR.zip
V00661,V00661,"15 a 19 anos, Cor ou raça é indígena",Alfabetização,Pessoas,alfabetizacao,Agregados_por_setores_alfabetizacao_BR.csv,CD_setor,https://ftp.ibge.gov.br/Censos/Censo_Demografico_2022/Agregados_por_Setores_Censitarios/Agregados_por_Setor_csv/Agregados_por_setores_alfabetizacao_BR.zip
V00662,V00662,"20 a 24 anos, Cor ou raça é branca",Alfabetização,Pessoas,alfabetizacao,Agregados_por_setores_alfabetizacao_BR.csv,CD_setor,https://ftp.ibge.gov.br/Censos/Censo_Demografico_2022/Agregados_por_Setores_Censitarios/Agregados_por_Setor_csv/Agregados_por_setores_alfabetizacao_BR.zip
V00663,V00663,"20 a 24 anos, Cor ou raça é preta",Alfabetização,Pessoas,alfabetizacao,Agregados_por_setores_alfabetizacao_BR.csv,CD_setor,https://ftp.ibge.gov.br/Censos/Censo_Demografico_2022/Agregados_por_Setores_Censitarios/Agregados_por_Setor_csv/Agregados_por_setores_alfabetizacao_BR.zip
V00664,V00664,"20 a 24 anos, Cor ou raça é amarela",Alfabetização,Pessoas,alfabetizacao,Agregados_por_setores_alfabetizacao_BR.csv,CD_setor,https://ftp.ibge.gov.br/Censos/Censo_Demografico_2022/Agregados_por_Setores_Censitarios/Agregados_por_Setor_csv/Agregados_por_setores_alfabetizacao_BR.zip
V00665,V00665,"20 a 24 anos, Cor ou raça é parda",Alfabetização,Pessoas,alfabetizacao,Agregados_por_setores_alfabetizacao_BR.csv,CD_setor,https://ftp.ibge.gov.br/Censos/Censo_Demografico_2022/Agregados_por_Setores_Censitarios/Agregados_por_Setor_csv/Agregados_por_setores_alfabetizacao_BR.zip
V00666,V00666,"20 a 24 anos, Cor ou raça é indígena",Alfabetização,Pessoas,alfabetizacao,Agregados_por_setores_alfabetizacao_BR.csv,CD_setor,https://ftp.ibge.gov.br/Censos/Censo_Demografico_2022/Agregados_por_Setores_Censitarios/Agregados_por_Setor_csv/Agregados_por_setores_alfabetizacao_BR.zip
V00667,V00667,"25 a 29 anos, Cor ou raça é branca",Alfabetização,Pessoas,alfabetizacao,Agregados_por_setores_alfabetizacao_BR.csv,CD_setor,https://ftp.ibge.gov.br/Censos/Censo_Demografico_2022/Agregados_por_Setores_Censitarios/Agregados_por_Setor_csv/Agregados_por_setores_alfabetizacao_BR.zip
V00668,V00668,"25 a 29 anos, Cor ou raça é preta",Alfabetização,Pessoas,alfabetizacao,Agregados_por_setores_alfabetizacao_BR.csv,CD_setor,https://ftp.ibge.gov.br/Censos/Censo_Demografico_2022/Agregados_por_Setores_Censitarios/Agregados_por_Setor_csv/Agregados_por_setores_alfabetizacao_BR.zip
V00669,V00669,"25 a 29 anos, Cor ou raça é amarela",Alfabetização,Pessoas,alfabetizacao,Agregados_por_setores_alfabetizacao_BR.csv,CD_setor,https://ftp.ibge.gov.br/Censos/Censo_Demografico_2022/Agregados_por_Setores_Censitarios/Agregados_por_Setor_csv/Agregados_por_setores_alfabetizacao_BR.zip
V00670,V00670,"25 a 29 anos, Cor ou raça é parda",Alfabetização,Pessoas,alfabetizacao,Agregados_por_setores_alfabetizacao_BR.csv,CD_setor,https://ftp.ibge.gov.br/Censos/Censo_Demografico_2022/Agregados_por_Setores_Censitarios/Agregados_por_Setor_csv/Agregados_por_setores_alfabetizacao_BR.zip
V00671,V00671,"25 a 29 anos, Cor ou raça é indígena",Alfabetização,Pessoas,alfabetizacao,Agregados_por_setores_alfabetizacao_BR.csv,CD_setor,https://ftp.ibge.gov.br/Censos/Censo_Demografico_2022/Agregados_por_Setores_Censitarios/Agregados_por_Setor_csv/Agregados_por_setores_alfabetizacao_BR.zip
V00672,V00672,"30 a 34 anos, Cor ou raça é branca",Alfabetização,Pessoas,alfabetizacao,Agregados_por_setores_alfabetizacao_BR.csv,CD_setor,https://ftp.ibge.gov.br/Censos/Censo_Demografico_2022/Agregados_por_Setores_Censitarios/Agregados_por_Setor_csv/Agregados_por_setores_alfabetizacao_BR.zip
V00673,V00673,"30 a 34 anos, Cor ou raça é preta",Alfabetização,Pessoas,alfabetizacao,Agregados_por_setores_alfabetizacao_BR.csv,CD_setor,https://ftp.ibge.gov.br/Censos/Censo_Demografico_2022/Agregados_por_Setores_Censitarios/Agregados_por_Setor_csv/Agregados_por_setores_alfabetizacao_BR.zip
V00674,V00674,"30 a 34 anos, Cor ou raça é amarela",Alfabetização,Pessoas,alfabetizacao,Agregados_por_setores_alfabetizacao_BR.csv,CD_setor,https://ftp.ibge.gov.br/Censos/Censo_Demografico_2022/Agregados_por_Setores_Censitarios/Agregados_por_Setor_csv/Agregados_por_setores_alfabetizacao_BR.zip
V00675,V00675,"30 a 34 anos, Cor ou raça é parda",Alfabetização,Pessoas,alfabetizacao,Agregados_por_setores_alfabetizacao_BR.csv,CD_setor,https://ftp.ibge.gov.br/Censos/Censo_Demografico_2022/Agregados_por_Setores_Censitarios/Agregados_por_Setor_csv/Agregados_por_setores_alfabetizacao_BR.zip
V00676,V00676,"30 a 34 anos, Cor ou raça é indígena",Alfabetização,Pessoas,alfabetizacao,Agregados_por_setores_alfabetizacao_BR.csv,CD_setor,https://ftp.ibge.gov.br/Censos/Censo_Demografico_2022/Agregados_por_Setores_Censitarios/Agregados_por_Setor_csv/Agregados_por_setores_alfabetizacao_BR.zip
V00677,V00677,"35 a 39 anos, Cor ou raça é branca",Alfabetização,Pessoas,alfabetizacao,Agregados_por_setores_alfabetizacao_BR.csv,CD_setor,https://ftp.ibge.gov.br/Censos/Censo_Demografico_2022/Agregados_por_Setores_Censitarios/Agregados_por_Setor_csv/Agregados_por_setores_alfabetizacao_BR.zip
V00678,V00678,"35 a 39 anos, Cor ou raça é preta",Alfabetização,Pessoas,alfabetizacao,Agregados_por_setores_alfabetizacao_BR.csv,CD_setor,https://ftp.ibge.gov.br/Censos/Censo_Demografico_2022/Agregados_por_Setores_Censitarios/Agregados_por_Setor_csv/Agregados_por_setores_alfabetizacao_BR.zip
V00679,V00679,"35 a 39 anos, Cor ou raça é amarela",Alfabetização,Pessoas,alfabetizacao,Agregados_por_setores_alfabetizacao_BR.csv,CD_setor,https://ftp.ibge.gov.br/Censos/Censo_Demografico_2022/Agregados_por_Setores_Censitarios/Agregados_por_Setor_csv/Agregados_por_setores_alfabetizacao_BR.zip
V00680,V00680,"35 a 39 anos, Cor ou raça é parda",Alfabetização,Pessoas,alfabetizacao,Agregados_por_setores_alfabetizacao_BR.csv,CD_setor,https://ftp.ibge.gov.br/Censos/Censo_Demografico_2022/Agregados_por_Setores_Censitarios/Agregados_por_Setor_csv/Agregados_por_setores_alfabetizacao_BR.zip
V00681,V00681,"35 a 39 anos, Cor ou raça é indígena",Alfabetização,Pessoas,alfabetizacao,Agregados_por_setores_alfabetizacao_BR.csv,CD_setor,https://ftp.ibge.gov.br/Censos/Censo_Demografico_2022/Agregados_por_Setores_Censitarios/Agregados_por_Setor_csv/Agregados_por_setores_alfabetizacao_BR.zip
V00682,V00682,"40 a 44 anos, Cor ou raça é branca",Alfabetização,Pessoas,alfabetizacao,Agregados_por_setores_alfabetizacao_BR.csv,CD_setor,https://ftp.ibge.gov.br/Censos/Censo_Demografico_2022/Agregados_por_Setores_Censitarios/Agregados_por_Setor_csv/Agregados_por_setores_alfabetizacao_BR.zip
V00683,V00683,"40 a 44 anos, Cor ou raça é preta",Alfabetização,Pessoas,alfabetizacao,Agregados_por_setores_alfabetizacao_BR.csv,CD_setor,https://ftp.ibge.gov.br/Censos/Censo_Demografico_2022/Agregados_por_Setores_Censitarios/Agregados_por_Setor_csv/Agregados_por_setores_alfabetizacao_BR.zip
V00684,V00684,"40 a 44 anos, Cor ou raça é amarela",Alfabetização,Pessoas,alfabetizacao,Agregados_por_setores_alfabetizacao_BR.csv,CD_setor,https://ftp.ibge.gov.br/Censos/Censo_Demografico_2022/Agregados_por_Setores_Censitarios/Agregados_por_Setor_csv/Agregados_por_setores_alfabetizacao_BR.zip
V00685,V00685,"40 a 44 anos, Cor ou raça é parda",Alfabetização,Pessoas,alfabetizacao,Agregados_por_setores_alfabetizacao_BR.csv,CD_setor,https://ftp.ibge.gov.br/Censos/Censo_Demografico_2022/Agregados_por_Setores_Censitarios/Agregados_por_Setor_csv/Agregados_por_setores_alfabetizacao_BR.zip
V00686,V00686,"40 a 44 anos, Cor ou raça é indígena",Alfabetização,Pessoas,alfabetizacao,Agregados_por_setores_alfabetizacao_BR.csv,CD_setor,https://ftp.ibge.gov.br/Censos/Censo_Demografico_2022/Agregados_por_Setores_Censitarios/Agregados_por_Setor_csv/Agregados_por_setores_alfabetizacao_BR.zip
V00687,V00687,"45 a 49 anos, Cor ou raça é branca",Alfabetização,Pessoas,alfabetizacao,Agregados_por_setores_alfabetizacao_BR.csv,CD_setor,https://ftp.ibge.gov.br/Censos/Censo_Demografico_2022/Agregados_por_Setores_Censitarios/Agregados_por_Setor_csv/Agregados_por_setores_alfabetizacao_BR.zip
V00688,V00688,"45 a 49 anos, Cor ou raça é preta",Alfabetização,Pessoas,alfabetizacao,Agregados_por_setores_alfabetizacao_BR.csv,CD_setor,https://ftp.ibge.gov.br/Censos/Censo_Demografico_2022/Agregados_por_Setores_Censitarios/Agregados_por_Setor_csv/Agregados_por_setores_alfabetizacao_BR.zip
V00689,V00689,"45 a 49 anos, Cor ou raça é amarela",Alfabetização,Pessoas,alfabetizacao,Agregados_por_setores_alfabetizacao_BR.csv,CD_setor,https://ftp.ibge.gov.br/Censos/Censo_Demografico_2022/Agregados_por_Setores_Censitarios/Agregados_por_Setor_csv/Agregados_por_setores_alfabetizacao_BR.zip
V00690,V00690,"45 a 49 anos, Cor ou raça é parda",Alfabetização,Pessoas,alfabetizacao,Agregados_por_setores_alfabetizacao_BR.csv,CD_setor,https://ftp.ibge.gov.br/Censos/Censo_Demografico_2022/Agregados_por_Setores_Censitarios/Agregados_por_Setor_csv/Agregados_por_setores_alfabetizacao_BR.zip
V00691,V00691,"45 a 49 anos, Cor ou raça é indígena",Alfabetização,Pessoas,alfabetizacao,Agregados_por_setores_alfabetizacao_BR.csv,CD_setor,https://ftp.ibge.gov.br/Censos/Censo_Demografico_2022/Agregados_por_Setores_Censitarios/Agregados_por_Setor_csv/Agregados_por_setores_alfabetizacao_BR.zip
V00692,V00692,"50 a 54 anos, Cor ou raça é branca",Alfabetização,Pessoas,alfabetizacao,Agregados_por_setores_alfabetizacao_BR.csv,CD_setor,https://ftp.ibge.gov.br/Censos/Censo_Demografico_2022/Agregados_por_Setores_Censitarios/Agregados_por_Setor_csv/Agregados_por_setores_alfabetizacao_BR.zip
V00693,V00693,"50 a 54 anos, Cor ou raça é preta",Alfabetização,Pessoas,alfabetizacao,Agregados_por_setores_alfabetizacao_BR.csv,CD_setor,https://ftp.ibge.gov.br/Censos/Censo_Demografico_2022/Agregados_por_Setores_Censitarios/Agregados_por_Setor_csv/Agregados_por_setores_alfabetizacao_BR.zip
V00694,V00694,"50 a 54 anos, Cor ou raça é amarela",Alfabetização,Pessoas,alfabetizacao,Agregados_por_setores_alfabetizacao_BR.csv,CD_setor,https://ftp.ibge.gov.br/Censos/Censo_Demografico_2022/Agregados_por_Setores_Censitarios/Agregados_por_Setor_csv/Agregados_por_setores_alfabetizacao_BR.zip
V00695,V00695,"50 a 54 anos, Cor ou raça é parda",Alfabetização,Pessoas,alfabetizacao,Agregados_por_setores_alfabetizacao_BR.csv,CD_setor,https://ftp.ibge.gov.br/Censos/Censo_Demografico_2022/Agregados_por_Setores_Censitarios/Agregados_por_Setor_csv/Agregados_por_setores_alfabetizacao_BR.zip
V00696,V00696,"50 a 54 anos, Cor ou raça é indígena",Alfabetização,Pessoas,alfabetizacao,Agregados_por_setores_alfabetizacao_BR.csv,CD_setor,https://ftp.ibge.gov.br/Censos/Censo_Demografico_2022/Agregados_por_Setores_Censitarios/Agregados_por_Setor_csv/Agregados_por_setores_alfabetizacao_BR.zip
V00697,V00697,"55 a 59 anos, Cor ou raça é branca",Alfabetização,Pessoas,alfabetizacao,Agregados_por_setores_alfabetizacao_BR.csv,CD_setor,https://ftp.ibge.gov.br/Censos/Censo_Demografico_2022/Agregados_por_Setores_Censitarios/Agregados_por_Setor_csv/Agregados_por_setores_alfabetizacao_BR.zip
V00698,V00698,"55 a 59 anos, Cor ou raça é preta",Alfabetização,Pessoas,alfabetizacao,Agregados_por_setores_alfabetizacao_BR.csv,CD_setor,https://ftp.ibge.gov.br/Censos/Censo_Demografico_2022/Agregados_por_Setores_Censitarios/Agregados_por_Setor_csv/Agregados_por_setores_alfabetizacao_BR.zip
V00699,V00699,"55 a 59 anos, Cor ou raça é amarela",Alfabetização,Pessoas,alfabetizacao,Agregados_por_setores_alfabetizacao_BR.csv,CD_setor,https://ftp.ibge.gov.br/Censos/Censo_Demografico_2022/Agregados_por_Setores_Censitarios/Agregados_por_Setor_csv/Agregados_por_setores_alfabetizacao_BR.zip
V00700,V00700,"55 a 59 anos, Cor ou raça é parda",Alfabetização,Pessoas,alfabetizacao,Agregados_por_setores_alfabetizacao_BR.csv,CD_setor,https://ftp.ibge.gov.br/Censos/Censo_Demografico_2022/Agregados_por_Setores_Censitarios/Agregados_por_Setor_csv/Agregados_por_setores_alfabetizacao_BR.zip
V00701,V00701,"55 a 59 anos, Cor ou raça é indígena",Alfabetização,Pessoas,alfabetizacao,Agregados_por_setores_alfabetizacao_BR.csv,CD_setor,https://ftp.ibge.gov.br/Censos/Censo_Demografico_2022/Agregados_por_Setores_Censitarios/Agregados_por_Setor_csv/Agregados_por_setores_alfabetizacao_BR.zip
V00702,V00702,"60 a 64 anos, Cor ou raça é branca",Alfabetização,Pessoas,alfabetizacao,Agregados_por_setores_alfabetizacao_BR.csv,CD_setor,https://ftp.ibge.gov.br/Censos/Censo_Demografico_2022/Agregados_por_Setores_Censitarios/Agregados_por_Setor_csv/Agregados_por_setores_alfabetizacao_BR.zip
V00703,V00703,"60 a 64 anos, Cor ou raça é preta",Alfabetização,Pessoas,alfabetizacao,Agregados_por_setores_alfabetizacao_BR.csv,CD_setor,https://ftp.ibge.gov.br/Censos/Censo_Demografico_2022/Agregados_por_Setores_Censitarios/Agregados_por_Setor_csv/Agregados_por_setores_alfabetizacao_BR.zip
V00704,V00704,"60 a 64 anos, Cor ou raça é amarela",Alfabetização,Pessoas,alfabetizacao,Agregados_por_setores_alfabetizacao_BR.csv,CD_setor,https://ftp.ibge.gov.br/Censos/Censo_Demografico_2022/Agregados_por_Setores_Censitarios/Agregados_por_Setor_csv/Agregados_por_setores_alfabetizacao_BR.zip
V00705,V00705,"60 a 64 anos, Cor ou raça é parda",Alfabetização,Pessoas,alfabetizacao,Agregados_por_setores_alfabetizacao_BR.csv,CD_setor,https://ftp.ibge.gov.br/Censos/Censo_Demografico_2022/Agregados_por_Setores_Censitarios/Agregados_por_Setor_csv/Agregados_por_setores_alfabetizacao_BR.zip
V00706,V00706,"60 a 64 anos, Cor ou raça é indígena",Alfabetização,Pessoas,alfabetizacao,Agregados_por_setores_alfabetizacao_BR.csv,CD_setor,https://ftp.ibge.gov.br/Censos/Censo_Demografico_2022/Agregados_por_Setores_Censitarios/Agregados_por_Setor_csv/Agregados_por_setores_alfabetizacao_BR.zip
V00707,V00707,"65 a 69 anos, Cor ou raça é branca",Alfabetização,Pessoas,alfabetizacao,Agregados_por_setores_alfabetizacao_BR.csv,CD_setor,https://ftp.ibge.gov.br/Censos/Censo_Demografico_2022/Agregados_por_Setores_Censitarios/Agregados_por_Setor_csv/Agregados_por_setores_alfabetizacao_BR.zip
V00708,V00708,"65 a 69 anos, Cor ou raça é preta",Alfabetização,Pessoas,alfabetizacao,Agregados_por_setores_alfabetizacao_BR.csv,CD_setor,https://ftp.ibge.gov.br/Censos/Censo_Demografico_2022/Agregados_por_Setores_Censitarios/Agregados_por_Setor_csv/Agregados_por_setores_alfabetizacao_BR.zip
V00709,V00709,"65 a 69 anos, Cor ou raça é amarela",Alfabetização,Pessoas,alfabetizacao,Agregados_por_setores_alfabetizacao_BR.csv,CD_setor,https://ftp.ibge.gov.br/Censos/Censo_Demografico_2022/Agregados_por_Setores_Censitarios/Agregados_por_Setor_csv/Agregados_por_setores_alfabetizacao_BR.zip
V00710,V00710,"65 a 69 anos, Cor ou raça é parda",Alfabetização,Pessoas,alfabetizacao,Agregados_por_setores_alfabetizacao_BR.csv,CD_setor,https://ftp.ibge.gov.br/Censos/Censo_Demografico_2022/Agregados_por_Setores_Censitarios/Agregados_por_Setor_csv/Agregados_por_setores_alfabetizacao_BR.zip
V00711,V00711,"65 a 69 anos, Cor ou raça é indígena",Alfabetização,Pessoas,alfabetizacao,Agregados_por_setores_alfabetizacao_BR.csv,CD_setor,https://ftp.ibge.gov.br/Censos/Censo_Demografico_2022/Agregados_por_Setores_Censitarios/Agregados_por_Setor_csv/Agregados_por_setores_alfabetizacao_BR.zip
V00712,V00712,"70 a 79 anos, Cor ou raça é branca",Alfabetização,Pessoas,alfabetizacao,Agregados_por_setores_alfabetizacao_BR.csv,CD_setor,https://ftp.ibge.gov.br/Censos/Censo_Demografico_2022/Agregados_por_Setores_Censitarios/Agregados_por_Setor_csv/Agregados_por_setores_alfabetizacao_BR.zip
V00713,V00713,"70 a 79 anos, Cor ou raça é preta",Alfabetização,Pessoas,alfabetizacao,Agregados_por_setores_alfabetizacao_BR.csv,CD_setor,https://ftp.ibge.gov.br/Censos/Censo_Demografico_2022/Agregados_por_Setores_Censitarios/Agregados_por_Setor_csv/Agregados_por_setores_alfabetizacao_BR.zip
V00714,V00714,"70 a 79 anos, Cor ou raça é amarela",Alfabetização,Pessoas,alfabetizacao,Agregados_por_setores_alfabetizacao_BR.csv,CD_setor,https://ftp.ibge.gov.br/Censos/Censo_Demografico_2022/Agregados_por_Setores_Censitarios/Agregados_por_Setor_csv/Agregados_por_setores_alfabetizacao_BR.zip
V00715,V00715,"70 a 79 anos, Cor ou raça é parda",Alfabetização,Pessoas,alfabetizacao,Agregados_por_setores_alfabetizacao_BR.csv,CD_setor,https://ftp.ibge.gov.br/Censos/Censo_Demografico_2022/Agregados_por_Setores_Censitarios/Agregados_por_Setor_csv/Agregados_por_setores_alfabetizacao_BR.zip
V00716,V00716,"70 a 79 anos, Cor ou raça é indígena",Alfabetização,Pessoas,alfabetizacao,Agregados_por_setores_alfabetizacao_BR.csv,CD_setor,https://ftp.ibge.gov.br/Censos/Censo_Demografico_2022/Agregados_por_Setores_Censitarios/Agregados_por_Setor_csv/Agregados_por_setores_alfabetizacao_BR.zip
V00717,V00717,"80 anos ou mais, Cor ou raça é branca",Alfabetização,Pessoas,alfabetizacao,Agregados_por_setores_alfabetizacao_BR.csv,CD_setor,https://ftp.ibge.gov.br/Censos/Censo_Demografico_2022/Agregados_por_Setores_Censitarios/Agregados_por_Setor_csv/Agregados_por_setores_alfabetizacao_BR.zip
V00718,V00718,"80 anos ou mais, Cor ou raça é preta",Alfabetização,Pessoas,alfabetizacao,Agregados_por_setores_alfabetizacao_BR.csv,CD_setor,https://ftp.ibge.gov.br/Censos/Censo_Demografico_2022/Agregados_por_Setores_Censitarios/Agregados_por_Setor_csv/Agregados_por_setores_alfabetizacao_BR.zip
V00719,V00719,"80 anos ou mais, Cor ou raça é amarela",Alfabetização,Pessoas,alfabetizacao,Agregados_por_setores_alfabetizacao_BR.csv,CD_setor,https://ftp.ibge.gov.br/Censos/Censo_Demografico_2022/Agregados_por_Setores_Censitarios/Agregados_por_Setor_csv/Agregados_por_setores_alfabetizacao_BR.zip
V00720,V00720,"80 anos ou mais, Cor ou raça é parda",Alfabetização,Pessoas,alfabetizacao,Agregados_por_setores_alfabetizacao_BR.csv,CD_setor,https://ftp.ibge.gov.br/Censos/Censo_Demografico_2022/Agregados_por_Setores_Censitarios/Agregados_por_Setor_csv/Agregados_por_setores_alfabetizacao_BR.zip
V00721,V00721,"80 anos ou mais, Cor ou raça é indígena",Alfabetização,Pessoas,alfabetizacao,Agregados_por_setores_alfabetizacao_BR.csv,CD_setor,https://ftp.ibge.gov.br/Censos/Censo_Demografico_2022/Agregados_por_Setores_Censitarios/Agregados_por_Setor_csv/Agregados_por_setores_alfabetizacao_BR.zip
V00722,V00722,"Sexo masculino, 15 a 19 anos",Alfabetização,Pessoas,alfabetizacao,Agregados_por_setores_alfabetizacao_BR.csv,CD_setor,https://ftp.ibge.gov.br/Censos/Censo_Demografico_2022/Agregados_por_Setores_Censitarios/Agregados_por_Setor_csv/Agregados_por_setores_alfabetizacao_BR.zip
V00723,V00723,"Sexo masculino, 20 a 24 anos",Alfabetização,Pessoas,alfabetizacao,Agregados_por_setores_alfabetizacao_BR.csv,CD_setor,https://ftp.ibge.gov.br/Censos/Censo_Demografico_2022/Agregados_por_Setores_Censitarios/Agregados_por_Setor_csv/Agregados_por_setores_alfabetizacao_BR.zip
V00724,V00724,"Sexo masculino, 25 a 29 anos",Alfabetização,Pessoas,alfabetizacao,Agregados_por_setores_alfabetizacao_BR.csv,CD_setor,https://ftp.ibge.gov.br/Censos/Censo_Demografico_2022/Agregados_por_Setores_Censitarios/Agregados_por_Setor_csv/Agregados_por_setores_alfabetizacao_BR.zip
V00725,V00725,"Sexo masculino, 30 a 34 anos",Alfabetização,Pessoas,alfabetizacao,Agregados_por_setores_alfabetizacao_BR.csv,CD_setor,https://ftp.ibge.gov.br/Censos/Censo_Demografico_2022/Agregados_por_Setores_Censitarios/Agregados_por_Setor_csv/Agregados_por_setores_alfabetizacao_BR.zip
V00726,V00726,"Sexo masculino, 35 a 39 anos",Alfabetização,Pessoas,alfabetizacao,Agregados_por_setores_alfabetizacao_BR.csv,CD_setor,https://ftp.ibge.gov.br/Censos/Censo_Demografico_2022/Agregados_por_Setores_Censitarios/Agregados_por_Setor_csv/Agregados_por_setores_alfabetizacao_BR.zip
V00727,V00727,"Sexo masculino, 40 a 44 anos",Alfabetização,Pessoas,alfabetizacao,Agregados_por_setores_alfabetizacao_BR.csv,CD_setor,https://ftp.ibge.gov.br/Censos/Censo_Demografico_2022/Agregados_por_Setores_Censitarios/Agregados_por_Setor_csv/Agregados_por_setores_alfabetizacao_BR.zip
V00728,V00728,"Sexo masculino, 45 a 49 anos",Alfabetização,Pessoas,alfabetizacao,Agregados_por_setores_alfabetizacao_BR.csv,CD_setor,https://ftp.ibge.gov.br/Censos/Censo_Demografico_2022/Agregados_por_Setores_Censitarios/Agregados_por_Setor_csv/Agregados_por_setores_alfabetizacao_BR.zip
V00729,V00729,"Sexo masculino, 50 a 54 anos",Alfabetização,Pessoas,alfabetizacao,Agregados_por_setores_alfabetizacao_BR.csv,CD_setor,https://ftp.ibge.gov.br/Censos/Censo_Demografico_2022/Agregados_por_Setores_Censitarios/Agregados_por_Setor_csv/Agregados_por_setores_alfabetizacao_BR.zip
V00730,V00730,"Sexo masculino, 55 a 59 anos",Alfabetização,Pessoas,alfabetizacao,Agregados_por_setores_alfabetizacao_BR.csv,CD_setor,https://ftp.ibge.gov.br/Censos/Censo_Demografico_2022/Agregados_por_Setores_Censitarios/Agregados_por_Setor_csv/Agregados_por_setores_alfabetizacao_BR.zip
V00731,V00731,"Sexo masculino, 60 a 64 anos",Alfabetização,Pessoas,alfabetizacao,Agregados_por_setores_alfabetizacao_BR.csv,CD_setor,https://ftp.ibge.gov.br/Censos/Censo_Demografico_2022/Agregados_por_Setores_Censitarios/Agregados_por_Setor_csv/Agregados_por_setores_alfabetizacao_BR.zip
V00732,V00732,"Sexo masculino, 65 a 69 anos",Alfabetização,Pessoas,alfabetizacao,Agregados_por_setores_alfabetizacao_BR.csv,CD_setor,https://ftp.ibge.gov.br/Censos/Censo_Demografico_2022/Agregados_por_Setores_Censitarios/Agregados_por_Setor_csv/Agregados_por_setores_alfabetizacao_BR.zip
V00733,V00733,"Sexo masculino, 70 a 79 anos",Alfabetização,Pessoas,alfabetizacao,Agregados_por_setores_alfabetizacao_BR.csv,CD_setor,https://ftp.ibge.gov.br/Censos/Censo_Demografico_2022/Agregados_por_Setores_Censitarios/Agregados_por_Setor_csv/Agregados_por_setores_alfabetizacao_BR.zip
V00734,V00734,"Sexo masculino, 80 anos ou mais",Alfabetização,Pessoas,alfabetizacao,Agregados_por_setores_alfabetizacao_BR.csv,CD_setor,https://ftp.ibge.gov.br/Censos/Censo_Demografico_2022/Agregados_por_Setores_Censitarios/Agregados_por_Setor_csv/Agregados_por_setores_alfabetizacao_BR.zip
V00735,V00735,"Sexo feminino, 15 a 19 anos",Alfabetização,Pessoas,alfabetizacao,Agregados_por_setores_alfabetizacao_BR.csv,CD_setor,https://ftp.ibge.gov.br/Censos/Censo_Demografico_2022/Agregados_por_Setores_Censitarios/Agregados_por_Setor_csv/Agregados_por_setores_alfabetizacao_BR.zip
V00736,V00736,"Sexo feminino, 20 a 24 anos",Alfabetização,Pessoas,alfabetizacao,Agregados_por_setores_alfabetizacao_BR.csv,CD_setor,https://ftp.ibge.gov.br/Censos/Censo_Demografico_2022/Agregados_por_Setores_Censitarios/Agregados_por_Setor_csv/Agregados_por_setores_alfabetizacao_BR.zip
V00737,V00737,"Sexo feminino, 25 a 29 anos",Alfabetização,Pessoas,alfabetizacao,Agregados_por_setores_alfabetizacao_BR.csv,CD_setor,https://ftp.ibge.gov.br/Censos/Censo_Demografico_2022/Agregados_por_Setores_Censitarios/Agregados_por_Setor_csv/Agregados_por_setores_alfabetizacao_BR.zip
V00738,V00738,"Sexo feminino, 30 a 34 anos",Alfabetização,Pessoas,alfabetizacao,Agregados_por_setores_alfabetizacao_BR.csv,CD_setor,https://ftp.ibge.gov.br/Censos/Censo_Demografico_2022/Agregados_por_Setores_Censitarios/Agregados_por_Setor_csv/Agregados_por_setores_alfabetizacao_BR.zip
V00739,V00739,"Sexo feminino, 35 a 39 anos",Alfabetização,Pessoas,alfabetizacao,Agregados_por_setores_alfabetizacao_BR.csv,CD_setor,https://ftp.ibge.gov.br/Censos/Censo_Demografico_2022/Agregados_por_Setores_Censitarios/Agregados_por_Setor_csv/Agregados_por_setores_alfabetizacao_BR.zip
V00740,V00740,"Sexo feminino, 40 a 44 anos",Alfabetização,Pessoas,alfabetizacao,Agregados_por_setores_alfabetizacao_BR.csv,CD_setor,https://ftp.ibge.gov.br/Censos/Censo_Demografico_2022/Agregados_por_Setores_Censitarios/Agregados_por_Setor_csv/Agregados_por_setores_alfabetizacao_BR.zip
V00741,V00741,"Sexo feminino, 45 a 49 anos",Alfabetização,Pessoas,alfabetizacao,Agregados_por_setores_alfabetizacao_BR.csv,CD_setor,https://ftp.ibge.gov.br/Censos/Censo_Demografico_2022/Agregados_por_Setores_Censitarios/Agregados_por_Setor_csv/Agregados_por_setores_alfabetizacao_BR.zip
V00742,V00742,"Sexo feminino, 50 a 54 anos",Alfabetização,Pessoas,alfabetizacao,Agregados_por_setores_alfabetizacao_BR.csv,CD_setor,https://ftp.ibge.gov.br/Censos/Censo_Demografico_2022/Agregados_por_Setores_Censitarios/Agregados_por_Setor_csv/Agregados_por_setores_alfabetizacao_BR.zip
V00743,V00743,"Sexo feminino, 55 a 59 anos",Alfabetização,Pessoas,alfabetizacao,Agregados_por_setores_alfabetizacao_BR.csv,CD_setor,https://ftp.ibge.gov.br/Censos/Censo_Demografico_2022/Agregados_por_Setores_Censitarios/Agregados_por_Setor_csv/Agregados_por_setores_alfabetizacao_BR.zip
V00744,V00744,"Sexo feminino, 60 a 64 anos",Alfabetização,Pessoas,alfabetizacao,Agregados_por_setores_alfabetizacao_BR.csv,CD_setor,https://ftp.ibge.gov.br/Censos/Censo_Demografico_2022/Agregados_por_Setores_Censitarios/Agregados_por_Setor_csv/Agregados_por_setores_alfabetizacao_BR.zip
V00745,V00745,"Sexo feminino, 65 a 69 anos",Alfabetização,Pessoas,alfabetizacao,Agregados_por_setores_alfabetizacao_BR.csv,CD_setor,https://ftp.ibge.gov.br/Censos/Censo_Demografico_2022/Agregados_por_Setores_Censitarios/Agregados_por_Setor_csv/Agregados_por_setores_alfabetizacao_BR.zip
V00746,V00746,"Sexo feminino, 70 a 79 anos",Alfabetização,Pessoas,alfabetizacao,Agregados_por_setores_alfabetizacao_BR.csv,CD_setor,https://ftp.ibge.gov.br/Censos/Censo_Demografico_2022/Agregados_por_Setores_Censitarios/Agregados_por_Setor_csv/Agregados_por_setores_alfabetizacao_BR.zip
V00747,V00747,"Sexo feminino, 80 anos ou mais",Alfabetização,Pessoas,alfabetizacao,Agregados_por_setores_alfabetizacao_BR.csv,CD_setor,https://ftp.ibge.gov.br/Censos/Censo_Demografico_2022/Agregados_por_Setores_Censitarios/Agregados_por_Setor_csv/Agregados_por_setores_alfabetizacao_BR.zip
V00748,V00748,"Pessoas alfabetizadas, 15 a 19 anos",Alfabetização,Pessoas,alfabetizacao,Agregados_por_setores_alfabetizacao_BR.csv,CD_setor,https://ftp.ibge.gov.br/Censos/Censo_Demografico_2022/Agregados_por_Setores_Censitarios/Agregados_por_Setor_csv/Agregados_por_setores_alfabetizacao_BR.zip
V00749,V00749,"Pessoas alfabetizadas, 20 a 24 anos",Alfabetização,Pessoas,alfabetizacao,Agregados_por_setores_alfabetizacao_BR.csv,CD_setor,https://ftp.ibge.gov.br/Censos/Censo_Demografico_2022/Agregados_por_Setores_Censitarios/Agregados_por_Setor_csv/Agregados_por_setores_alfabetizacao_BR.zip
V00750,V00750,"Pessoas alfabetizadas, 25 a 29 anos",Alfabetização,Pessoas,alfabetizacao,Agregados_por_setores_alfabetizacao_BR.csv,CD_setor,https://ftp.ibge.gov.br/Censos/Censo_Demografico_2022/Agregados_por_Setores_Censitarios/Agregados_por_Setor_csv/Agregados_por_setores_alfabetizacao_BR.zip
V00751,V00751,"Pessoas alfabetizadas, 30 a 34 anos",Alfabetização,Pessoas,alfabetizacao,Agregados_por_setores_alfabetizacao_BR.csv,CD_setor,https://ftp.ibge.gov.br/Censos/Censo_Demografico_2022/Agregados_por_Setores_Censitarios/Agregados_por_Setor_csv/Agregados_por_setores_alfabetizacao_BR.zip
V00752,V00752,"Pessoas alfabetizadas, 35 a 39 anos",Alfabetização,Pessoas,alfabetizacao,Agregados_por_setores_alfabetizacao_BR.csv,CD_setor,https://ftp.ibge.gov.br/Censos/Censo_Demografico_2022/Agregados_por_Setores_Censitarios/Agregados_por_Setor_csv/Agregados_por_setores_alfabetizacao_BR.zip
V00753,V00753,"Pessoas alfabetizadas, 40 a 44 anos",Alfabetização,Pessoas,alfabetizacao,Agregados_por_setores_alfabetizacao_BR.csv,CD_setor,https://ftp.ibge.gov.br/Censos/Censo_Demografico_2022/Agregados_por_Setores_Censitarios/Agregados_por_Setor_csv/Agregados_por_setores_alfabetizacao_BR.zip
V00754,V00754,"Pessoas alfabetizadas, 45 a 49 anos",Alfabetização,Pessoas,alfabetizacao,Agregados_por_setores_alfabetizacao_BR.csv,CD_setor,https://ftp.ibge.gov.br/Censos/Censo_Demografico_2022/Agregados_por_Setores_Censitarios/Agregados_por_Setor_csv/Agregados_por_setores_alfabetizacao_BR.zip
V00755,V00755,"Pessoas alfabetizadas, 50 a 54 anos",Alfabetização,Pessoas,alfabetizacao,Agregados_por_setores_alfabetizacao_BR.csv,CD_setor,https://ftp.ibge.gov.br/Censos/Censo_Demografico_2022/Agregados_por_Setores_Censitarios/Agregados_por_Setor_csv/Agregados_por_setores_alfabetizacao_BR.zip
V00756,V00756,"Pessoas alfabetizadas, 55 a 59 anos",Alfabetização,Pessoas,alfabetizacao,Agregados_por_setores_alfabetizacao_BR.csv,CD_setor,https://ftp.ibge.gov.br/Censos/Censo_Demografico_2022/Agregados_por_Setores_Censitarios/Agregados_por_Setor_csv/Agregados_por_setores_alfabetizacao_BR.zip
V00757,V00757,"Pessoas alfabetizadas, 60 a 64 anos",Alfabetização,Pessoas,alfabetizacao,Agregados_por_setores_alfabetizacao_BR.csv,CD_setor,https://ftp.ibge.gov.br/Censos/Censo_Demografico_2022/Agregados_por_Setores_Censitarios/Agregados_por_Setor_csv/Agregados_por_setores_alfabetizacao_BR.zip
V00758,V00758,"Pessoas alfabetizadas, 65 a 69 anos",Alfabetização,Pessoas,alfabetizacao,Agregados_por_setores_alfabetizacao_BR.csv,CD_setor,https://ftp.ibge.gov.br/Censos/Censo_Demografico_2022/Agregados_por_Setores_Censitarios/Agregados_por_Setor_csv/Agregados_por_setores_alfabetizacao_BR.zip
V00759,V00759,"Pessoas alfabetizadas, 70 a 79 anos",Alfabetização,Pessoas,alfabetizacao,Agregados_por_setores_alfabetizacao_BR.csv,CD_setor,https://ftp.ibge.gov.br/Censos/Censo_Demografico_2022/Agregados_por_Setores_Censitarios/Agregados_por_Setor_csv/Agregados_por_setores_alfabetizacao_BR.zip
V00760,V00760,"Pessoas alfabetizadas, 80 anos ou mais",Alfabetização,Pessoas,alfabetizacao,Agregados_por_setores_alfabetizacao_BR.csv,CD_setor,https://ftp.ibge.gov.br/Censos/Censo_Demografico_2022/Agregados_por_Setores_Censitarios/Agregados_por_Setor_csv/Agregados_por_setores_alfabetizacao_BR.zip
V00761,V00761,"Pessoas alfabetizadas, 15 a 19 anos, Cor ou raça é branca",Alfabetização,Pessoas,alfabetizacao,Agregados_por_setores_alfabetizacao_BR.csv,CD_setor,https://ftp.ibge.gov.br/Censos/Censo_Demografico_2022/Agregados_por_Setores_Censitarios/Agregados_por_Setor_csv/Agregados_por_setores_alfabetizacao_BR.zip
V00762,V00762,"Pessoas alfabetizadas, 15 a 19 anos, Cor ou raça é preta",Alfabetização,Pessoas,alfabetizacao,Agregados_por_setores_alfabetizacao_BR.csv,CD_setor,https://ftp.ibge.gov.br/Censos/Censo_Demografico_2022/Agregados_por_Setores_Censitarios/Agregados_por_Setor_csv/Agregados_por_setores_alfabetizacao_BR.zip
V00763,V00763,"Pessoas alfabetizadas, 15 a 19 anos, Cor ou raça é amarela",Alfabetização,Pessoas,alfabetizacao,Agregados_por_setores_alfabetizacao_BR.csv,CD_setor,https://ftp.ibge.gov.br/Censos/Censo_Demografico_2022/Agregados_por_Setores_Censitarios/Agregados_por_Setor_csv/Agregados_por_setores_alfabetizacao_BR.zip
V00764,V00764,"Pessoas alfabetizadas, 15 a 19 anos, Cor ou raça é parda",Alfabetização,Pessoas,alfabetizacao,Agregados_por_setores_alfabetizacao_BR.csv,CD_setor,https://ftp.ibge.gov.br/Censos/Censo_Demografico_2022/Agregados_por_Setores_Censitarios/Agregados_por_Setor_csv/Agregados_por_setores_alfabetizacao_BR.zip
V00765,V00765,"Pessoas alfabetizadas, 15 a 19 anos, Cor ou raça é indígena",Alfabetização,Pessoas,alfabetizacao,Agregados_por_setores_alfabetizacao_BR.csv,CD_setor,https://ftp.ibge.gov.br/Censos/Censo_Demografico_2022/Agregados_por_Setores_Censitarios/Agregados_por_Setor_csv/Agregados_por_setores_alfabetizacao_BR.zip
V00766,V00766,"Pessoas alfabetizadas, 20 a 24 anos, Cor ou raça é branca",Alfabetização,Pessoas,alfabetizacao,Agregados_por_setores_alfabetizacao_BR.csv,CD_setor,https://ftp.ibge.gov.br/Censos/Censo_Demografico_2022/Agregados_por_Setores_Censitarios/Agregados_por_Setor_csv/Agregados_por_setores_alfabetizacao_BR.zip
V00767,V00767,"Pessoas alfabetizadas, 20 a 24 anos, Cor ou raça é preta",Alfabetização,Pessoas,alfabetizacao,Agregados_por_setores_alfabetizacao_BR.csv,CD_setor,https://ftp.ibge.gov.br/Censos/Censo_Demografico_2022/Agregados_por_Setores_Censitarios/Agregados_por_Setor_csv/Agregados_por_setores_alfabetizacao_BR.zip
V00768,V00768,"Pessoas alfabetizadas, 20 a 24 anos, Cor ou raça é amarela",Alfabetização,Pessoas,alfabetizacao,Agregados_por_setores_alfabetizacao_BR.csv,CD_setor,https://ftp.ibge.gov.br/Censos/Censo_Demografico_2022/Agregados_por_Setores_Censitarios/Agregados_por_Setor_csv/Agregados_por_setores_alfabetizacao_BR.zip
V00769,V00769,"Pessoas alfabetizadas, 20 a 24 anos, Cor ou raça é parda",Alfabetização,Pessoas,alfabetizacao,Agregados_por_setores_alfabetizacao_BR.csv,CD_setor,https://ftp.ibge.gov.br/Censos/Censo_Demografico_2022/Agregados_por_Setores_Censitarios/Agregados_por_Setor_csv/Agregados_por_setores_alfabetizacao_BR.zip
V00770,V00770,"Pessoas alfabetizadas, 20 a 24 anos, Cor ou raça é indígena",Alfabetização,Pessoas,alfabetizacao,Agregados_por_setores_alfabetizacao_BR.csv,CD_setor,https://ftp.ibge.gov.br/Censos/Censo_Demografico_2022/Agregados_por_Setores_Censitarios/Agregados_por_Setor_csv/Agregados_por_setores_alfabetizacao_BR.zip
V00771,V00771,"Pessoas alfabetizadas, 25 a 29 anos, Cor ou raça é branca",Alfabetização,Pessoas,alfabetizacao,Agregados_por_setores_alfabetizacao_BR.csv,CD_setor,https://ftp.ibge.gov.br/Censos/Censo_Demografico_2022/Agregados_por_Setores_Censitarios/Agregados_por_Setor_csv/Agregados_por_setores_alfabetizacao_BR.zip
V00772,V00772,"Pessoas alfabetizadas, 25 a 29 anos, Cor ou raça é preta",Alfabetização,Pessoas,alfabetizacao,Agregados_por_setores_alfabetizacao_BR.csv,CD_setor,https://ftp.ibge.gov.br/Censos/Censo_Demografico_2022/Agregados_por_Setores_Censitarios/Agregados_por_Setor_csv/Agregados_por_setores_alfabetizacao_BR.zip
V00773,V00773,"Pessoas alfabetizadas, 25 a 29 anos, Cor ou raça é amarela",Alfabetização,Pessoas,alfabetizacao,Agregados_por_setores_alfabetizacao_BR.csv,CD_setor,https://ftp.ibge.gov.br/Censos/Censo_Demografico_2022/Agregados_por_Setores_Censitarios/Agregados_por_Setor_csv/Agregados_por_setores_alfabetizacao_BR.zip
V00774,V00774,"Pessoas alfabetizadas, 25 a 29 anos, Cor ou raça é parda",Alfabetização,Pessoas,alfabetizacao,Agregados_por_setores_alfabetizacao_BR.csv,CD_setor,https://ftp.ibge.gov.br/Censos/Censo_Demografico_2022/Agregados_por_Setores_Censitarios/Agregados_por_Setor_csv/Agregados_por_setores_alfabetizacao_BR.zip
V00775,V00775,"Pessoas alfabetizadas, 25 a 29 anos, Cor ou raça é indígena",Alfabetização,Pessoas,alfabetizacao,Agregados_por_setores_alfabetizacao_BR.csv,CD_setor,https://ftp.ibge.gov.br/Censos/Censo_Demografico_2022/Agregados_por_Setores_Censitarios/Agregados_por_Setor_csv/Agregados_por_setores_alfabetizacao_BR.zip
V00776,V00776,"Pessoas alfabetizadas, 30 a 34 anos, Cor ou raça é branca",Alfabetização,Pessoas,alfabetizacao,Agregados_por_setores_alfabetizacao_BR.csv,CD_setor,https://ftp.ibge.gov.br/Censos/Censo_Demografico_2022/Agregados_por_Setores_Censitarios/Agregados_por_Setor_csv/Agregados_por_setores_alfabetizacao_BR.zip
V00777,V00777,"Pessoas alfabetizadas, 30 a 34 anos, Cor ou raça é preta",Alfabetização,Pessoas,alfabetizacao,Agregados_por_setores_alfabetizacao_BR.csv,CD_setor,https://ftp.ibge.gov.br/Censos/Censo_Demografico_2022/Agregados_por_Setores_Censitarios/Agregados_por_Setor_csv/Agregados_por_setores_alfabetizacao_BR.zip
V00778,V00778,"Pessoas alfabetizadas, 30 a 34 anos, Cor ou raça é amarela",Alfabetização,Pessoas,alfabetizacao,Agregados_por_setores_alfabetizacao_BR.csv,CD_setor,https://ftp.ibge.gov.br/Censos/Censo_Demografico_2022/Agregados_por_Setores_Censitarios/Agregados_por_Setor_csv/Agregados_por_setores_alfabetizacao_BR.zip
V00779,V00779,"Pessoas alfabetizadas, 30 a 34 anos, Cor ou raça é parda",Alfabetização,Pessoas,alfabetizacao,Agregados_por_setores_alfabetizacao_BR.csv,CD_setor,https://ftp.ibge.gov.br/Censos/Censo_Demografico_2022/Agregados_por_Setores_Censitarios/Agregados_por_Setor_csv/Agregados_por_setores_alfabetizacao_BR.zip
V00780,V00780,"Pessoas alfabetizadas, 30 a 34 anos, Cor ou raça é indígena",Alfabetização,Pessoas,alfabetizacao,Agregados_por_setores_alfabetizacao_BR.csv,CD_setor,https://ftp.ibge.gov.br/Censos/Censo_Demografico_2022/Agregados_por_Setores_Censitarios/Agregados_por_Setor_csv/Agregados_por_setores_alfabetizacao_BR.zip
V00781,V00781,"Pessoas alfabetizadas, 35 a 39 anos, Cor ou raça é branca",Alfabetização,Pessoas,alfabetizacao,Agregados_por_setores_alfabetizacao_BR.csv,CD_setor,https://ftp.ibge.gov.br/Censos/Censo_Demografico_2022/Agregados_por_Setores_Censitarios/Agregados_por_Setor_csv/Agregados_por_setores_alfabetizacao_BR.zip
V00782,V00782,"Pessoas alfabetizadas, 35 a 39 anos, Cor ou raça é preta",Alfabetização,Pessoas,alfabetizacao,Agregados_por_setores_alfabetizacao_BR.csv,CD_setor,https://ftp.ibge.gov.br/Censos/Censo_Demografico_2022/Agregados_por_Setores_Censitarios/Agregados_por_Setor_csv/Agregados_por_setores_alfabetizacao_BR.zip
V00783,V00783,"Pessoas alfabetizadas, 35 a 39 anos, Cor ou raça é amarela",Alfabetização,Pessoas,alfabetizacao,Agregados_por_setores_alfabetizacao_BR.csv,CD_setor,https://ftp.ibge.gov.br/Censos/Censo_Demografico_2022/Agregados_por_Setores_Censitarios/Agregados_por_Setor_csv/Agregados_por_setores_alfabetizacao_BR.zip
V00784,V00784,"Pessoas alfabetizadas, 35 a 39 anos, Cor ou raça é parda",Alfabetização,Pessoas,alfabetizacao,Agregados_por_setores_alfabetizacao_BR.csv,CD_setor,https://ftp.ibge.gov.br/Censos/Censo_Demografico_2022/Agregados_por_Setores_Censitarios/Agregados_por_Setor_csv/Agregados_por_setores_alfabetizacao_BR.zip
V00785,V00785,"Pessoas alfabetizadas, 35 a 39 anos, Cor ou raça é indígena",Alfabetização,Pessoas,alfabetizacao,Agregados_por_setores_alfabetizacao_BR.csv,CD_setor,https://ftp.ibge.gov.br/Censos/Censo_Demografico_2022/Agregados_por_Setores_Censitarios/Agregados_por_Setor_csv/Agregados_por_setores_alfabetizacao_BR.zip
V00786,V00786,"Pessoas alfabetizadas, 40 a 44 anos, Cor ou raça é branca",Alfabetização,Pessoas,alfabetizacao,Agregados_por_setores_alfabetizacao_BR.csv,CD_setor,https://ftp.ibge.gov.br/Censos/Censo_Demografico_2022/Agregados_por_Setores_Censitarios/Agregados_por_Setor_csv/Agregados_por_setores_alfabetizacao_BR.zip
V00787,V00787,"Pessoas alfabetizadas, 40 a 44 anos, Cor ou raça é preta",Alfabetização,Pessoas,alfabetizacao,Agregados_por_setores_alfabetizacao_BR.csv,CD_setor,https://ftp.ibge.gov.br/Censos/Censo_Demografico_2022/Agregados_por_Setores_Censitarios/Agregados_por_Setor_csv/Agregados_por_setores_alfabetizacao_BR.zip
V00788,V00788,"Pessoas alfabetizadas, 40 a 44 anos, Cor ou raça é amarela",Alfabetização,Pessoas,alfabetizacao,Agregados_por_setores_alfabetizacao_BR.csv,CD_setor,https://ftp.ibge.gov.br/Censos/Censo_Demografico_2022/Agregados_por_Setores_Censitarios/Agregados_por_Setor_csv/Agregados_por_setores_alfabetizacao_BR.zip
V00789,V00789,"Pessoas alfabetizadas, 40 a 44 anos, Cor ou raça é parda",Alfabetização,Pessoas,alfabetizacao,Agregados_por_setores_alfabetizacao_BR.csv,CD_setor,https://ftp.ibge.gov.br/Censos/Censo_Demografico_2022/Agregados_por_Setores_Censitarios/Agregados_por_Setor_csv/Agregados_por_setores_alfabetizacao_BR.zip
V00790,V00790,"Pessoas alfabetizadas, 40 a 44 anos, Cor ou raça é indígena",Alfabetização,Pessoas,alfabetizacao,Agregados_por_setores_alfabetizacao_BR.csv,CD_setor,https://ftp.ibge.gov.br/Censos/Censo_Demografico_2022/Agregados_por_Setores_Censitarios/Agregados_por_Setor_csv/Agregados_por_setores_alfabetizacao_BR.zip
V00791,V00791,"Pessoas alfabetizadas, 45 a 49 anos, Cor ou raça é branca",Alfabetização,Pessoas,alfabetizacao,Agregados_por_setores_alfabetizacao_BR.csv,CD_setor,https://ftp.ibge.gov.br/Censos/Censo_Demografico_2022/Agregados_por_Setores_Censitarios/Agregados_por_Setor_csv/Agregados_por_setores_alfabetizacao_BR.zip
V00792,V00792,"Pessoas alfabetizadas, 45 a 49 anos, Cor ou raça é preta",Alfabetização,Pessoas,alfabetizacao,Agregados_por_setores_alfabetizacao_BR.csv,CD_setor,https://ftp.ibge.gov.br/Censos/Censo_Demografico_2022/Agregados_por_Setores_Censitarios/Agregados_por_Setor_csv/Agregados_por_setores_alfabetizacao_BR.zip
V00793,V00793,"Pessoas alfabetizadas, 45 a 49 anos, Cor ou raça é amarela",Alfabetização,Pessoas,alfabetizacao,Agregados_por_setores_alfabetizacao_BR.csv,CD_setor,https://ftp.ibge.gov.br/Censos/Censo_Demografico_2022/Agregados_por_Setores_Censitarios/Agregados_por_Setor_csv/Agregados_por_setores_alfabetizacao_BR.zip
V00794,V00794,"Pessoas alfabetizadas, 45 a 49 anos, Cor ou raça é parda",Alfabetização,Pessoas,alfabetizacao,Agregados_por_setores_alfabetizacao_BR.csv,CD_setor,https://ftp.ibge.gov.br/Censos/Censo_Demografico_2022/Agregados_por_Setores_Censitarios/Agregados_por_Setor_csv/Agregados_por_setores_alfabetizacao_BR.zip
V00795,V00795,"Pessoas alfabetizadas, 45 a 49 anos, Cor ou raça é indígena",Alfabetização,Pessoas,alfabetizacao,Agregados_por_setores_alfabetizacao_BR.csv,CD_setor,https://ftp.ibge.gov.br/Censos/Censo_Demografico_2022/Agregados_por_Setores_Censitarios/Agregados_por_Setor_csv/Agregados_por_setores_alfabetizacao_BR.zip
V00796,V00796,"Pessoas alfabetizadas, 50 a 54 anos, Cor ou raça é branca",Alfabetização,Pessoas,alfabetizacao,Agregados_por_setores_alfabetizacao_BR.csv,CD_setor,https://ftp.ibge.gov.br/Censos/Censo_Demografico_2022/Agregados_por_Setores_Censitarios/Agregados_por_Setor_csv/Agregados_por_setores_alfabetizacao_BR.zip
V00797,V00797,"Pessoas alfabetizadas, 50 a 54 anos, Cor ou raça é preta",Alfabetização,Pessoas,alfabetizacao,Agregados_por_setores_alfabetizacao_BR.csv,CD_setor,https://ftp.ibge.gov.br/Censos/Censo_Demografico_2022/Agregados_por_Setores_Censitarios/Agregados_por_Setor_csv/Agregados_por_setores_alfabetizacao_BR.zip
V00798,V00798,"Pessoas alfabetizadas, 50 a 54 anos, Cor ou raça é amarela",Alfabetização,Pessoas,alfabetizacao,Agregados_por_setores_alfabetizacao_BR.csv,CD_setor,https://ftp.ibge.gov.br/Censos/Censo_Demografico_2022/Agregados_por_Setores_Censitarios/Agregados_por_Setor_csv/Agregados_por_setores_alfabetizacao_BR.zip
V00799,V00799,"Pessoas alfabetizadas, 50 a 54 anos, Cor ou raça é parda",Alfabetização,Pessoas,alfabetizacao,Agregados_por_setores_alfabetizacao_BR.csv,CD_setor,https://ftp.ibge.gov.br/Censos/Censo_Demografico_2022/Agregados_por_Setores_Censitarios/Agregados_por_Setor_csv/Agregados_por_setores_alfabetizacao_BR.zip
V00800,V00800,"Pessoas alfabetizadas, 50 a 54 anos, Cor ou raça é indígena",Alfabetização,Pessoas,alfabetizacao,Agregados_por_setores_alfabetizacao_BR.csv,CD_setor,https://ftp.ibge.gov.br/Censos/Censo_Demografico_2022/Agregados_por_Setores_Censitarios/Agregados_por_Setor_csv/Agregados_por_setores_alfabetizacao_BR.zip
V00801,V00801,"Pessoas alfabetizadas, 55 a 59 anos, Cor ou raça é branca",Alfabetização,Pessoas,alfabetizacao,Agregados_por_setores_alfabetizacao_BR.csv,CD_setor,https://ftp.ibge.gov.br/Censos/Censo_Demografico_2022/Agregados_por_Setores_Censitarios/Agregados_por_Setor_csv/Agregados_por_setores_alfabetizacao_BR.zip
V00802,V00802,"Pessoas alfabetizadas, 55 a 59 anos, Cor ou raça é preta",Alfabetização,Pessoas,alfabetizacao,Agregados_por_setores_alfabetizacao_BR.csv,CD_setor,https://ftp.ibge.gov.br/Censos/Censo_Demografico_2022/Agregados_por_Setores_Censitarios/Agregados_por_Setor_csv/Agregados_por_setores_alfabetizacao_BR.zip
V00803,V00803,"Pessoas alfabetizadas, 55 a 59 anos, Cor ou raça é amarela",Alfabetização,Pessoas,alfabetizacao,Agregados_por_setores_alfabetizacao_BR.csv,CD_setor,https://ftp.ibge.gov.br/Censos/Censo_Demografico_2022/Agregados_por_Setores_Censitarios/Agregados_por_Setor_csv/Agregados_por_setores_alfabetizacao_BR.zip
V00804,V00804,"Pessoas alfabetizadas, 55 a 59 anos, Cor ou raça é parda",Alfabetização,Pessoas,alfabetizacao,Agregados_por_setores_alfabetizacao_BR.csv,CD_setor,https://ftp.ibge.gov.br/Censos/Censo_Demografico_2022/Agregados_por_Setores_Censitarios/Agregados_por_Setor_csv/Agregados_por_setores_alfabetizacao_BR.zip
V00805,V00805,"Pessoas alfabetizadas, 55 a 59 anos, Cor ou raça é indígena",Alfabetização,Pessoas,alfabetizacao,Agregados_por_setores_alfabetizacao_BR.csv,CD_setor,https://ftp.ibge.gov.br/Censos/Censo_Demografico_2022/Agregados_por_Setores_Censitarios/Agregados_por_Setor_csv/Agregados_por_setores_alfabetizacao_BR.zip
V00806,V00806,"Pessoas alfabetizadas, 60 a 64 anos, Cor ou raça é branca",Alfabetização,Pessoas,alfabetizacao,Agregados_por_setores_alfabetizacao_BR.csv,CD_setor,https://ftp.ibge.gov.br/Censos/Censo_Demografico_2022/Agregados_por_Setores_Censitarios/Agregados_por_Setor_csv/Agregados_por_setores_alfabetizacao_BR.zip
V00807,V00807,"Pessoas alfabetizadas, 60 a 64 anos, Cor ou raça é preta",Alfabetização,Pessoas,alfabetizacao,Agregados_por_setores_alfabetizacao_BR.csv,CD_setor,https://ftp.ibge.gov.br/Censos/Censo_Demografico_2022/Agregados_por_Setores_Censitarios/Agregados_por_Setor_csv/Agregados_por_setores_alfabetizacao_BR.zip
V00808,V00808,"Pessoas alfabetizadas, 60 a 64 anos, Cor ou raça é amarela",Alfabetização,Pessoas,alfabetizacao,Agregados_por_setores_alfabetizacao_BR.csv,CD_setor,https://ftp.ibge.gov.br/Censos/Censo_Demografico_2022/Agregados_por_Setores_Censitarios/Agregados_por_Setor_csv/Agregados_por_setores_alfabetizacao_BR.zip
V00809,V00809,"Pessoas alfabetizadas, 60 a 64 anos, Cor ou raça é parda",Alfabetização,Pessoas,alfabetizacao,Agregados_por_setores_alfabetizacao_BR.csv,CD_setor,https://ftp.ibge.gov.br/Censos/Censo_Demografico_2022/Agregados_por_Setores_Censitarios/Agregados_por_Setor_csv/Agregados_por_setores_alfabetizacao_BR.zip
V00810,V00810,"Pessoas alfabetizadas, 60 a 64 anos, Cor ou raça é indígena",Alfabetização,Pessoas,alfabetizacao,Agregados_por_setores_alfabetizacao_BR.csv,CD_setor,https://ftp.ibge.gov.br/Censos/Censo_Demografico_2022/Agregados_por_Setores_Censitarios/Agregados_por_Setor_csv/Agregados_por_setores_alfabetizacao_BR.zip
V00811,V00811,"Pessoas alfabetizadas, 65 a 69 anos, Cor ou raça é branca",Alfabetização,Pessoas,alfabetizacao,Agregados_por_setores_alfabetizacao_BR.csv,CD_setor,https://ftp.ibge.gov.br/Censos/Censo_Demografico_2022/Agregados_por_Setores_Censitarios/Agregados_por_Setor_csv/Agregados_por_setores_alfabetizacao_BR.zip
V00812,V00812,"Pessoas alfabetizadas, 65 a 69 anos, Cor ou raça é preta",Alfabetização,Pessoas,alfabetizacao,Agregados_por_setores_alfabetizacao_BR.csv,CD_setor,https://ftp.ibge.gov.br/Censos/Censo_Demografico_2022/Agregados_por_Setores_Censitarios/Agregados_por_Setor_csv/Agregados_por_setores_alfabetizacao_BR.zip
V00813,V00813,"Pessoas alfabetizadas, 65 a 69 anos, Cor ou raça é amarela",Alfabetização,Pessoas,alfabetizacao,Agregados_por_setores_alfabetizacao_BR.csv,CD_setor,https://ftp.ibge.gov.br/Censos/Censo_Demografico_2022/Agregados_por_Setores_Censitarios/Agregados_por_Setor_csv/Agregados_por_setores_alfabetizacao_BR.zip
V00814,V00814,"Pessoas alfabetizadas, 65 a 69 anos, Cor ou raça é parda",Alfabetização,Pessoas,alfabetizacao,Agregados_por_setores_alfabetizacao_BR.csv,CD_setor,https://ftp.ibge.gov.br/Censos/Censo_Demografico_2022/Agregados_por_Setores_Censitarios/Agregados_por_Setor_csv/Agregados_por_setores_alfabetizacao_BR.zip
V00815,V00815,"Pessoas alfabetizadas, 65 a 69 anos, Cor ou raça é indígena",Alfabetização,Pessoas,alfabetizacao,Agregados_por_setores_alfabetizacao_BR.csv,CD_setor,https://ftp.ibge.gov.br/Censos/Censo_Demografico_2022/Agregados_por_Setores_Censitarios/Agregados_por_Setor_csv/Agregados_por_setores_alfabetizacao_BR.zip
V00816,V00816,"Pessoas alfabetizadas, 70 a 79 anos, Cor ou raça é branca",Alfabetização,Pessoas,alfabetizacao,Agregados_por_setores_alfabetizacao_BR.csv,CD_setor,https://ftp.ibge.gov.br/Censos/Censo_Demografico_2022/Agregados_por_Setores_Censitarios/Agregados_por_Setor_csv/Agregados_por_setores_alfabetizacao_BR.zip
V00817,V00817,"Pessoas alfabetizadas, 70 a 79 anos, Cor ou raça é preta",Alfabetização,Pessoas,alfabetizacao,Agregados_por_setores_alfabetizacao_BR.csv,CD_setor,https://ftp.ibge.gov.br/Censos/Censo_Demografico_2022/Agregados_por_Setores_Censitarios/Agregados_por_Setor_csv/Agregados_por_setores_alfabetizacao_BR.zip
V00818,V00818,"Pessoas alfabetizadas, 70 a 79 anos, Cor ou raça é amarela",Alfabetização,Pessoas,alfabetizacao,Agregados_por_setores_alfabetizacao_BR.csv,CD_setor,https://ftp.ibge.gov.br/Censos/Censo_Demografico_2022/Agregados_por_Setores_Censitarios/Agregados_por_Setor_csv/Agregados_por_setores_alfabetizacao_BR.zip
V00819,V00819,"Pessoas alfabetizadas, 70 a 79 anos, Cor ou raça é parda",Alfabetização,Pessoas,alfabetizacao,Agregados_por_setores_alfabetizacao_BR.csv,CD_setor,https://ftp.ibge.gov.br/Censos/Censo_Demografico_2022/Agregados_por_Setores_Censitarios/Agregados_por_Setor_csv/Agregados_por_setores_alfabetizacao_BR.zip
V00820,V00820,"Pessoas alfabetizadas, 70 a 79 anos, Cor ou raça é indígena",Alfabetização,Pessoas,alfabetizacao,Agregados_por_setores_alfabetizacao_BR.csv,CD_setor,https://ftp.ibge.gov.br/Censos/Censo_Demografico_2022/Agregados_por_Setores_Censitarios/Agregados_por_Setor_csv/Agregados_por_setores_alfabetizacao_BR.zip
V00821,V00821,"Pessoas alfabetizadas, 80 anos ou mais, Cor ou raça é branca",Alfabetização,Pessoas,alfabetizacao,Agregados_por_setores_alfabetizacao_BR.csv,CD_setor,https://ftp.ibge.gov.br/Censos/Censo_Demografico_2022/Agregados_por_Setores_Censitarios/Agregados_por_Setor_csv/Agregados_por_setores_alfabetizacao_BR.zip
V00822,V00822,"Pessoas alfabetizadas, 80 anos ou mais, Cor ou raça é preta",Alfabetização,Pessoas,alfabetizacao,Agregados_por_setores_alfabetizacao_BR.csv,CD_setor,https://ftp.ibge.gov.br/Censos/Censo_Demografico_2022/Agregados_por_Setores_Censitarios/Agregados_por_Setor_csv/Agregados_por_setores_alfabetizacao_BR.zip
V00823,V00823,"Pessoas alfabetizadas, 80 anos ou mais, Cor ou raça é amarela",Alfabetização,Pessoas,alfabetizacao,Agregados_por_setores_alfabetizacao_BR.csv,CD_setor,https://ftp.ibge.gov.br/Censos/Censo_Demografico_2022/Agregados_por_Setores_Censitarios/Agregados_por_Setor_csv/Agregados_por_setores_alfabetizacao_BR.zip
V00824,V00824,"Pessoas alfabetizadas, 80 anos ou mais, Cor ou raça é parda",Alfabetização,Pessoas,alfabetizacao,Agregados_por_setores_alfabetizacao_BR.csv,CD_setor,https://ftp.ibge.gov.br/Censos/Censo_Demografico_2022/Agregados_por_Setores_Censitarios/Agregados_por_Setor_csv/Agregados_por_setores_alfabetizacao_BR.zip
V00825,V00825,"Pessoas alfabetizadas, 80 anos ou mais, Cor ou raça é indígena",Alfabetização,Pessoas,alfabetizacao,Agregados_por_setores_alfabetizacao_BR.csv,CD_setor,https://ftp.ibge.gov.br/Censos/Censo_Demografico_2022/Agregados_por_Setores_Censitarios/Agregados_por_Setor_csv/Agregados_por_setores_alfabetizacao_BR.zip
V00826,V00826,"Pessoas alfabetizadas, Sexo masculino, 15 a 19 anos",Alfabetização,Pessoas,alfabetizacao,Agregados_por_setores_alfabetizacao_BR.csv,CD_setor,https://ftp.ibge.gov.br/Censos/Censo_Demografico_2022/Agregados_por_Setores_Censitarios/Agregados_por_Setor_csv/Agregados_por_setores_alfabetizacao_BR.zip
V00827,V00827,"Pessoas alfabetizadas, Sexo masculino, 20 a 24 anos",Alfabetização,Pessoas,alfabetizacao,Agregados_por_setores_alfabetizacao_BR.csv,CD_setor,https://ftp.ibge.gov.br/Censos/Censo_Demografico_2022/Agregados_por_Setores_Censitarios/Agregados_por_Setor_csv/Agregados_por_setores_alfabetizacao_BR.zip
V00828,V00828,"Pessoas alfabetizadas, Sexo masculino, 25 a 29 anos",Alfabetização,Pessoas,alfabetizacao,Agregados_por_setores_alfabetizacao_BR.csv,CD_setor,https://ftp.ibge.gov.br/Censos/Censo_Demografico_2022/Agregados_por_Setores_Censitarios/Agregados_por_Setor_csv/Agregados_por_setores_alfabetizacao_BR.zip
V00829,V00829,"Pessoas alfabetizadas, Sexo masculino, 30 a 34 anos",Alfabetização,Pessoas,alfabetizacao,Agregados_por_setores_alfabetizacao_BR.csv,CD_setor,https://ftp.ibge.gov.br/Censos/Censo_Demografico_2022/Agregados_por_Setores_Censitarios/Agregados_por_Setor_csv/Agregados_por_setores_alfabetizacao_BR.zip
V00830,V00830,"Pessoas alfabetizadas, Sexo masculino, 35 a 39 anos",Alfabetização,Pessoas,alfabetizacao,Agregados_por_setores_alfabetizacao_BR.csv,CD_setor,https://ftp.ibge.gov.br/Censos/Censo_Demografico_2022/Agregados_por_Setores_Censitarios/Agregados_por_Setor_csv/Agregados_por_setores_alfabetizacao_BR.zip
V00831,V00831,"Pessoas alfabetizadas, Sexo masculino, 40 a 44 anos",Alfabetização,Pessoas,alfabetizacao,Agregados_por_setores_alfabetizacao_BR.csv,CD_setor,https://ftp.ibge.gov.br/Censos/Censo_Demografico_2022/Agregados_por_Setores_Censitarios/Agregados_por_Setor_csv/Agregados_por_setores_alfabetizacao_BR.zip
V00832,V00832,"Pessoas alfabetizadas, Sexo masculino, 45 a 49 anos",Alfabetização,Pessoas,alfabetizacao,Agregados_por_setores_alfabetizacao_BR.csv,CD_setor,https://ftp.ibge.gov.br/Censos/Censo_Demografico_2022/Agregados_por_Setores_Censitarios/Agregados_por_Setor_csv/Agregados_por_setores_alfabetizacao_BR.zip
V00833,V00833,"Pessoas alfabetizadas, Sexo masculino, 50 a 54 anos",Alfabetização,Pessoas,alfabetizacao,Agregados_por_setores_alfabetizacao_BR.csv,CD_setor,https://ftp.ibge.gov.br/Censos/Censo_Demografico_2022/Agregados_por_Setores_Censitarios/Agregados_por_Setor_csv/Agregados_por_setores_alfabetizacao_BR.zip
V00834,V00834,"Pessoas alfabetizadas, Sexo masculino, 55 a 59 anos",Alfabetização,Pessoas,alfabetizacao,Agregados_por_setores_alfabetizacao_BR.csv,CD_setor,https://ftp.ibge.gov.br/Censos/Censo_Demografico_2022/Agregados_por_Setores_Censitarios/Agregados_por_Setor_csv/Agregados_por_setores_alfabetizacao_BR.zip
V00835,V00835,"Pessoas alfabetizadas, Sexo masculino, 60 a 64 anos",Alfabetização,Pessoas,alfabetizacao,Agregados_por_setores_alfabetizacao_BR.csv,CD_setor,https://ftp.ibge.gov.br/Censos/Censo_Demografico_2022/Agregados_por_Setores_Censitarios/Agregados_por_Setor_csv/Agregados_por_setores_alfabetizacao_BR.zip
V00836,V00836,"Pessoas alfabetizadas, Sexo masculino, 65 a 69 anos",Alfabetização,Pessoas,alfabetizacao,Agregados_por_setores_alfabetizacao_BR.csv,CD_setor,https://ftp.ibge.gov.br/Censos/Censo_Demografico_2022/Agregados_por_Setores_Censitarios/Agregados_por_Setor_csv/Agregados_por_setores_alfabetizacao_BR.zip
V00837,V00837,"Pessoas alfabetizadas, Sexo masculino, 70 a 79 anos",Alfabetização,Pessoas,alfabetizacao,Agregados_por_setores_alfabetizacao_BR.csv,CD_setor,https://ftp.ibge.gov.br/Censos/Censo_Demografico_2022/Agregados_por_Setores_Censitarios/Agregados_por_Setor_csv/Agregados_por_setores_alfabetizacao_BR.zip
V00838,V00838,"Pessoas alfabetizadas, Sexo masculino, 80 anos ou mais",Alfabetização,Pessoas,alfabetizacao,Agregados_por_setores_alfabetizacao_BR.csv,CD_setor,https://ftp.ibge.gov.br/Censos/Censo_Demografico_2022/Agregados_por_Setores_Censitarios/Agregados_por_Setor_csv/Agregados_por_setores_alfabetizacao_BR.zip
V00839,V00839,"Pessoas alfabetizadas, Sexo feminino, 15 a 19 anos",Alfabetização,Pessoas,alfabetizacao,Agregados_por_setores_alfabetizacao_BR.csv,CD_setor,https://ftp.ibge.gov.br/Censos/Censo_Demografico_2022/Agregados_por_Setores_Censitarios/Agregados_por_Setor_csv/Agregados_por_setores_alfabetizacao_BR.zip
V00840,V00840,"Pessoas alfabetizadas, Sexo feminino, 20 a 24 anos",Alfabetização,Pessoas,alfabetizacao,Agregados_por_setores_alfabetizacao_BR.csv,CD_setor,https://ftp.ibge.gov.br/Censos/Censo_Demografico_2022/Agregados_por_Setores_Censitarios/Agregados_por_Setor_csv/Agregados_por_setores_alfabetizacao_BR.zip
V00841,V00841,"Pessoas alfabetizadas, Sexo feminino, 25 a 29 anos",Alfabetização,Pessoas,alfabetizacao,Agregados_por_setores_alfabetizacao_BR.csv,CD_setor,https://ftp.ibge.gov.br/Censos/Censo_Demografico_2022/Agregados_por_Setores_Censitarios/Agregados_por_Setor_csv/Agregados_por_setores_alfabetizacao_BR.zip
V00842,V00842,"Pessoas alfabetizadas, Sexo feminino, 30 a 34 anos",Alfabetização,Pessoas,alfabetizacao,Agregados_por_setores_alfabetizacao_BR.csv,CD_setor,https://ftp.ibge.gov.br/Censos/Censo_Demografico_2022/Agregados_por_Setores_Censitarios/Agregados_por_Setor_csv/Agregados_por_setores_alfabetizacao_BR.zip
V00843,V00843,"Pessoas alfabetizadas, Sexo feminino, 35 a 39 anos",Alfabetização,Pessoas,alfabetizacao,Agregados_por_setores_alfabetizacao_BR.csv,CD_setor,https://ftp.ibge.gov.br/Censos/Censo_Demografico_2022/Agregados_por_Setores_Censitarios/Agregados_por_Setor_csv/Agregados_por_setores_alfabetizacao_BR.zip
V00844,V00844,"Pessoas alfabetizadas, Sexo feminino, 40 a 44 anos",Alfabetização,Pessoas,alfabetizacao,Agregados_por_setores_alfabetizacao_BR.csv,CD_setor,https://ftp.ibge.gov.br/Censos/Censo_Demografico_2022/Agregados_por_Setores_Censitarios/Agregados_por_Setor_csv/Agregados_por_setores_alfabetizacao_BR.zip
V00845,V00845,"Pessoas alfabetizadas, Sexo feminino, 45 a 49 anos",Alfabetização,Pessoas,alfabetizacao,Agregados_por_setores_alfabetizacao_BR.csv,CD_setor,https://ftp.ibge.gov.br/Censos/Censo_Demografico_2022/Agregados_por_Setores_Censitarios/Agregados_por_Setor_csv/Agregados_por_setores_alfabetizacao_BR.zip
V00846,V00846,"Pessoas alfabetizadas, Sexo feminino, 50 a 54 anos",Alfabetização,Pessoas,alfabetizacao,Agregados_por_setores_alfabetizacao_BR.csv,CD_setor,https://ftp.ibge.gov.br/Censos/Censo_Demografico_2022/Agregados_por_Setores_Censitarios/Agregados_por_Setor_csv/Agregados_por_setores_alfabetizacao_BR.zip
V00847,V00847,"Pessoas alfabetizadas, Sexo feminino, 55 a 59 anos",Alfabetização,Pessoas,alfabetizacao,Agregados_por_setores_alfabetizacao_BR.csv,CD_setor,https://ftp.ibge.gov.br/Censos/Censo_Demografico_2022/Agregados_por_Setores_Censitarios/Agregados_por_Setor_csv/Agregados_por_setores_alfabetizacao_BR.zip
V00848,V00848,"Pessoas alfabetizadas, Sexo feminino, 60 a 64 anos",Alfabetização,Pessoas,alfabetizacao,Agregados_por_setores_alfabetizacao_BR.csv,CD_setor,https://ftp.ibge.gov.br/Censos/Censo_Demografico_2022/Agregados_por_Setores_Censitarios/Agregados_por_Setor_csv/Agregados_por_setores_alfabetizacao_BR.zip
V00849,V00849,"Pessoas alfabetizadas, Sexo feminino, 65 a 69 anos",Alfabetização,Pessoas,alfabetizacao,Agregados_por_setores_alfabetizacao_BR.csv,CD_setor,https://ftp.ibge.gov.br/Censos/Censo_Demografico_2022/Agregados_por_Setores_Censitarios/Agregados_por_Setor_csv/Agregados_por_setores_alfabetizacao_BR.zip
V00850,V00850,"Pessoas alfabetizadas, Sexo feminino, 70 a 79 anos",Alfabetização,Pessoas,alfabetizacao,Agregados_por_setores_alfabetizacao_BR.csv,CD_setor,https://ftp.ibge.gov.br/Censos/Censo_Demografico_2022/Agregados_por_Setores_Censitarios/Agregados_por_Setor_csv/Agregados_por_setores_alfabetizacao_BR.zip
V00851,V00851,"Pessoas alfabetizadas, Sexo feminino, 80 anos ou mais",Alfabetização,Pessoas,alfabetizacao,Agregados_por_setores_alfabetizacao_BR.csv,CD_setor,https://ftp.ibge.gov.br/Censos/Censo_Demografico_2022/Agregados_por_Setores_Censitarios/Agregados_por_Setor_csv/Agregados_por_setores_alfabetizacao_BR.zip
V00852,V00852,"15 a 29 anos, Morador sabe ler e escrever",Alfabetização,Pessoas,alfabetizacao,Agregados_por_setores_alfabetizacao_BR.csv,CD_setor,https://ftp.ibge.gov.br/Censos/Censo_Demografico_2022/Agregados_por_Setores_Censitarios/Agregados_por_Setor_csv/Agregados_por_setores_alfabetizacao_BR.zip
V00853,V00853,"15 a 29 anos, Morador não sabe ler e escrever",Alfabetização,Pessoas,alfabetizacao,Agregados_por_setores_alfabetizacao_BR.csv,CD_setor,https://ftp.ibge.gov.br/Censos/Censo_Demografico_2022/Agregados_por_Setores_Censitarios/Agregados_por_Setor_csv/Agregados_por_setores_alfabetizacao_BR.zip
V00854,V00854,"30 a 59 anos, Morador sabe ler e escrever",Alfabetização,Pessoas,alfabetizacao,Agregados_por_setores_alfabetizacao_BR.csv,CD_setor,https://ftp.ibge.gov.br/Censos/Censo_Demografico_2022/Agregados_por_Setores_Censitarios/Agregados_por_Setor_csv/Agregados_por_setores_alfabetizacao_BR.zip
V00855,V00855,"30 a 59 anos, Morador não sabe ler e escrever",Alfabetização,Pessoas,alfabetizacao,Agregados_por_setores_alfabetizacao_BR.csv,CD_setor,https://ftp.ibge.gov.br/Censos/Censo_Demografico_2022/Agregados_por_Setores_Censitarios/Agregados_por_Setor_csv/Agregados_por_setores_alfabetizacao_BR.zip
V00856,V00856,"60 anos ou mais, Morador sabe ler e escrever",Alfabetização,Pessoas,alfabetizacao,Agregados_por_setores_alfabetizacao_BR.csv,CD_setor,https://ftp.ibge.gov.br/Censos/Censo_Demografico_2022/Agregados_por_Setores_Censitarios/Agregados_por_Setor_csv/Agregados_por_setores_alfabetizacao_BR.zip
V00857,V00857,"60 anos ou mais, Morador não sabe ler e escrever",Alfabetização,Pessoas,alfabetizacao,Agregados_por_setores_alfabetizacao_BR.csv,CD_setor,https://ftp.ibge.gov.br/Censos/Censo_Demografico_2022/Agregados_por_Setores_Censitarios/Agregados_por_Setor_csv/Agregados_por_setores_alfabetizacao_BR.zip
V00858,V00858,"Sexo masculino, 15 a 29 anos, Morador sabe ler e escrever",Alfabetização,Pessoas,alfabetizacao,Agregados_por_setores_alfabetizacao_BR.csv,CD_setor,https://ftp.ibge.gov.br/Censos/Censo_Demografico_2022/Agregados_por_Setores_Censitarios/Agregados_por_Setor_csv/Agregados_por_setores_alfabetizacao_BR.zip
V00859,V00859,"Sexo masculino, 15 a 29 anos, Morador não sabe ler e escrever",Alfabetização,Pessoas,alfabetizacao,Agregados_por_setores_alfabetizacao_BR.csv,CD_setor,https://ftp.ibge.gov.br/Censos/Censo_Demografico_2022/Agregados_por_Setores_Censitarios/Agregados_por_Setor_csv/Agregados_por_setores_alfabetizacao_BR.zip
V00860,V00860,"Sexo masculino, 30 a 59 anos, Morador sabe ler e escrever",Alfabetização,Pessoas,alfabetizacao,Agregados_por_setores_alfabetizacao_BR.csv,CD_setor,https://ftp.ibge.gov.br/Censos/Censo_Demografico_2022/Agregados_por_Setores_Censitarios/Agregados_por_Setor_csv/Agregados_por_setores_alfabetizacao_BR.zip
V00861,V00861,"Sexo masculino, 30 a 59 anos, Morador não sabe ler e escrever",Alfabetização,Pessoas,alfabetizacao,Agregados_por_setores_alfabetizacao_BR.csv,CD_setor,https://ftp.ibge.gov.br/Censos/Censo_Demografico_2022/Agregados_por_Setores_Censitarios/Agregados_por_Setor_csv/Agregados_por_setores_alfabetizacao_BR.zip
V00862,V00862,"Sexo masculino, 60 anos ou mais, Morador sabe ler e escrever",Alfabetização,Pessoas,alfabetizacao,Agregados_por_setores_alfabetizacao_BR.csv,CD_setor,https://ftp.ibge.gov.br/Censos/Censo_Demografico_2022/Agregados_por_Setores_Censitarios/Agregados_por_Setor_csv/Agregados_por_setores_alfabetizacao_BR.zip
V00863,V00863,"Sexo masculino, 60 anos ou mais, Morador não sabe ler e escrever",Alfabetização,Pessoas,alfabetizacao,Agregados_por_setores_alfabetizacao_BR.csv,CD_setor,https://ftp.ibge.gov.br/Censos/Censo_Demografico_2022/Agregados_por_Setores_Censitarios/Agregados_por_Setor_csv/Agregados_por_setores_alfabetizacao_BR.zip
V00864,V00864,"Sexo feminino, 15 a 29 anos, Morador sabe ler e escrever",Alfabetização,Pessoas,alfabetizacao,Agregados_por_setores_alfabetizacao_BR.csv,CD_setor,https://ftp.ibge.gov.br/Censos/Censo_Demografico_2022/Agregados_por_Setores_Censitarios/Agregados_por_Setor_csv/Agregados_por_setores_alfabetizacao_BR.zip
V00865,V00865,"Sexo feminino, 15 a 29 anos, Morador não sabe ler e escrever",Alfabetização,Pessoas,alfabetizacao,Agregados_por_setores_alfabetizacao_BR.csv,CD_setor,https://ftp.ibge.gov.br/Censos/Censo_Demografico_2022/Agregados_por_Setores_Censitarios/Agregados_por_Setor_csv/Agregados_por_setores_alfabetizacao_BR.zip
V00866,V00866,"Sexo feminino, 30 a 59 anos, Morador sabe ler e escrever",Alfabetização,Pessoas,alfabetizacao,Agregados_por_setores_alfabetizacao_BR.csv,CD_setor,https://ftp.ibge.gov.br/Censos/Censo_Demografico_2022/Agregados_por_Setores_Censitarios/Agregados_por_Setor_csv/Agregados_por_setores_alfabetizacao_BR.zip
V00867,V00867,"Sexo feminino, 30 a 59 anos, Morador não sabe ler e escrever",Alfabetização,Pessoas,alfabetizacao,Agregados_por_setores_alfabetizacao_BR.csv,CD_setor,https://ftp.ibge.gov.br/Censos/Censo_Demografico_2022/Agregados_por_Setores_Censitarios/Agregados_por_Setor_csv/Agregados_por_setores_alfabetizacao_BR.zip
V00868,V00868,"Sexo feminino, 60 anos ou mais, Morador sabe ler e escrever",Alfabetização,Pessoas,alfabetizacao,Agregados_por_setores_alfabetizacao_BR.csv,CD_setor,https://ftp.ibge.gov.br/Censos/Censo_Demografico_2022/Agregados_por_Setores_Censitarios/Agregados_por_Setor_csv/Agregados_por_setores_alfabetizacao_BR.zip
V00869,V00869,"Sexo feminino, 60 anos ou mais, Morador não sabe ler e escrever",Alfabetização,Pessoas,alfabetizacao,Agregados_por_setores_alfabetizacao_BR.csv,CD_setor,https://ftp.ibge.gov.br/Censos/Censo_Demografico_2022/Agregados_por_Setores_Censitarios/Agregados_por_Setor_csv/Agregados_por_setores_alfabetizacao_BR.zip
V00870,V00870,"15 a 29 anos, Cor ou raça é branca, Morador sabe ler e escrever",Alfabetização,Pessoas,alfabetizacao,Agregados_por_setores_alfabetizacao_BR.csv,CD_setor,https://ftp.ibge.gov.br/Censos/Censo_Demografico_2022/Agregados_por_Setores_Censitarios/Agregados_por_Setor_csv/Agregados_por_setores_alfabetizacao_BR.zip
V00871,V00871,"15 a 29 anos, Cor ou raça é branca, Morador não sabe ler e escrever",Alfabetização,Pessoas,alfabetizacao,Agregados_por_setores_alfabetizacao_BR.csv,CD_setor,https://ftp.ibge.gov.br/Censos/Censo_Demografico_2022/Agregados_por_Setores_Censitarios/Agregados_por_Setor_csv/Agregados_por_setores_alfabetizacao_BR.zip
V00872,V00872,"15 a 29 anos, Cor ou raça é preta, Morador sabe ler e escrever",Alfabetização,Pessoas,alfabetizacao,Agregados_por_setores_alfabetizacao_BR.csv,CD_setor,https://ftp.ibge.gov.br/Censos/Censo_Demografico_2022/Agregados_por_Setores_Censitarios/Agregados_por_Setor_csv/Agregados_por_setores_alfabetizacao_BR.zip
V00873,V00873,"15 a 29 anos, Cor ou raça é preta, Morador não sabe ler e escrever",Alfabetização,Pessoas,alfabetizacao,Agregados_por_setores_alfabetizacao_BR.csv,CD_setor,https://ftp.ibge.gov.br/Censos/Censo_Demografico_2022/Agregados_por_Setores_Censitarios/Agregados_por_Setor_csv/Agregados_por_setores_alfabetizacao_BR.zip
V00874,V00874,"15 a 29 anos, Cor ou raça é amarela, Morador sabe ler e escrever",Alfabetização,Pessoas,alfabetizacao,Agregados_por_setores_alfabetizacao_BR.csv,CD_setor,https://ftp.ibge.gov.br/Censos/Censo_Demografico_2022/Agregados_por_Setores_Censitarios/Agregados_por_Setor_csv/Agregados_por_setores_alfabetizacao_BR.zip
V00875,V00875,"15 a 29 anos, Cor ou raça é amarela, Morador não sabe ler e escrever",Alfabetização,Pessoas,alfabetizacao,Agregados_por_setores_alfabetizacao_BR.csv,CD_setor,https://ftp.ibge.gov.br/Censos/Censo_Demografico_2022/Agregados_por_Setores_Censitarios/Agregados_por_Setor_csv/Agregados_por_setores_alfabetizacao_BR.zip
V00876,V00876,"15 a 29 anos, Cor ou raça é parda, Morador sabe ler e escrever",Alfabetização,Pessoas,alfabetizacao,Agregados_por_setores_alfabetizacao_BR.csv,CD_setor,https://ftp.ibge.gov.br/Censos/Censo_Demografico_2022/Agregados_por_Setores_Censitarios/Agregados_por_Setor_csv/Agregados_por_setores_alfabetizacao_BR.zip
V00877,V00877,"15 a 29 anos, Cor ou raça é parda, Morador não sabe ler e escrever",Alfabetização,Pessoas,alfabetizacao,Agregados_por_setores_alfabetizacao_BR.csv,CD_setor,https://ftp.ibge.gov.br/Censos/Censo_Demografico_2022/Agregados_por_Setores_Censitarios/Agregados_por_Setor_csv/Agregados_por_setores_alfabetizacao_BR.zip
V00878,V00878,"15 a 29 anos, Cor ou raça é indígena, Morador sabe ler e escrever",Alfabetização,Pessoas,alfabetizacao,Agregados_por_setores_alfabetizacao_BR.csv,CD_setor,https://ftp.ibge.gov.br/Censos/Censo_Demografico_2022/Agregados_por_Setores_Censitarios/Agregados_por_Setor_csv/Agregados_por_setores_alfabetizacao_BR.zip
V00879,V00879,"15 a 29 anos, Cor ou raça é indígena, Morador não sabe ler e escrever",Alfabetização,Pessoas,alfabetizacao,Agregados_por_setores_alfabetizacao_BR.csv,CD_setor,https://ftp.ibge.gov.br/Censos/Censo_Demografico_2022/Agregados_por_Setores_Censitarios/Agregados_por_Setor_csv/Agregados_por_setores_alfabetizacao_BR.zip
V00880,V00880,"30 a 59 anos, Cor ou raça é branca, Morador sabe ler e escrever",Alfabetização,Pessoas,alfabetizacao,Agregados_por_setores_alfabetizacao_BR.csv,CD_setor,https://ftp.ibge.gov.br/Censos/Censo_Demografico_2022/Agregados_por_Setores_Censitarios/Agregados_por_Setor_csv/Agregados_por_setores_alfabetizacao_BR.zip
V00881,V00881,"30 a 59 anos, Cor ou raça é branca, Morador não sabe ler e escrever",Alfabetização,Pessoas,alfabetizacao,Agregados_por_setores_alfabetizacao_BR.csv,CD_setor,https://ftp.ibge.gov.br/Censos/Censo_Demografico_2022/Agregados_por_Setores_Censitarios/Agregados_por_Setor_csv/Agregados_por_setores_alfabetizacao_BR.zip
V00882,V00882,"30 a 59 anos, Cor ou raça é preta, Morador sabe ler e escrever",Alfabetização,Pessoas,alfabetizacao,Agregados_por_setores_alfabetizacao_BR.csv,CD_setor,https://ftp.ibge.gov.br/Censos/Censo_Demografico_2022/Agregados_por_Setores_Censitarios/Agregados_por_Setor_csv/Agregados_por_setores_alfabetizacao_BR.zip
V00883,V00883,"30 a 59 anos, Cor ou raça é preta, Morador não sabe ler e escrever",Alfabetização,Pessoas,alfabetizacao,Agregados_por_setores_alfabetizacao_BR.csv,CD_setor,https://ftp.ibge.gov.br/Censos/Censo_Demografico_2022/Agregados_por_Setores_Censitarios/Agregados_por_Setor_csv/Agregados_por_setores_alfabetizacao_BR.zip
V00884,V00884,"30 a 59 anos, Cor ou raça é amarela, Morador sabe ler e escrever",Alfabetização,Pessoas,alfabetizacao,Agregados_por_setores_alfabetizacao_BR.csv,CD_setor,https://ftp.ibge.gov.br/Censos/Censo_Demografico_2022/Agregados_por_Setores_Censitarios/Agregados_por_Setor_csv/Agregados_por_setores_alfabetizacao_BR.zip
V00885,V00885,"30 a 59 anos, Cor ou raça é amarela, Morador não sabe ler e escrever",Alfabetização,Pessoas,alfabetizacao,Agregados_por_setores_alfabetizacao_BR.csv,CD_setor,https://ftp.ibge.gov.br/Censos/Censo_Demografico_2022/Agregados_por_Setores_Censitarios/Agregados_por_Setor_csv/Agregados_por_setores_alfabetizacao_BR.zip
V00886,V00886,"30 a 59 anos, Cor ou raça é parda, Morador sabe ler e escrever",Alfabetização,Pessoas,alfabetizacao,Agregados_por_setores_alfabetizacao_BR.csv,CD_setor,https://ftp.ibge.gov.br/Censos/Censo_Demografico_2022/Agregados_por_Setores_Censitarios/Agregados_por_Setor_csv/Agregados_por_setores_alfabetizacao_BR.zip
V00887,V00887,"30 a 59 anos, Cor ou raça é parda, Morador não sabe ler e escrever",Alfabetização,Pessoas,alfabetizacao,Agregados_por_setores_alfabetizacao_BR.csv,CD_setor,https://ftp.ibge.gov.br/Censos/Censo_Demografico_2022/Agregados_por_Setores_Censitarios/Agregados_por_Setor_csv/Agregados_por_setores_alfabetizacao_BR.zip
V00888,V00888,"30 a 59 anos, Cor ou raça é indígena, Morador sabe ler e escrever",Alfabetização,Pessoas,alfabetizacao,Agregados_por_setores_alfabetizacao_BR.csv,CD_setor,https://ftp.ibge.gov.br/Censos/Censo_Demografico_2022/Agregados_por_Setores_Censitarios/Agregados_por_Setor_csv/Agregados_por_setores_alfabetizacao_BR.zip
V00889,V00889,"30 a 59 anos, Cor ou raça é indígena, Morador não sabe ler e escrever",Alfabetização,Pessoas,alfabetizacao,Agregados_por_setores_alfabetizacao_BR.csv,CD_setor,https://ftp.ibge.gov.br/Censos/Censo_Demografico_2022/Agregados_por_Setores_Censitarios/Agregados_por_Setor_csv/Agregados_por_setores_alfabetizacao_BR.zip
V00890,V00890,"60 anos ou mais, Cor ou raça é branca, Morador sabe ler e escrever",Alfabetização,Pessoas,alfabetizacao,Agregados_por_setores_alfabetizacao_BR.csv,CD_setor,https://ftp.ibge.gov.br/Censos/Censo_Demografico_2022/Agregados_por_Setores_Censitarios/Agregados_por_Setor_csv/Agregados_por_setores_alfabetizacao_BR.zip
V00891,V00891,"60 anos ou mais, Cor ou raça é branca, Morador não sabe ler e escrever",Alfabetização,Pessoas,alfabetizacao,Agregados_por_setores_alfabetizacao_BR.csv,CD_setor,https://ftp.ibge.gov.br/Censos/Censo_Demografico_2022/Agregados_por_Setores_Censitarios/Agregados_por_Setor_csv/Agregados_por_setores_alfabetizacao_BR.zip
V00892,V00892,"60 anos ou mais, Cor ou raça é preta, Morador sabe ler e escrever",Alfabetização,Pessoas,alfabetizacao,Agregados_por_setores_alfabetizacao_BR.csv,CD_setor,https://ftp.ibge.gov.br/Censos/Censo_Demografico_2022/Agregados_por_Setores_Censitarios/Agregados_por_Setor_csv/Agregados_por_setores_alfabetizacao_BR.zip
V00893,V00893,"60 anos ou mais, Cor ou raça é preta, Morador não sabe ler e escrever",Alfabetização,Pessoas,alfabetizacao,Agregados_por_setores_alfabetizacao_BR.csv,CD_setor,https://ftp.ibge.gov.br/Censos/Censo_Demografico_2022/Agregados_por_Setores_Censitarios/Agregados_por_Setor_csv/Agregados_por_setores_alfabetizacao_BR.zip
V00894,V00894,"60 anos ou mais, Cor ou raça é amarela, Morador sabe ler e escrever",Alfabetização,Pessoas,alfabetizacao,Agregados_por_setores_alfabetizacao_BR.csv,CD_setor,https://ftp.ibge.gov.br/Censos/Censo_Demografico_2022/Agregados_por_Setores_Censitarios/Agregados_por_Setor_csv/Agregados_por_setores_alfabetizacao_BR.zip
V00895,V00895,"60 anos ou mais, Cor ou raça é amarela, Morador não sabe ler e escrever",Alfabetização,Pessoas,alfabetizacao,Agregados_por_setores_alfabetizacao_BR.csv,CD_setor,https://ftp.ibge.gov.br/Censos/Censo_Demografico_2022/Agregados_por_Setores_Censitarios/Agregados_por_Setor_csv/Agregados_por_setores_alfabetizacao_BR.zip
V00896,V00896,"60 anos ou mais, Cor ou raça é parda, Morador sabe ler e escrever",Alfabetização,Pessoas,alfabetizacao,Agregados_por_setores_alfabetizacao_BR.csv,CD_setor,https://ftp.ibge.gov.br/Censos/Censo_Demografico_2022/Agregados_por_Setores_Censitarios/Agregados_por_Setor_csv/Agregados_por_setores_alfabetizacao_BR.zip
V00897,V00897,"60 anos ou mais, Cor ou raça é parda, Morador não sabe ler e escrever",Alfabetização,Pessoas,alfabetizacao,Agregados_por_setores_alfabetizacao_BR.csv,CD_setor,https://ftp.ibge.gov.br/Censos/Censo_Demografico_2022/Agregados_por_Setores_Censitarios/Agregados_por_Setor_csv/Agregados_por_setores_alfabetizacao_BR.zip
V00898,V00898,"60 anos ou mais, Cor ou raça é indígena, Morador sabe ler e escrever",Alfabetização,Pessoas,alfabetizacao,Agregados_por_setores_alfabetizacao_BR.csv,CD_setor,https://ftp.ibge.gov.br/Censos/Censo_Demografico_2022/Agregados_por_Setores_Censitarios/Agregados_por_Setor_csv/Agregados_por_setores_alfabetizacao_BR.zip
V00899,V00899,"60 anos ou mais, Cor ou raça é indígena, Morador não sabe ler e escrever",Alfabetização,Pessoas,alfabetizacao,Agregados_por_setores_alfabetizacao_BR.csv,CD_setor,https://ftp.ibge.gov.br/Censos/Censo_Demografico_2022/Agregados_por_Setores_Censitarios/Agregados_por_Setor_csv/Agregados_por_setores_alfabetizacao_BR.zip
V00900,V00900,"15 anos ou mais, Morador sabe ler e escrever",Alfabetização,Pessoas,alfabetizacao,Agregados_por_setores_alfabetizacao_BR.csv,CD_setor,https://ftp.ibge.gov.br/Censos/Censo_Demografico_2022/Agregados_por_Setores_Censitarios/Agregados_por_Setor_csv/Agregados_por_setores_alfabetizacao_BR.zip
V00901,V00901,"15 anos ou mais, Morador não sabe ler e escrever",Alfabetização,Pessoas,alfabetizacao,Agregados_por_setores_alfabetizacao_BR.csv,CD_setor,https://ftp.ibge.gov.br/Censos/Censo_Demografico_2022/Agregados_por_Setores_Censitarios/Agregados_por_Setor_csv/Agregados_por_setores_alfabetizacao_BR.zip
V00902,V00902,"15 anos ou mais, Cor ou raça é branca, Morador sabe ler e escrever",Alfabetização,Pessoas,alfabetizacao,Agregados_por_setores_alfabetizacao_BR.csv,CD_setor,https://ftp.ibge.gov.br/Censos/Censo_Demografico_2022/Agregados_por_Setores_Censitarios/Agregados_por_Setor_csv/Agregados_por_setores_alfabetizacao_BR.zip
V00903,V00903,"15 anos ou mais, Cor ou raça é branca, Morador não sabe ler e escrever",Alfabetização,Pessoas,alfabetizacao,Agregados_por_setores_alfabetizacao_BR.csv,CD_setor,https://ftp.ibge.gov.br/Censos/Censo_Demografico_2022/Agregados_por_Setores_Censitarios/Agregados_por_Setor_csv/Agregados_por_setores_alfabetizacao_BR.zip
V00904,V00904,"15 anos ou mais, Cor ou raça é preta, Morador sabe ler e escrever",Alfabetização,Pessoas,alfabetizacao,Agregados_por_setores_alfabetizacao_BR.csv,CD_setor,https://ftp.ibge.gov.br/Censos/Censo_Demografico_2022/Agregados_por_Setores_Censitarios/Agregados_por_Setor_csv/Agregados_por_setores_alfabetizacao_BR.zip
V00905,V00905,"15 anos ou mais, Cor ou raça é preta, Morador não sabe ler e escrever",Alfabetização,Pessoas,alfabetizacao,Agregados_por_setores_alfabetizacao_BR.csv,CD_setor,https://ftp.ibge.gov.br/Censos/Censo_Demografico_2022/Agregados_por_Setores_Censitarios/Agregados_por_Setor_csv/Agregados_por_setores_alfabetizacao_BR.zip
V00906,V00906,"15 anos ou mais, Cor ou raça é amarela, Morador sabe ler e escrever",Alfabetização,Pessoas,alfabetizacao,Agregados_por_setores_alfabetizacao_BR.csv,CD_setor,https://ftp.ibge.gov.br/Censos/Censo_Demografico_2022/Agregados_por_Setores_Censitarios/Agregados_por_Setor_csv/Agregados_por_setores_alfabetizacao_BR.zip
V00907,V00907,"15 anos ou mais, Cor ou raça é amarela, Morador não sabe ler e escrever",Alfabetização,Pessoas,alfabetizacao,Agregados_por_setores_alfabetizacao_BR.csv,CD_setor,https://ftp.ibge.gov.br/Censos/Censo_Demografico_2022/Agregados_por_Setores_Censitarios/Agregados_por_Setor_csv/Agregados_por_setores_alfabetizacao_BR.zip
V00908,V00908,"15 anos ou mais, Cor ou raça é parda, Morador sabe ler e escrever",Alfabetização,Pessoas,alfabetizacao,Agregados_por_setores_alfabetizacao_BR.csv,CD_setor,https://ftp.ibge.gov.br/Censos/Censo_Demografico_2022/Agregados_por_Setores_Censitarios/Agregados_por_Setor_csv/Agregados_por_setores_alfabetizacao_BR.zip
V00909,V00909,"15 anos ou mais, Cor ou raça é parda, Morador não sabe ler e escrever",Alfabetização,Pessoas,alfabetizacao,Agregados_por_setores_alfabetizacao_BR.csv,CD_setor,https://ftp.ibge.gov.br/Censos/Censo_Demografico_2022/Agregados_por_Setores_Censitarios/Agregados_por_Setor_csv/Agregados_por_setores_alfabetizacao_BR.zip
V00910,V00910,"15 anos ou mais, Cor ou raça é indígena, Morador sabe ler e escrever",Alfabetização,Pessoas,alfabetizacao,Agregados_por_setores_alfabetizacao_BR.csv,CD_setor,https://ftp.ibge.gov.br/Censos/Censo_Demografico_2022/Agregados_por_Setores_Censitarios/Agregados_por_Setor_csv/Agregados_por_setores_alfabetizacao_BR.zip
V00911,V00911,"15 anos ou mais, Cor ou raça é indígena, Morador não sabe ler e escrever",Alfabetização,Pessoas,alfabetizacao,Agregados_por_setores_alfabetizacao_BR.csv,CD_setor,https://ftp.ibge.gov.br/Censos/Censo_Demografico_2022/Agregados_por_Setores_Censitarios/Agregados_por_Setor_csv/Agregados_por_setores_alfabetizacao_BR.zip
V00912,V00912,"Sexo masculino, 15 anos ou mais, Morador sabe ler e escrever",Alfabetização,Pessoas,alfabetizacao,Agregados_por_setores_alfabetizacao_BR.csv,CD_setor,https://ftp.ibge.gov.br/Censos/Censo_Demografico_2022/Agregados_por_Setores_Censitarios/Agregados_por_Setor_csv/Agregados_por_setores_alfabetizacao_BR.zip
V00913,V00913,"Sexo masculino, 15 anos ou mais, Morador não sabe ler e escrever",Alfabetização,Pessoas,alfabetizacao,Agregados_por_setores_alfabetizacao_BR.csv,CD_setor,https://ftp.ibge.gov.br/Censos/Censo_Demografico_2022/Agregados_por_Setores_Censitarios/Agregados_por_Setor_csv/Agregados_por_setores_alfabetizacao_BR.zip
V00914,V00914,"Sexo feminino, 15 anos ou mais, Morador sabe ler e escrever",Alfabetização,Pessoas,alfabetizacao,Agregados_por_setores_alfabetizacao_BR.csv,CD_setor,https://ftp.ibge.gov.br/Censos/Censo_Demografico_2022/Agregados_por_Setores_Censitarios/Agregados_por_Setor_csv/Agregados_por_setores_alfabetizacao_BR.zip
V00915,V00915,"Sexo feminino, 15 anos ou mais, Morador não sabe ler e escrever",Alfabetização,Pessoas,alfabetizacao,Agregados_por_setores_alfabetizacao_BR.csv,CD_setor,https://ftp.ibge.gov.br/Censos/Censo_Demografico_2022/Agregados_por_Setores_Censitarios/Agregados_por_Setor_csv/Agregados_por_setores_alfabetizacao_BR.zip
V00916,V00916,"Sexo masculino, 15 anos ou mais, Cor ou raça é branca, Morador sabe ler e escrever",Alfabetização,Pessoas,alfabetizacao,Agregados_por_setores_alfabetizacao_BR.csv,CD_setor,https://ftp.ibge.gov.br/Censos/Censo_Demografico_2022/Agregados_por_Setores_Censitarios/Agregados_por_Setor_csv/Agregados_por_setores_alfabetizacao_BR.zip
V00917,V00917,"Sexo masculino, 15 anos ou mais, Cor ou raça é branca, Morador não sabe ler e escrever",Alfabetização,Pessoas,alfabetizacao,Agregados_por_setores_alfabetizacao_BR.csv,CD_setor,https://ftp.ibge.gov.br/Censos/Censo_Demografico_2022/Agregados_por_Setores_Censitarios/Agregados_por_Setor_csv/Agregados_por_setores_alfabetizacao_BR.zip
V00918,V00918,"Sexo masculino, 15 anos ou mais, Cor ou raça é preta, Morador sabe ler e escrever",Alfabetização,Pessoas,alfabetizacao,Agregados_por_setores_alfabetizacao_BR.csv,CD_setor,https://ftp.ibge.gov.br/Censos/Censo_Demografico_2022/Agregados_por_Setores_Censitarios/Agregados_por_Setor_csv/Agregados_por_setores_alfabetizacao_BR.zip
V00919,V00919,"Sexo masculino, 15 anos ou mais, Cor ou raça é preta, Morador não sabe ler e escrever",Alfabetização,Pessoas,alfabetizacao,Agregados_por_setores_alfabetizacao_BR.csv,CD_setor,https://ftp.ibge.gov.br/Censos/Censo_Demografico_2022/Agregados_por_Setores_Censitarios/Agregados_por_Setor_csv/Agregados_por_setores_alfabetizacao_BR.zip
V00920,V00920,"Sexo masculino, 15 anos ou mais, Cor ou raça é amarela, Morador sabe ler e escrever",Alfabetização,Pessoas,alfabetizacao,Agregados_por_setores_alfabetizacao_BR.csv,CD_setor,https://ftp.ibge.gov.br/Censos/Censo_Demografico_2022/Agregados_por_Setores_Censitarios/Agregados_por_Setor_csv/Agregados_por_setores_alfabetizacao_BR.zip
V00921,V00921,"Sexo masculino, 15 anos ou mais, Cor ou raça é amarela, Morador não sabe ler e escrever",Alfabetização,Pessoas,alfabetizacao,Agregados_por_setores_alfabetizacao_BR.csv,CD_setor,https://ftp.ibge.gov.br/Censos/Censo_Demografico_2022/Agregados_por_Setores_Censitarios/Agregados_por_Setor_csv/Agregados_por_setores_alfabetizacao_BR.zip
V00922,V00922,"Sexo masculino, 15 anos ou mais, Cor ou raça é parda, Morador sabe ler e escrever",Alfabetização,Pessoas,alfabetizacao,Agregados_por_setores_alfabetizacao_BR.csv,CD_setor,https://ftp.ibge.gov.br/Censos/Censo_Demografico_2022/Agregados_por_Setores_Censitarios/Agregados_por_Setor_csv/Agregados_por_setores_alfabetizacao_BR.zip
V00923,V00923,"Sexo masculino, 15 anos ou mais, Cor ou raça é parda, Morador não sabe ler e escrever",Alfabetização,Pessoas,alfabetizacao,Agregados_por_setores_alfabetizacao_BR.csv,CD_setor,https://ftp.ibge.gov.br/Censos/Censo_Demografico_2022/Agregados_por_Setores_Censitarios/Agregados_por_Setor_csv/Agregados_por_setores_alfabetizacao_BR.zip
V00924,V00924,"Sexo masculino, 15 anos ou mais, Cor ou raça é indígena, Morador sabe ler e escrever",Alfabetização,Pessoas,alfabetizacao,Agregados_por_setores_alfabetizacao_BR.csv,CD_setor,https://ftp.ibge.gov.br/Censos/Censo_Demografico_2022/Agregados_por_Setores_Censitarios/Agregados_por_Setor_csv/Agregados_por_setores_alfabetizacao_BR.zip
V00925,V00925,"Sexo masculino, 15 anos ou mais, Cor ou raça é indígena, Morador não sabe ler e escrever",Alfabetização,Pessoas,alfabetizacao,Agregados_por_setores_alfabetizacao_BR.csv,CD_setor,https://ftp.ibge.gov.br/Censos/Censo_Demografico_2022/Agregados_por_Setores_Censitarios/Agregados_por_Setor_csv/Agregados_por_setores_alfabetizacao_BR.zip
V00926,V00926,"Sexo feminino, 15 anos ou mais, Cor ou raça é branca, Morador sabe ler e escrever",Alfabetização,Pessoas,alfabetizacao,Agregados_por_setores_alfabetizacao_BR.csv,CD_setor,https://ftp.ibge.gov.br/Censos/Censo_Demografico_2022/Agregados_por_Setores_Censitarios/Agregados_por_Setor_csv/Agregados_por_setores_alfabetizacao_BR.zip
V00927,V00927,"Sexo feminino, 15 anos ou mais, Cor ou raça é branca, Morador não sabe ler e escrever",Alfabetização,Pessoas,alfabetizacao,Agregados_por_setores_alfabetizacao_BR.csv,CD_setor,https://ftp.ibge.gov.br/Censos/Censo_Demografico_2022/Agregados_por_Setores_Censitarios/Agregados_por_Setor_csv/Agregados_por_setores_alfabetizacao_BR.zip
V00928,V00928,"Sexo feminino, 15 anos ou mais, Cor ou raça é preta, Morador sabe ler e escrever",Alfabetização,Pessoas,alfabetizacao,Agregados_por_setores_alfabetizacao_BR.csv,CD_setor,https://ftp.ibge.gov.br/Censos/Censo_Demografico_2022/Agregados_por_Setores_Censitarios/Agregados_por_Setor_csv/Agregados_por_setores_alfabetizacao_BR.zip
V00929,V00929,"Sexo feminino, 15 anos ou mais, Cor ou raça é preta, Morador não sabe ler e escrever",Alfabetização,Pessoas,alfabetizacao,Agregados_por_setores_alfabetizacao_BR.csv,CD_setor,https://ftp.ibge.gov.br/Censos/Censo_Demografico_2022/Agregados_por_Setores_Censitarios/Agregados_por_Setor_csv/Agregados_por_setores_alfabetizacao_BR.zip
V00930,V00930,"Sexo feminino, 15 anos ou mais, Cor ou raça é amarela, Morador sabe ler e escrever",Alfabetização,Pessoas,alfabetizacao,Agregados_por_setores_alfabetizacao_BR.csv,CD_setor,https://ftp.ibge.gov.br/Censos/Censo_Demografico_2022/Agregados_por_Setores_Censitarios/Agregados_por_Setor_csv/Agregados_por_setores_alfabetizacao_BR.zip
V00931,V00931,"Sexo feminino, 15 anos ou mais, Cor ou raça é amarela, Morador não sabe ler e escrever",Alfabetização,Pessoas,alfabetizacao,Agregados_por_setores_alfabetizacao_BR.csv,CD_setor,https://ftp.ibge.gov.br/Censos/Censo_Demografico_2022/Agregados_por_Setores_Censitarios/Agregados_por_Setor_csv/Agregados_por_setores_alfabetizacao_BR.zip
V00932,V00932,"Sexo feminino, 15 anos ou mais, Cor ou raça é parda, Morador sabe ler e escrever",Alfabetização,Pessoas,alfabetizacao,Agregados_por_setores_alfabetizacao_BR.csv,CD_setor,https://ftp.ibge.gov.br/Censos/Censo_Demografico_2022/Agregados_por_Setores_Censitarios/Agregados_por_Setor_csv/Agregados_por_setores_alfabetizacao_BR.zip
V00933,V00933,"Sexo feminino, 15 anos ou mais, Cor ou raça é parda, Morador não sabe ler e escrever",Alfabetização,Pessoas,alfabetizacao,Agregados_por_setores_alfabetizacao_BR.csv,CD_setor,https://ftp.ibge.gov.br/Censos/Censo_Demografico_2022/Agregados_por_Setores_Censitarios/Agregados_por_Setor_csv/Agregados_por_setores_alfabetizacao_BR.zip
V00934,V00934,"Sexo feminino, 15 anos ou mais, Cor ou raça é indígena, Morador sabe ler e escrever",Alfabetização,Pessoas,alfabetizacao,Agregados_por_setores_alfabetizacao_BR.csv,CD_setor,https://ftp.ibge.gov.br/Censos/Censo_Demografico_2022/Agregados_por_Setores_Censitarios/Agregados_por_Setor_csv/Agregados_por_setores_alfabetizacao_BR.zip
V00935,V00935,"Sexo feminino, 15 anos ou mais, Cor ou raça é indígena, Morador não sabe ler e escrever",Alfabetização,Pessoas,alfabetizacao,Agregados_por_setores_alfabetizacao_BR.csv,CD_setor,https://ftp.ibge.gov.br/Censos/Censo_Demografico_2022/Agregados_por_Setores_Censitarios/Agregados_por_Setor_csv/Agregados_por_setores_alfabetizacao_BR.zip
V00936,V00936,"Pessoa responsável pelo domicílio, 15 a 19 anos, Morador sabe ler e escrever",Alfabetização,Pessoas,alfabetizacao,Agregados_por_setores_alfabetizacao_BR.csv,CD_setor,https://ftp.ibge.gov.br/Censos/Censo_Demografico_2022/Agregados_por_Setores_Censitarios/Agregados_por_Setor_csv/Agregados_por_setores_alfabetizacao_BR.zip
V00937,V00937,"Pessoa responsável pelo domicílio, 15 a 19 anos, Morador não sabe ler e escrever",Alfabetização,Pessoas,alfabetizacao,Agregados_por_setores_alfabetizacao_BR.csv,CD_setor,https://ftp.ibge.gov.br/Censos/Censo_Demografico_2022/Agregados_por_Setores_Censitarios/Agregados_por_Setor_csv/Agregados_por_setores_alfabetizacao_BR.zip
V00938,V00938,"Pessoa responsável pelo domicílio, 20 a 24 anos, Morador sabe ler e escrever",Alfabetização,Pessoas,alfabetizacao,Agregados_por_setores_alfabetizacao_BR.csv,CD_setor,https://ftp.ibge.gov.br/Censos/Censo_Demografico_2022/Agregados_por_Setores_Censitarios/Agregados_por_Setor_csv/Agregados_por_setores_alfabetizacao_BR.zip
V00939,V00939,"Pessoa responsável pelo domicílio, 20 a 24 anos, Morador não sabe ler e escrever",Alfabetização,Pessoas,alfabetizacao,Agregados_por_setores_alfabetizacao_BR.csv,CD_setor,https://ftp.ibge.gov.br/Censos/Censo_Demografico_2022/Agregados_por_Setores_Censitarios/Agregados_por_Setor_csv/Agregados_por_setores_alfabetizacao_BR.zip
V00940,V00940,"Pessoa responsável pelo domicílio, 25 a 29 anos, Morador sabe ler e escrever",Alfabetização,Pessoas,alfabetizacao,Agregados_por_setores_alfabetizacao_BR.csv,CD_setor,https://ftp.ibge.gov.br/Censos/Censo_Demografico_2022/Agregados_por_Setores_Censitarios/Agregados_por_Setor_csv/Agregados_por_setores_alfabetizacao_BR.zip
V00941,V00941,"Pessoa responsável pelo domicílio, 25 a 29 anos, Morador não sabe ler e escrever",Alfabetização,Pessoas,alfabetizacao,Agregados_por_setores_alfabetizacao_BR.csv,CD_setor,https://ftp.ibge.gov.br/Censos/Censo_Demografico_2022/Agregados_por_Setores_Censitarios/Agregados_por_Setor_csv/Agregados_por_setores_alfabetizacao_BR.zip
V00942,V00942,"Pessoa responsável pelo domicílio, 30 a 34 anos, Morador sabe ler e escrever",Alfabetização,Pessoas,alfabetizacao,Agregados_por_setores_alfabetizacao_BR.csv,CD_setor,https://ftp.ibge.gov.br/Censos/Censo_Demografico_2022/Agregados_por_Setores_Censitarios/Agregados_por_Setor_csv/Agregados_por_setores_alfabetizacao_BR.zip
V00943,V00943,"Pessoa responsável pelo domicílio, 30 a 34 anos, Morador não sabe ler e escrever",Alfabetização,Pessoas,alfabetizacao,Agregados_por_setores_alfabetizacao_BR.csv,CD_setor,https://ftp.ibge.gov.br/Censos/Censo_Demografico_2022/Agregados_por_Setores_Censitarios/Agregados_por_Setor_csv/Agregados_por_setores_alfabetizacao_BR.zip
V00944,V00944,"Pessoa responsável pelo domicílio, 35 a 39 anos, Morador sabe ler e escrever",Alfabetização,Pessoas,alfabetizacao,Agregados_por_setores_alfabetizacao_BR.csv,CD_setor,https://ftp.ibge.gov.br/Censos/Censo_Demografico_2022/Agregados_por_Setores_Censitarios/Agregados_por_Setor_csv/Agregados_por_setores_alfabetizacao_BR.zip
V00945,V00945,"Pessoa responsável pelo domicílio, 35 a 39 anos, Morador não sabe ler e escrever",Alfabetização,Pessoas,alfabetizacao,Agregados_por_setores_alfabetizacao_BR.csv,CD_setor,https://ftp.ibge.gov.br/Censos/Censo_Demografico_2022/Agregados_por_Setores_Censitarios/Agregados_por_Setor_csv/Agregados_por_setores_alfabetizacao_BR.zip
V00946,V00946,"Pessoa responsável pelo domicílio, 40 a 44 anos, Morador sabe ler e escrever",Alfabetização,Pessoas,alfabetizacao,Agregados_por_setores_alfabetizacao_BR.csv,CD_setor,https://ftp.ibge.gov.br/Censos/Censo_Demografico_2022/Agregados_por_Setores_Censitarios/Agregados_por_Setor_csv/Agregados_por_setores_alfabetizacao_BR.zip
V00947,V00947,"Pessoa responsável pelo domicílio, 40 a 44 anos, Morador não sabe ler e escrever",Alfabetização,Pessoas,alfabetizacao,Agregados_por_setores_alfabetizacao_BR.csv,CD_setor,https://ftp.ibge.gov.br/Censos/Censo_Demografico_2022/Agregados_por_Setores_Censitarios/Agregados_por_Setor_csv/Agregados_por_setores_alfabetizacao_BR.zip
V00948,V00948,"Pessoa responsável pelo domicílio, 45 a 49 anos, Morador sabe ler e escrever",Alfabetização,Pessoas,alfabetizacao,Agregados_por_setores_alfabetizacao_BR.csv,CD_setor,https://ftp.ibge.gov.br/Censos/Censo_Demografico_2022/Agregados_por_Setores_Censitarios/Agregados_por_Setor_csv/Agregados_por_setores_alfabetizacao_BR.zip
V00949,V00949,"Pessoa responsável pelo domicílio, 45 a 49 anos, Morador não sabe ler e escrever",Alfabetização,Pessoas,alfabetizacao,Agregados_por_setores_alfabetizacao_BR.csv,CD_setor,https://ftp.ibge.gov.br/Censos/Censo_Demografico_2022/Agregados_por_Setores_Censitarios/Agregados_por_Setor_csv/Agregados_por_setores_alfabetizacao_BR.zip
V00950,V00950,"Pessoa responsável pelo domicílio, 50 a 54 anos, Morador sabe ler e escrever",Alfabetização,Pessoas,alfabetizacao,Agregados_por_setores_alfabetizacao_BR.csv,CD_setor,https://ftp.ibge.gov.br/Censos/Censo_Demografico_2022/Agregados_por_Setores_Censitarios/Agregados_por_Setor_csv/Agregados_por_setores_alfabetizacao_BR.zip
V00951,V00951,"Pessoa responsável pelo domicílio, 50 a 54 anos, Morador não sabe ler e escrever",Alfabetização,Pessoas,alfabetizacao,Agregados_por_setores_alfabetizacao_BR.csv,CD_setor,https://ftp.ibge.gov.br/Censos/Censo_Demografico_2022/Agregados_por_Setores_Censitarios/Agregados_por_Setor_csv/Agregados_por_setores_alfabetizacao_BR.zip
V00952,V00952,"Pessoa responsável pelo domicílio, 55 a 59 anos, Morador sabe ler e escrever",Alfabetização,Pessoas,alfabetizacao,Agregados_por_setores_alfabetizacao_BR.csv,CD_setor,https://ftp.ibge.gov.br/Censos/Censo_Demografico_2022/Agregados_por_Setores_Censitarios/Agregados_por_Setor_csv/Agregados_por_setores_alfabetizacao_BR.zip
V00953,V00953,"Pessoa responsável pelo domicílio, 55 a 59 anos, Morador não sabe ler e escrever",Alfabetização,Pessoas,alfabetizacao,Agregados_por_setores_alfabetizacao_BR.csv,CD_setor,https://ftp.ibge.gov.br/Censos/Censo_Demografico_2022/Agregados_por_Setores_Censitarios/Agregados_por_Setor_csv/Agregados_por_setores_alfabetizacao_BR.zip
V00954,V00954,"Pessoa responsável pelo domicílio, 60 a 64 anos, Morador sabe ler e escrever",Alfabetização,Pessoas,alfabetizacao,Agregados_por_setores_alfabetizacao_BR.csv,CD_setor,https://ftp.ibge.gov.br/Censos/Censo_Demografico_2022/Agregados_por_Setores_Censitarios/Agregados_por_Setor_csv/Agregados_por_setores_alfabetizacao_BR.zip
V00955,V00955,"Pessoa responsável pelo domicílio, 60 a 64 anos, Morador não sabe ler e escrever",Alfabetização,Pessoas,alfabetizacao,Agregados_por_setores_alfabetizacao_BR.csv,CD_setor,https://ftp.ibge.gov.br/Censos/Censo_Demografico_2022/Agregados_por_Setores_Censitarios/Agregados_por_Setor_csv/Agregados_por_setores_alfabetizacao_BR.zip
V00956,V00956,"Pessoa responsável pelo domicílio, 65 a 69 anos, Morador sabe ler e escrever",Alfabetização,Pessoas,alfabetizacao,Agregados_por_setores_alfabetizacao_BR.csv,CD_setor,https://ftp.ibge.gov.br/Censos/Censo_Demografico_2022/Agregados_por_Setores_Censitarios/Agregados_por_Setor_csv/Agregados_por_setores_alfabetizacao_BR.zip
V00957,V00957,"Pessoa responsável pelo domicílio, 65 a 69 anos, Morador não sabe ler e escrever",Alfabetização,Pessoas,alfabetizacao,Agregados_por_setores_alfabetizacao_BR.csv,CD_setor,https://ftp.ibge.gov.br/Censos/Censo_Demografico_2022/Agregados_por_Setores_Censitarios/Agregados_por_Setor_csv/Agregados_por_setores_alfabetizacao_BR.zip
V00958,V00958,"Pessoa responsável pelo domicílio, 70 a 79 anos, Morador sabe ler e escrever",Alfabetização,Pessoas,alfabetizacao,Agregados_por_setores_alfabetizacao_BR.csv,CD_setor,https://ftp.ibge.gov.br/Censos/Censo_Demografico_2022/Agregados_por_Setores_Censitarios/Agregados_por_Setor_csv/Agregados_por_setores_alfabetizacao_BR.zip
V00959,V00959,"Pessoa responsável pelo domicílio, 70 a 79 anos, Morador não sabe ler e escrever",Alfabetização,Pessoas,alfabetizacao,Agregados_por_setores_alfabetizacao_BR.csv,CD_setor,https://ftp.ibge.gov.br/Censos/Censo_Demografico_2022/Agregados_por_Setores_Censitarios/Agregados_por_Setor_csv/Agregados_por_setores_alfabetizacao_BR.zip
V00960,V00960,"Pessoa responsável pelo domicílio, 80 anos ou mais, Morador sabe ler e escrever",Alfabetização,Pessoas,alfabetizacao,Agregados_por_setores_alfabetizacao_BR.csv,CD_setor,https://ftp.ibge.gov.br/Censos/Censo_Demografico_2022/Agregados_por_Setores_Censitarios/Agregados_por_Setor_csv/Agregados_por_setores_alfabetizacao_BR.zip
V00961,V00961,"Pessoa responsável pelo domicílio, 80 anos ou mais, Morador não sabe ler e escrever",Alfabetização,Pessoas,alfabetizacao,Agregados_por_setores_alfabetizacao_BR.csv,CD_setor,https://ftp.ibge.gov.br/Censos/Censo_Demografico_2022/Agregados_por_Setores_Censitarios/Agregados_por_Setor_csv/Agregados_por_setores_alfabetizacao_BR.zip
V00962,V00962,"Pessoa responsável pelo domicílio, 15 anos ou mais, Cor ou raça é branca, Morador sabe ler e escrever",Alfabetização,Pessoas,alfabetizacao,Agregados_por_setores_alfabetizacao_BR.csv,CD_setor,https://ftp.ibge.gov.br/Censos/Censo_Demografico_2022/Agregados_por_Setores_Censitarios/Agregados_por_Setor_csv/Agregados_por_setores_alfabetizacao_BR.zip
V00963,V00963,"Pessoa responsável pelo domicílio, 15 anos ou mais, Cor ou raça é branca, Morador não sabe ler e escrever",Alfabetização,Pessoas,alfabetizacao,Agregados_por_setores_alfabetizacao_BR.csv,CD_setor,https://ftp.ibge.gov.br/Censos/Censo_Demografico_2022/Agregados_por_Setores_Censitarios/Agregados_por_Setor_csv/Agregados_por_setores_alfabetizacao_BR.zip
V00964,V00964,"Pessoa responsável pelo domicílio, 15 anos ou mais, Cor ou raça é preta, Morador sabe ler e escrever",Alfabetização,Pessoas,alfabetizacao,Agregados_por_setores_alfabetizacao_BR.csv,CD_setor,https://ftp.ibge.gov.br/Censos/Censo_Demografico_2022/Agregados_por_Setores_Censitarios/Agregados_por_Setor_csv/Agregados_por_setores_alfabetizacao_BR.zip
V00965,V00965,"Pessoa responsável pelo domicílio, 15 anos ou mais, Cor ou raça é preta, Morador não sabe ler e escrever",Alfabetização,Pessoas,alfabetizacao,Agregados_por_setores_alfabetizacao_BR.csv,CD_setor,https://ftp.ibge.gov.br/Censos/Censo_Demografico_2022/Agregados_por_Setores_Censitarios/Agregados_por_Setor_csv/Agregados_por_setores_alfabetizacao_BR.zip
V00966,V00966,"Pessoa responsável pelo domicílio, 15 anos ou mais, Cor ou raça é amarela, Morador sabe ler e escrever",Alfabetização,Pessoas,alfabetizacao,Agregados_por_setores_alfabetizacao_BR.csv,CD_setor,https://ftp.ibge.gov.br/Censos/Censo_Demografico_2022/Agregados_por_Setores_Censitarios/Agregados_por_Setor_csv/Agregados_por_setores_alfabetizacao_BR.zip
V00967,V00967,"Pessoa responsável pelo domicílio, 15 anos ou mais, Cor ou raça é amarela, Morador não sabe ler e escrever",Alfabetização,Pessoas,alfabetizacao,Agregados_por_setores_alfabetizacao_BR.csv,CD_setor,https://ftp.ibge.gov.br/Censos/Censo_Demografico_2022/Agregados_por_Setores_Censitarios/Agregados_por_Setor_csv/Agregados_por_setores_alfabetizacao_BR.zip
V00968,V00968,"Pessoa responsável pelo domicílio, 15 anos ou mais, Cor ou raça é parda, Morador sabe ler e escrever",Alfabetização,Pessoas,alfabetizacao,Agregados_por_setores_alfabetizacao_BR.csv,CD_setor,https://ftp.ibge.gov.br/Censos/Censo_Demografico_2022/Agregados_por_Setores_Censitarios/Agregados_por_Setor_csv/Agregados_por_setores_alfabetizacao_BR.zip
V00969,V00969,"Pessoa responsável pelo domicílio, 15 anos ou mais, Cor ou raça é parda, Morador não sabe ler e escrever",Alfabetização,Pessoas,alfabetizacao,Agregados_por_setores_alfabetizacao_BR.csv,CD_setor,https://ftp.ibge.gov.br/Censos/Censo_Demografico_2022/Agregados_por_Setores_Censitarios/Agregados_por_Setor_csv/Agregados_por_setores_alfabetizacao_BR.zip
V00970,V00970,"Pessoa responsável pelo domicílio, 15 anos ou mais, Cor ou raça é indígena, Morador sabe ler e escrever",Alfabetização,Pessoas,alfabetizacao,Agregados_por_setores_alfabetizacao_BR.csv,CD_setor,https://ftp.ibge.gov.br/Censos/Censo_Demografico_2022/Agregados_por_Setores_Censitarios/Agregados_por_Setor_csv/Agregados_por_setores_alfabetizacao_BR.zip
V00971,V00971,"Pessoa responsável pelo domicílio, 15 anos ou mais, Cor ou raça é indígena, Morador não sabe ler e escrever",Alfabetização,Pessoas,alfabetizacao,Agregados_por_setores_alfabetizacao_BR.csv,CD_setor,https://ftp.ibge.gov.br/Censos/Censo_Demografico_2022/Agregados_por_Setores_Censitarios/Agregados_por_Setor_csv/Agregados_por_setores_alfabetizacao_BR.zip
V00972,V00972,"Pessoa responsável pelo domicílio, Sexo masculino, 15 a 29 anos, Morador sabe ler e escrever",Alfabetização,Pessoas,alfabetizacao,Agregados_por_setores_alfabetizacao_BR.csv,CD_setor,https://ftp.ibge.gov.br/Censos/Censo_Demografico_2022/Agregados_por_Setores_Censitarios/Agregados_por_Setor_csv/Agregados_por_setores_alfabetizacao_BR.zip
V00973,V00973,"Pessoa responsável pelo domicílio, Sexo masculino, 15 a 29 anos, Morador não sabe ler e escrever",Alfabetização,Pessoas,alfabetizacao,Agregados_por_setores_alfabetizacao_BR.csv,CD_setor,https://ftp.ibge.gov.br/Censos/Censo_Demografico_2022/Agregados_por_Setores_Censitarios/Agregados_por_Setor_csv/Agregados_por_setores_alfabetizacao_BR.zip
V00974,V00974,"Pessoa responsável pelo domicílio, Sexo masculino, 30 a 59 anos, Morador sabe ler e escrever",Alfabetização,Pessoas,alfabetizacao,Agregados_por_setores_alfabetizacao_BR.csv,CD_setor,https://ftp.ibge.gov.br/Censos/Censo_Demografico_2022/Agregados_por_Setores_Censitarios/Agregados_por_Setor_csv/Agregados_por_setores_alfabetizacao_BR.zip
V00975,V00975,"Pessoa responsável pelo domicílio, Sexo masculino, 30 a 59 anos, Morador não sabe ler e escrever",Alfabetização,Pessoas,alfabetizacao,Agregados_por_setores_alfabetizacao_BR.csv,CD_setor,https://ftp.ibge.gov.br/Censos/Censo_Demografico_2022/Agregados_por_Setores_Censitarios/Agregados_por_Setor_csv/Agregados_por_setores_alfabetizacao_BR.zip
V00976,V00976,"Pessoa responsável pelo domicílio, Sexo masculino, 60 anos ou mais, Morador sabe ler e escrever",Alfabetização,Pessoas,alfabetizacao,Agregados_por_setores_alfabetizacao_BR.csv,CD_setor,https://ftp.ibge.gov.br/Censos/Censo_Demografico_2022/Agregados_por_Setores_Censitarios/Agregados_por_Setor_csv/Agregados_por_setores_alfabetizacao_BR.zip
V00977,V00977,"Pessoa responsável pelo domicílio, Sexo masculino, 60 anos ou mais, Morador não sabe ler e escrever",Alfabetização,Pessoas,alfabetizacao,Agregados_por_setores_alfabetizacao_BR.csv,CD_setor,https://ftp.ibge.gov.br/Censos/Censo_Demografico_2022/Agregados_por_Setores_Censitarios/Agregados_por_Setor_csv/Agregados_por_setores_alfabetizacao_BR.zip
V00978,V00978,"Pessoa responsável pelo domicílio, Sexo feminino, 15 a 29 anos, Morador sabe ler e escrever",Alfabetização,Pessoas,alfabetizacao,Agregados_por_setores_alfabetizacao_BR.csv,CD_setor,https://ftp.ibge.gov.br/Censos/Censo_Demografico_2022/Agregados_por_Setores_Censitarios/Agregados_por_Setor_csv/Agregados_por_setores_alfabetizacao_BR.zip
V00979,V00979,"Pessoa responsável pelo domicílio, Sexo feminino, 15 a 29 anos, Morador não sabe ler e escrever",Alfabetização,Pessoas,alfabetizacao,Agregados_por_setores_alfabetizacao_BR.csv,CD_setor,https://ftp.ibge.gov.br/Censos/Censo_Demografico_2022/Agregados_por_Setores_Censitarios/Agregados_por_Setor_csv/Agregados_por_setores_alfabetizacao_BR.zip
V00980,V00980,"Pessoa responsável pelo domicílio, Sexo feminino, 30 a 59 anos, Morador sabe ler e escrever",Alfabetização,Pessoas,alfabetizacao,Agregados_por_setores_alfabetizacao_BR.csv,CD_setor,https://ftp.ibge.gov.br/Censos/Censo_Demografico_2022/Agregados_por_Setores_Censitarios/Agregados_por_Setor_csv/Agregados_por_setores_alfabetizacao_BR.zip
V00981,V00981,"Pessoa responsável pelo domicílio, Sexo feminino, 30 a 59 anos, Morador não sabe ler e escrever",Alfabetização,Pessoas,alfabetizacao,Agregados_por_setores_alfabetizacao_BR.csv,CD_setor,https://ftp.ibge.gov.br/Censos/Censo_Demografico_2022/Agregados_por_Setores_Censitarios/Agregados_por_Setor_csv/Agregados_por_setores_alfabetizacao_BR.zip
V00982,V00982,"Pessoa responsável pelo domicílio, Sexo feminino, 60 anos ou mais, Morador sabe ler e escrever",Alfabetização,Pessoas,alfabetizacao,Agregados_por_setores_alfabetizacao_BR.csv,CD_setor,https://ftp.ibge.gov.br/Censos/Censo_Demografico_2022/Agregados_por_Setores_Censitarios/Agregados_por_Setor_csv/Agregados_por_setores_alfabetizacao_BR.zip
V00983,V00983,"Pessoa responsável pelo domicílio, Sexo feminino, 60 anos ou mais, Morador não sabe ler e escrever",Alfabetização,Pessoas,alfabetizacao,Agregados_por_setores_alfabetizacao_BR.csv,CD_setor,https://ftp.ibge.gov.br/Censos/Censo_Demografico_2022/Agregados_por_Setores_Censitarios/Agregados_por_Setor_csv/Agregados_por_setores_alfabetizacao_BR.zip
V00984,V00984,"Pessoa responsável pelo domicílio, 15 anos ou mais, Morador sabe ler e escrever",Alfabetização,Pessoas,alfabetizacao,Agregados_por_setores_alfabetizacao_BR.csv,CD_setor,https://ftp.ibge.gov.br/Censos/Censo_Demografico_2022/Agregados_por_Setores_Censitarios/Agregados_por_Setor_csv/Agregados_por_setores_alfabetizacao_BR.zip
V00985,V00985,"Pessoa responsável pelo domicílio, 15 anos ou mais, Morador não sabe ler e escrever",Alfabetização,Pessoas,alfabetizacao,Agregados_por_setores_alfabetizacao_BR.csv,CD_setor,https://ftp.ibge.gov.br/Censos/Censo_Demografico_2022/Agregados_por_Setores_Censitarios/Agregados_por_Setor_csv/Agregados_por_setores_alfabetizacao_BR.zip
V00986,V00986,"Pessoa responsável pelo domicílio, Sexo masculino, 15 anos ou mais, Morador sabe ler e escrever",Alfabetização,Pessoas,alfabetizacao,Agregados_por_setores_alfabetizacao_BR.csv,CD_setor,https://ftp.ibge.gov.br/Censos/Censo_Demografico_2022/Agregados_por_Setores_Censitarios/Agregados_por_Setor_csv/Agregados_por_setores_alfabetizacao_BR.zip
V00987,V00987,"Pessoa responsável pelo domicílio, Sexo masculino, 15 anos ou mais, Morador não sabe ler e escrever",Alfabetização,Pessoas,alfabetizacao,Agregados_por_setores_alfabetizacao_BR.csv,CD_setor,https://ftp.ibge.gov.br/Censos/Censo_Demografico_2022/Agregados_por_Setores_Censitarios/Agregados_por_Setor_csv/Agregados_por_setores_alfabetizacao_BR.zip
V00988,V00988,"Pessoa responsável pelo domicílio, Sexo feminino, 15 anos ou mais, Morador sabe ler e escrever",Alfabetização,Pessoas,alfabetizacao,Agregados_por_setores_alfabetizacao_BR.csv,CD_setor,https://ftp.ibge.gov.br/Censos/Censo_Demografico_2022/Agregados_por_Setores_Censitarios/Agregados_por_Setor_csv/Agregados_por_setores_alfabetizacao_BR.zip
V00989,V00989,"Pessoa responsável pelo domicílio, Sexo feminino, 15 anos ou mais, Morador não sabe ler e escrever",Alfabetização,Pessoas,alfabetizacao,Agregados_por_setores_alfabetizacao_BR.csv,CD_setor,https://ftp.ibge.gov.br/Censos/Censo_Demografico_2022/Agregados_por_Setores_Censitarios/Agregados_por_Setor_csv/Agregados_por_setores_alfabetizacao_BR.zip
V00990,V00990,"Domicílios Particulares Permanentes Ocupados, Pessoa responsável pelo domicílio, Pessoas alfabetizadas, Sexo masculino, 15 anos ou mais",Alfabetização,Pessoas,alfabetizacao,Agregados_por_setores_alfabetizacao_BR.csv,CD_setor,https://ftp.ibge.gov.br/Censos/Censo_Demografico_2022/Agregados_por_Setores_Censitarios/Agregados_por_Setor_csv/Agregados_por_setores_alfabetizacao_BR.zip
V00991,V00991,"Domicílios Particulares Permanentes Ocupados, Pessoa responsável pelo domicílio, Pessoas alfabetizadas, Sexo feminino, 15 anos ou mais",Alfabetização,Pessoas,alfabetizacao,Agregados_por_setores_alfabetizacao_BR.csv,CD_setor,https://ftp.ibge.gov.br/Censos/Censo_Demografico_2022/Agregados_por_Setores_Censitarios/Agregados_por_Setor_csv/Agregados_por_setores_alfabetizacao_BR.zip
V00992,V00992,"Domicílios Particulares Permanentes Ocupados, Cônjuges ou companheiros(as) (de sexo diferente e do mesmo sexo da pessoa responsável), Pessoas alfabetizadas, Sexo masculino, 15 anos ou mais",Alfabetização,Pessoas,alfabetizacao,Agregados_por_setores_alfabetizacao_BR.csv,CD_setor,https://ftp.ibge.gov.br/Censos/Censo_Demografico_2022/Agregados_por_Setores_Censitarios/Agregados_por_Setor_csv/Agregados_por_setores_alfabetizacao_BR.zip
V00993,V00993,"Domicílios Particulares Permanentes Ocupados, Cônjuges ou companheiros(as) (de sexo diferente e do mesmo sexo da pessoa responsável), Pessoas alfabetizadas, Sexo feminino, 15 anos ou mais",Alfabetização,Pessoas,alfabetizacao,Agregados_por_setores_alfabetizacao_BR.csv,CD_setor,https://ftp.ibge.gov.br/Censos/Censo_Demografico_2022/Agregados_por_Setores_Censitarios/Agregados_por_Setor_csv/Agregados_por_setores_alfabetizacao_BR.zip
V00994,V00994,"Domicílios Particulares Permanentes Ocupados, Filhos(as) ou enteados(as), Pessoas alfabetizadas, Sexo masculino, 15 anos ou mais",Alfabetização,Pessoas,alfabetizacao,Agregados_por_setores_alfabetizacao_BR.csv,CD_setor,https://ftp.ibge.gov.br/Censos/Censo_Demografico_2022/Agregados_por_Setores_Censitarios/Agregados_por_Setor_csv/Agregados_por_setores_alfabetizacao_BR.zip
V00995,V00995,"Domicílios Particulares Permanentes Ocupados, Filhos(as) ou enteados(as), Pessoas alfabetizadas, Sexo feminino, 15 anos ou mais",Alfabetização,Pessoas,alfabetizacao,Agregados_por_setores_alfabetizacao_BR.csv,CD_setor,https://ftp.ibge.gov.br/Censos/Censo_Demografico_2022/Agregados_por_Setores_Censitarios/Agregados_por_Setor_csv/Agregados_por_setores_alfabetizacao_BR.zip
V00996,V00996,"Domicílios Particulares Permanentes Ocupados, Pais, mães ou sogros(as), Pessoas alfabetizadas, Sexo masculino, 15 anos ou mais",Alfabetização,Pessoas,alfabetizacao,Agregados_por_setores_alfabetizacao_BR.csv,CD_setor,https://ftp.ibge.gov.br/Censos/Censo_Demografico_2022/Agregados_por_Setores_Censitarios/Agregados_por_Setor_csv/Agregados_por_setores_alfabetizacao_BR.zip
V00997,V00997,"Domicílios Particulares Permanentes Ocupados, Pais, mães ou sogros(as), Pessoas alfabetizadas, Sexo feminino, 15 anos ou mais",Alfabetização,Pessoas,alfabetizacao,Agregados_por_setores_alfabetizacao_BR.csv,CD_setor,https://ftp.ibge.gov.br/Censos/Censo_Demografico_2022/Agregados_por_Setores_Censitarios/Agregados_por_Setor_csv/Agregados_por_setores_alfabetizacao_BR.zip
V00998,V00998,"Domicílios Particulares Permanentes Ocupados, Netos(as) ou bisnetos(as), Pessoas alfabetizadas, Sexo masculino, 15 anos ou mais",Alfabetização,Pessoas,alfabetizacao,Agregados_por_setores_alfabetizacao_BR.csv,CD_setor,https://ftp.ibge.gov.br/Censos/Censo_Demografico_2022/Agregados_por_Setores_Censitarios/Agregados_por_Setor_csv/Agregados_por_setores_alfabetizacao_BR.zip
V00999,V00999,"Domicílios Particulares Permanentes Ocupados, Netos(as) ou bisnetos(as), Pessoas alfabetizadas, Sexo feminino, 15 anos ou mais",Alfabetização,Pessoas,alfabetizacao,Agregados_por_setores_alfabetizacao_BR.csv,CD_setor,https://ftp.ibge.gov.br/Censos/Censo_Demografico_2022/Agregados_por_Setores_Censitarios/Agregados_por_Setor_csv/Agregados_por_setores_alfabetizacao_BR.zip
V01000,V01000,"Domicílios Particulares Permanentes Ocupados, Irmãos ou irmãs, Pessoas alfabetizadas, Sexo masculino, 15 anos ou mais",Alfabetização,Pessoas,alfabetizacao,Agregados_por_setores_alfabetizacao_BR.csv,CD_setor,https://ftp.ibge.gov.br/Censos/Censo_Demografico_2022/Agregados_por_Setores_Censitarios/Agregados_por_Setor_csv/Agregados_por_setores_alfabetizacao_BR.zip
V01001,V01001,"Domicílios Particulares Permanentes Ocupados, Irmãos ou irmãs, Pessoas alfabetizadas, Sexo feminino, 15 anos ou mais",Alfabetização,Pessoas,alfabetizacao,Agregados_por_setores_alfabetizacao_BR.csv,CD_setor,https://ftp.ibge.gov.br/Censos/Censo_Demografico_2022/Agregados_por_Setores_Censitarios/Agregados_por_Setor_csv/Agregados_por_setores_alfabetizacao_BR.zip
V01002,V01002,"Domicílios Particulares Permanentes Ocupados, Outros parentes, Pessoas alfabetizadas, Sexo masculino, 15 anos ou mais",Alfabetização,Pessoas,alfabetizacao,Agregados_por_setores_alfabetizacao_BR.csv,CD_setor,https://ftp.ibge.gov.br/Censos/Censo_Demografico_2022/Agregados_por_Setores_Censitarios/Agregados_por_Setor_csv/Agregados_por_setores_alfabetizacao_BR.zip
V01003,V01003,"Domicílios Particulares Permanentes Ocupados, Outros parentes, Pessoas alfabetizadas, Sexo feminino, 15 anos ou mais",Alfabetização,Pessoas,alfabetizacao,Agregados_por_setores_alfabetizacao_BR.csv,CD_setor,https://ftp.ibge.gov.br/Censos/Censo_Demografico_2022/Agregados_por_Setores_Censitarios/Agregados_por_Setor_csv/Agregados_por_setores_alfabetizacao_BR.zip
V01004,V01004,"Domicílios Particulares Permanentes Ocupados, Convivente, Pessoas alfabetizadas, Sexo masculino, 15 anos ou mais",Alfabetização,Pessoas,alfabetizacao,Agregados_por_setores_alfabetizacao_BR.csv,CD_setor,https://ftp.ibge.gov.br/Censos/Censo_Demografico_2022/Agregados_por_Setores_Censitarios/Agregados_por_Setor_csv/Agregados_por_setores_alfabetizacao_BR.zip
V01005,V01005,"Domicílios Particulares Permanentes Ocupados, Convivente, Pessoas alfabetizadas, Sexo feminino, 15 anos ou mais",Alfabetização,Pessoas,alfabetizacao,Agregados_por_setores_alfabetizacao_BR.csv,CD_setor,https://ftp.ibge.gov.br/Censos/Censo_Demografico_2022/Agregados_por_Setores_Censitarios/Agregados_por_Setor_csv/Agregados_por_setores_alfabetizacao_BR.zip
V01006,V01006,Quantidade de moradores,Demografia,Pessoas,demografia,Agregados_por_setores_demografia_BR.csv,CD_setor,https://ftp.ibge.gov.br/Censos/Censo_Demografico_2022/Agregados_por_Setores_Censitarios/Agregados_por_Setor_csv/Agregados_por_setores_demografia_BR.zip
V01007,V01007,Sexo masculino,Demografia,Pessoas,demografia,Agregados_por_setores_demografia_BR.csv,CD_setor,https://ftp.ibge.gov.br/Censos/Censo_Demografico_2022/Agregados_por_Setores_Censitarios/Agregados_por_Setor_csv/Agregados_por_setores_demografia_BR.zip
V01008,V01008,Sexo feminino,Demografia,Pessoas,demografia,Agregados_por_setores_demografia_BR.csv,CD_setor,https://ftp.ibge.gov.br/Censos/Censo_Demografico_2022/Agregados_por_Setores_Censitarios/Agregados_por_Setor_csv/Agregados_por_setores_demografia_BR.zip
V01009,V01009,"Sexo masculino, 0 a 4 anos",Demografia,Pessoas,demografia,Agregados_por_setores_demografia_BR.csv,CD_setor,https://ftp.ibge.gov.br/Censos/Censo_Demografico_2022/Agregados_por_Setores_Censitarios/Agregados_por_Setor_csv/Agregados_por_setores_demografia_BR.zip
V01010,V01010,"Sexo masculino, 5 a 9 anos",Demografia,Pessoas,demografia,Agregados_por_setores_demografia_BR.csv,CD_setor,https://ftp.ibge.gov.br/Censos/Censo_Demografico_2022/Agregados_por_Setores_Censitarios/Agregados_por_Setor_csv/Agregados_por_setores_demografia_BR.zip
V01011,V01011,"Sexo masculino, 10 a 14 anos",Demografia,Pessoas,demografia,Agregados_por_setores_demografia_BR.csv,CD_setor,https://ftp.ibge.gov.br/Censos/Censo_Demografico_2022/Agregados_por_Setores_Censitarios/Agregados_por_Setor_csv/Agregados_por_setores_demografia_BR.zip
V01012,V01012,"Sexo masculino, 15 a 19 anos",Demografia,Pessoas,demografia,Agregados_por_setores_demografia_BR.csv,CD_setor,https://ftp.ibge.gov.br/Censos/Censo_Demografico_2022/Agregados_por_Setores_Censitarios/Agregados_por_Setor_csv/Agregados_por_setores_demografia_BR.zip
V01013,V01013,"Sexo masculino, 20 a 24 anos",Demografia,Pessoas,demografia,Agregados_por_setores_demografia_BR.csv,CD_setor,https://ftp.ibge.gov.br/Censos/Censo_Demografico_2022/Agregados_por_Setores_Censitarios/Agregados_por_Setor_csv/Agregados_por_setores_demografia_BR.zip
V01014,V01014,"Sexo masculino, 25 a 29 anos",Demografia,Pessoas,demografia,Agregados_por_setores_demografia_BR.csv,CD_setor,https://ftp.ibge.gov.br/Censos/Censo_Demografico_2022/Agregados_por_Setores_Censitarios/Agregados_por_Setor_csv/Agregados_por_setores_demografia_BR.zip
V01015,V01015,"Sexo masculino, 30 a 39 anos",Demografia,Pessoas,demografia,Agregados_por_setores_demografia_BR.csv,CD_setor,https://ftp.ibge.gov.br/Censos/Censo_Demografico_2022/Agregados_por_Setores_Censitarios/Agregados_por_Setor_csv/Agregados_por_setores_demografia_BR.zip
V01016,V01016,"Sexo masculino, 40 a 49 anos",Demografia,Pessoas,demografia,Agregados_por_setores_demografia_BR.csv,CD_setor,https://ftp.ibge.gov.br/Censos/Censo_Demografico_2022/Agregados_por_Setores_Censitarios/Agregados_por_Setor_csv/Agregados_por_setores_demografia_BR.zip
V01017,V01017,"Sexo masculino, 50 a 59 anos",Demografia,Pessoas,demografia,Agregados_por_setores_demografia_BR.csv,CD_setor,https://ftp.ibge.gov.br/Censos/Censo_Demografico_2022/Agregados_por_Setores_Censitarios/Agregados_por_Setor_csv/Agregados_por_setores_demografia_BR.zip
V01018,V01018,"Sexo masculino, 60 a 69 anos",Demografia,Pessoas,demografia,Agregados_por_setores_demografia_BR.csv,CD_setor,https://ftp.ibge.gov.br/Censos/Censo_Demografico_2022/Agregados_por_Setores_Censitarios/Agregados_por_Setor_csv/Agregados_por_setores_demografia_BR.zip
V01019,V01019,"Sexo masculino, 70 anos ou mais",Demografia,Pessoas,demografia,Agregados_por_setores_demografia_BR.csv,CD_setor,https://ftp.ibge.gov.br/Censos/Censo_Demografico_2022/Agregados_por_Setores_Censitarios/Agregados_por_Setor_csv/Agregados_por_setores_demografia_BR.zip
V01020,V01020,"Sexo feminino, 0 a 4 anos",Demografia,Pessoas,demografia,Agregados_por_setores_demografia_BR.csv,CD_setor,https://ftp.ibge.gov.br/Censos/Censo_Demografico_2022/Agregados_por_Setores_Censitarios/Agregados_por_Setor_csv/Agregados_por_setores_demografia_BR.zip
V01021,V01021,"Sexo feminino, 5 a 9 anos",Demografia,Pessoas,demografia,Agregados_por_setores_demografia_BR.csv,CD_setor,https://ftp.ibge.gov.br/Censos/Censo_Demografico_2022/Agregados_por_Setores_Censitarios/Agregados_por_Setor_csv/Agregados_por_setores_demografia_BR.zip
V01022,V01022,"Sexo feminino, 10 a 14 anos",Demografia,Pessoas,demografia,Agregados_por_setores_demografia_BR.csv,CD_setor,https://ftp.ibge.gov.br/Censos/Censo_Demografico_2022/Agregados_por_Setores_Censitarios/Agregados_por_Setor_csv/Agregados_por_setores_demografia_BR.zip
V01023,V01023,"Sexo feminino, 15 a 19 anos",Demografia,Pessoas,demografia,Agregados_por_setores_demografia_BR.csv,CD_setor,https://ftp.ibge.gov.br/Censos/Censo_Demografico_2022/Agregados_por_Setores_Censitarios/Agregados_por_Setor_csv/Agregados_por_setores_demografia_BR.zip
V01024,V01024,"Sexo feminino, 20 a 24 anos",Demografia,Pessoas,demografia,Agregados_por_setores_demografia_BR.csv,CD_setor,https://ftp.ibge.gov.br/Censos/Censo_Demografico_2022/Agregados_por_Setores_Censitarios/Agregados_por_Setor_csv/Agregados_por_setores_demografia_BR.zip
V01025,V01025,"Sexo feminino, 25 a 29 anos",Demografia,Pessoas,demografia,Agregados_por_setores_demografia_BR.csv,CD_setor,https://ftp.ibge.gov.br/Censos/Censo_Demografico_2022/Agregados_por_Setores_Censitarios/Agregados_por_Setor_csv/Agregados_por_setores_demografia_BR.zip
V01026,V01026,"Sexo feminino, 30 a 39 anos",Demografia,Pessoas,demografia,Agregados_por_setores_demografia_BR.csv,CD_setor,https://ftp.ibge.gov.br/Censos/Censo_Demografico_2022/Agregados_por_Setores_Censitarios/Agregados_por_Setor_csv/Agregados_por_setores_demografia_BR.zip
V01027,V01027,"Sexo feminino, 40 a 49 anos",Demografia,Pessoas,demografia,Agregados_por_setores_demografia_BR.csv,CD_setor,https://ftp.ibge.gov.br/Censos/Censo_Demografico_2022/Agregados_por_Setores_Censitarios/Agregados_por_Setor_csv/Agregados_por_setores_demografia_BR.zip
V01028,V01028,"Sexo feminino, 50 a 59 anos",Demografia,Pessoas,demografia,Agregados_por_setores_demografia_BR.csv,CD_setor,https://ftp.ibge.gov.br/Censos/Censo_Demografico_2022/Agregados_por_Setores_Censitarios/Agregados_por_Setor_csv/Agregados_por_setores_demografia_BR.zip
V01029,V01029,"Sexo feminino, 60 a 69 anos",Demografia,Pessoas,demografia,Agregados_por_setores_demografia_BR.csv,CD_setor,https://ftp.ibge.gov.br/Censos/Censo_Demografico_2022/Agregados_por_Setores_Censitarios/Agregados_por_Setor_csv/Agregados_por_setores_demografia_BR.zip
V01030,V01030,"Sexo feminino, 70 anos ou mais",Demografia,Pessoas,demografia,Agregados_por_setores_demografia_BR.csv,CD_setor,https://ftp.ibge.gov.br/Censos/Censo_Demografico_2022/Agregados_por_Setores_Censitarios/Agregados_por_Setor_csv/Agregados_por_setores_demografia_BR.zip
V01031,V01031,0 a 4 anos,Demografia,Pessoas,demografia,Agregados_por_setores_demografia_BR.csv,CD_setor,https://ftp.ibge.gov.br/Censos/Censo_Demografico_2022/Agregados_por_Setores_Censitarios/Agregados_por_Setor_csv/Agregados_por_setores_demografia_BR.zip
V01032,V01032,5 a 9 anos,Demografia,Pessoas,demografia,Agregados_por_setores_demografia_BR.csv,CD_setor,https://ftp.ibge.gov.br/Censos/Censo_Demografico_2022/Agregados_por_Setores_Censitarios/Agregados_por_Setor_csv/Agregados_por_setores_demografia_BR.zip
V01033,V01033,10 a 14 anos,Demografia,Pessoas,demografia,Agregados_por_setores_demografia_BR.csv,CD_setor,https://ftp.ibge.gov.br/Censos/Censo_Demografico_2022/Agregados_por_Setores_Censitarios/Agregados_por_Setor_csv/Agregados_por_setores_demografia_BR.zip
V01034,V01034,15 a 19 anos,Demografia,Pessoas,demografia,Agregados_por_setores_demografia_BR.csv,CD_setor,https://ftp.ibge.gov.br/Censos/Censo_Demografico_2022/Agregados_por_Setores_Censitarios/Agregados_por_Setor_csv/Agregados_por_setores_demografia_BR.zip
V01035,V01035,20 a 24 anos,Demografia,Pessoas,demografia,Agregados_por_setores_demografia_BR.csv,CD_setor,https://ftp.ibge.gov.br/Censos/Censo_Demografico_2022/Agregados_por_Setores_Censitarios/Agregados_por_Setor_csv/Agregados_por_setores_demografia_BR.zip
V01036,V01036,25 a 29 anos,Demografia,Pessoas,demografia,Agregados_por_setores_demografia_BR.csv,CD_setor,https://ftp.ibge.gov.br/Censos/Censo_Demografico_2022/Agregados_por_Setores_Censitarios/Agregados_por_Setor_csv/Agregados_por_setores_demografia_BR.zip
V01037,V01037,30 a 39 anos,Demografia,Pessoas,demografia,Agregados_por_setores_demografia_BR.csv,CD_setor,https://ftp.ibge.gov.br/Censos/Censo_Demografico_2022/Agregados_por_Setores_Censitarios/Agregados_por_Setor_csv/Agregados_por_setores_demografia_BR.zip
V01038,V01038,40 a 49 anos,Demografia,Pessoas,demografia,Agregados_por_setores_demografia_BR.csv,CD_setor,https://ftp.ibge.gov.br/Censos/Censo_Demografico_2022/Agregados_por_Setores_Censitarios/Agregados_por_Setor_csv/Agregados_por_setores_demografia_BR.zip
V01039,V01039,50 a 59 anos,Demografia,Pessoas,demografia,Agregados_por_setores_demografia_BR.csv,CD_setor,https://ftp.ibge.gov.br/Censos/Censo_Demografico_2022/Agregados_por_Setores_Censitarios/Agregados_por_Setor_csv/Agregados_por_setores_demografia_BR.zip
V01040,V01040,60 a 69 anos,Demografia,Pessoas,demografia,Agregados_por_setores_demografia_BR.csv,CD_setor,https://ftp.ibge.gov.br/Censos/Censo_Demografico_2022/Agregados_por_Setores_Censitarios/Agregados_por_Setor_csv/Agregados_por_setores_demografia_BR.zip
V01041,V01041,70 anos ou mais,Demografia,Pessoas,demografia,Agregados_por_setores_demografia_BR.csv,CD_setor,https://ftp.ibge.gov.br/Censos/Censo_Demografico_2022/Agregados_por_Setores_Censitarios/Agregados_por_Setor_csv/Agregados_por_setores_demografia_BR.zip
V01042,V01042,Pessoa responsável pelo domicílio,Parentesco,Pessoas,parentesco,Agregados_por_setores_parentesco_BR.csv,CD_SETOR,https://ftp.ibge.gov.br/Censos/Censo_Demografico_2022/Agregados_por_Setores_Censitarios/Agregados_por_Setor_csv/Agregados_por_setores_parentesco_BR.zip
V01043,V01043,Relação de parentesco ou de convivência com a pessoa responsável pelo domicílio é cônjuge ou companheiro(a) de sexo diferente,Parentesco,Pessoas,parentesco,Agregados_por_setores_parentesco_BR.csv,CD_SETOR,https://ftp.ibge.gov.br/Censos/Censo_Demografico_2022/Agregados_por_Setores_Censitarios/Agregados_por_Setor_csv/Agregados_por_setores_parentesco_BR.zip
V01044,V01044,Relação de parentesco ou de convivência com a pessoa responsável pelo domicílio é cônjuge ou companheiro(a) do mesmo sexo,Parentesco,Pessoas,parentesco,Agregados_por_setores_parentesco_BR.csv,CD_SETOR,https://ftp.ibge.gov.br/Censos/Censo_Demografico_2022/Agregados_por_Setores_Censitarios/Agregados_por_Setor_csv/Agregados_por_setores_parentesco_BR.zip
V01045,V01045,Relação de parentesco ou de convivência com a pessoa responsável pelo domicílio é filho(a) do responsável e do cônjuge,Parentesco,Pessoas,parentesco,Agregados_por_setores_parentesco_BR.csv,CD_SETOR,https://ftp.ibge.gov.br/Censos/Censo_Demografico_2022/Agregados_por_Setores_Censitarios/Agregados_por_Setor_csv/Agregados_por_setores_parentesco_BR.zip
V01046,V01046,Relação de parentesco ou de convivência com a pessoa responsável pelo domicílio é filho(a) somente do responsável,Parentesco,Pessoas,parentesco,Agregados_por_setores_parentesco_BR.csv,CD_SETOR,https://ftp.ibge.gov.br/Censos/Censo_Demografico_2022/Agregados_por_Setores_Censitarios/Agregados_por_Setor_csv/Agregados_por_setores_parentesco_BR.zip
V01047,V01047,Relação de parentesco ou de convivência com a pessoa responsável pelo domicílio é enteado(a),Parentesco,Pessoas,parentesco,Agregados_por_setores_parentesco_BR.csv,CD_SETOR,https://ftp.ibge.gov.br/Censos/Censo_Demografico_2022/Agregados_por_Setores_Censitarios/Agregados_por_Setor_csv/Agregados_por_setores_parentesco_BR.zip
V01048,V01048,Relação de parentesco ou de convivência com a pessoa responsável pelo domicílio é genro ou nora,Parentesco,Pessoas,parentesco,Agregados_por_setores_parentesco_BR.csv,CD_SETOR,https://ftp.ibge.gov.br/Censos/Censo_Demografico_2022/Agregados_por_Setores_Censitarios/Agregados_por_Setor_csv/Agregados_por_setores_parentesco_BR.zip
V01049,V01049,"Relação de parentesco ou de convivência com a pessoa responsável pelo domicílio é pai, mãe, padrasto ou madrasta",Parentesco,Pessoas,parentesco,Agregados_por_setores_parentesco_BR.csv,CD_SETOR,https://ftp.ibge.gov.br/Censos/Censo_Demografico_2022/Agregados_por_Setores_Censitarios/Agregados_por_Setor_csv/Agregados_por_setores_parentesco_BR.zip
V01050,V01050,Relação de parentesco ou de convivência com a pessoa responsável pelo domicílio é sogro(a),Parentesco,Pessoas,parentesco,Agregados_por_setores_parentesco_BR.csv,CD_SETOR,https://ftp.ibge.gov.br/Censos/Censo_Demografico_2022/Agregados_por_Setores_Censitarios/Agregados_por_Setor_csv/Agregados_por_setores_parentesco_BR.zip
V01051,V01051,Relação de parentesco ou de convivência com a pessoa responsável pelo domicílio é neto(a),Parentesco,Pessoas,parentesco,Agregados_por_setores_parentesco_BR.csv,CD_SETOR,https://ftp.ibge.gov.br/Censos/Censo_Demografico_2022/Agregados_por_Setores_Censitarios/Agregados_por_Setor_csv/Agregados_por_setores_parentesco_BR.zip
V01052,V01052,Relação de parentesco ou de convivência com a pessoa responsável pelo domicílio é bisneto(a),Parentesco,Pessoas,parentesco,Agregados_por_setores_parentesco_BR.csv,CD_SETOR,https://ftp.ibge.gov.br/Censos/Censo_Demografico_2022/Agregados_por_Setores_Censitarios/Agregados_por_Setor_csv/Agregados_por_setores_parentesco_BR.zip
V01053,V01053,Relação de parentesco ou de convivência com a pessoa responsável pelo domicílio é irmão ou irmã,Parentesco,Pessoas,parentesco,Agregados_por_setores_parentesco_BR.csv,CD_SETOR,https://ftp.ibge.gov.br/Censos/Censo_Demografico_2022/Agregados_por_Setores_Censitarios/Agregados_por_Setor_csv/Agregados_por_setores_parentesco_BR.zip
V01054,V01054,Relação de parentesco ou de convivência com a pessoa responsável pelo domicílio é avô ou avó,Parentesco,Pessoas,parentesco,Agregados_por_setores_parentesco_BR.csv,CD_SETOR,https://ftp.ibge.gov.br/Censos/Censo_Demografico_2022/Agregados_por_Setores_Censitarios/Agregados_por_Setor_csv/Agregados_por_setores_parentesco_BR.zip
V01055,V01055,Relação de parentesco ou de convivência com a pessoa responsável pelo domicílio é outro parente,Parentesco,Pessoas,parentesco,Agregados_por_setores_parentesco_BR.csv,CD_SETOR,https://ftp.ibge.gov.br/Censos/Censo_Demografico_2022/Agregados_por_Setores_Censitarios/Agregados_por_Setor_csv/Agregados_por_setores_parentesco_BR.zip
V01056,V01056,Relação de parentesco ou de convivência com a pessoa responsável pelo domicílio é agregado(a),Parentesco,Pessoas,parentesco,Agregados_por_setores_parentesco_BR.csv,CD_SETOR,https://ftp.ibge.gov.br/Censos/Censo_Demografico_2022/Agregados_por_Setores_Censitarios/Agregados_por_Setor_csv/Agregados_por_setores_parentesco_BR.zip
V01057,V01057,Relação de parentesco ou de convivência com a pessoa responsável pelo domicílio é convivente,Parentesco,Pessoas,parentesco,Agregados_por_setores_parentesco_BR.csv,CD_SETOR,https://ftp.ibge.gov.br/Censos/Censo_Demografico_2022/Agregados_por_Setores_Censitarios/Agregados_por_Setor_csv/Agregados_por_setores_parentesco_BR.zip
V01058,V01058,Relação de parentesco ou de convivência com a pessoa responsável pelo domicílio é pensionista,Parentesco,Pessoas,parentesco,Agregados_por_setores_parentesco_BR.csv,CD_SETOR,https://ftp.ibge.gov.br/Censos/Censo_Demografico_2022/Agregados_por_Setores_Censitarios/Agregados_por_Setor_csv/Agregados_por_setores_parentesco_BR.zip
V01059,V01059,Relação de parentesco ou de convivência com a pessoa responsável pelo domicílio é empregado(a) doméstico(a),Parentesco,Pessoas,parentesco,Agregados_por_setores_parentesco_BR.csv,CD_SETOR,https://ftp.ibge.gov.br/Censos/Censo_Demografico_2022/Agregados_por_Setores_Censitarios/Agregados_por_Setor_csv/Agregados_por_setores_parentesco_BR.zip
V01060,V01060,Relação de parentesco ou de convivência com a pessoa responsável pelo domicílio é parente do(a) empregado(a) doméstico(a),Parentesco,Pessoas,parentesco,Agregados_por_setores_parentesco_BR.csv,CD_SETOR,https://ftp.ibge.gov.br/Censos/Censo_Demografico_2022/Agregados_por_Setores_Censitarios/Agregados_por_Setor_csv/Agregados_por_setores_parentesco_BR.zip
V01061,V01061,Relação de parentesco ou de convivência com a pessoa responsável pelo domicílio é individual em domicílio coletivo,Parentesco,Pessoas,parentesco,Agregados_por_setores_parentesco_BR.csv,CD_SETOR,https://ftp.ibge.gov.br/Censos/Censo_Demografico_2022/Agregados_por_Setores_Censitarios/Agregados_por_Setor_csv/Agregados_por_setores_parentesco_BR.zip
V01062,V01062,"Pessoa responsável pelo domicílio, Sexo masculino",Parentesco,Pessoas,parentesco,Agregados_por_setores_parentesco_BR.csv,CD_SETOR,https://ftp.ibge.gov.br/Censos/Censo_Demografico_2022/Agregados_por_Setores_Censitarios/Agregados_por_Setor_csv/Agregados_por_setores_parentesco_BR.zip
V01063,V01063,"Pessoa responsável pelo domicílio, Sexo feminino",Parentesco,Pessoas,parentesco,Agregados_por_setores_parentesco_BR.csv,CD_SETOR,https://ftp.ibge.gov.br/Censos/Censo_Demografico_2022/Agregados_por_Setores_Censitarios/Agregados_por_Setor_csv/Agregados_por_setores_parentesco_BR.zip
V01064,V01064,"Pessoa responsável pelo domicílio, 12 a 17 anos",Parentesco,Pessoas,parentesco,Agregados_por_setores_parentesco_BR.csv,CD_SETOR,https://ftp.ibge.gov.br/Censos/Censo_Demografico_2022/Agregados_por_Setores_Censitarios/Agregados_por_Setor_csv/Agregados_por_setores_parentesco_BR.zip
V01065,V01065,"Pessoa responsável pelo domicílio, 18 a 24 anos",Parentesco,Pessoas,parentesco,Agregados_por_setores_parentesco_BR.csv,CD_SETOR,https://ftp.ibge.gov.br/Censos/Censo_Demografico_2022/Agregados_por_Setores_Censitarios/Agregados_por_Setor_csv/Agregados_por_setores_parentesco_BR.zip
V01066,V01066,"Pessoa responsável pelo domicílio, 25 a 39 anos",Parentesco,Pessoas,parentesco,Agregados_por_setores_parentesco_BR.csv,CD_SETOR,https://ftp.ibge.gov.br/Censos/Censo_Demografico_2022/Agregados_por_Setores_Censitarios/Agregados_por_Setor_csv/Agregados_por_setores_parentesco_BR.zip
V01067,V01067,"Pessoa responsável pelo domicílio, 40 a 59 anos",Parentesco,Pessoas,parentesco,Agregados_por_setores_parentesco_BR.csv,CD_SETOR,https://ftp.ibge.gov.br/Censos/Censo_Demografico_2022/Agregados_por_Setores_Censitarios/Agregados_por_Setor_csv/Agregados_por_setores_parentesco_BR.zip
V01068,V01068,"Pessoa responsável pelo domicílio, 60 anos ou mais",Parentesco,Pessoas,parentesco,Agregados_por_setores_parentesco_BR.csv,CD_SETOR,https://ftp.ibge.gov.br/Censos/Censo_Demografico_2022/Agregados_por_Setores_Censitarios/Agregados_por_Setor_csv/Agregados_por_setores_parentesco_BR.zip
V01069,V01069,"Cônjuges ou companheiros(as) de sexo diferente ou cônjuges ou companheiros(as) do mesmo sexo, 10 a 14 anos",Parentesco,Pessoas,parentesco,Agregados_por_setores_parentesco_BR.csv,CD_SETOR,https://ftp.ibge.gov.br/Censos/Censo_Demografico_2022/Agregados_por_Setores_Censitarios/Agregados_por_Setor_csv/Agregados_por_setores_parentesco_BR.zip
V01070,V01070,"Cônjuges ou companheiros(as) de sexo diferente ou cônjuges ou companheiros(as) do mesmo sexo, 15 a 19 anos",Parentesco,Pessoas,parentesco,Agregados_por_setores_parentesco_BR.csv,CD_SETOR,https://ftp.ibge.gov.br/Censos/Censo_Demografico_2022/Agregados_por_Setores_Censitarios/Agregados_por_Setor_csv/Agregados_por_setores_parentesco_BR.zip
V01071,V01071,"Cônjuges ou companheiros(as) de sexo diferente ou cônjuges ou companheiros(as) do mesmo sexo, 20 a 24 anos",Parentesco,Pessoas,parentesco,Agregados_por_setores_parentesco_BR.csv,CD_SETOR,https://ftp.ibge.gov.br/Censos/Censo_Demografico_2022/Agregados_por_Setores_Censitarios/Agregados_por_Setor_csv/Agregados_por_setores_parentesco_BR.zip
V01072,V01072,"Cônjuges ou companheiros(as) de sexo diferente ou cônjuges ou companheiros(as) do mesmo sexo, 25 a 29 anos",Parentesco,Pessoas,parentesco,Agregados_por_setores_parentesco_BR.csv,CD_SETOR,https://ftp.ibge.gov.br/Censos/Censo_Demografico_2022/Agregados_por_Setores_Censitarios/Agregados_por_Setor_csv/Agregados_por_setores_parentesco_BR.zip
V01073,V01073,"Cônjuges ou companheiros(as) de sexo diferente ou cônjuges ou companheiros(as) do mesmo sexo, 30 a 34 anos",Parentesco,Pessoas,parentesco,Agregados_por_setores_parentesco_BR.csv,CD_SETOR,https://ftp.ibge.gov.br/Censos/Censo_Demografico_2022/Agregados_por_Setores_Censitarios/Agregados_por_Setor_csv/Agregados_por_setores_parentesco_BR.zip
V01074,V01074,"Cônjuges ou companheiros(as) de sexo diferente ou cônjuges ou companheiros(as) do mesmo sexo, 35 a 39 anos",Parentesco,Pessoas,parentesco,Agregados_por_setores_parentesco_BR.csv,CD_SETOR,https://ftp.ibge.gov.br/Censos/Censo_Demografico_2022/Agregados_por_Setores_Censitarios/Agregados_por_Setor_csv/Agregados_por_setores_parentesco_BR.zip
V01075,V01075,"Cônjuges ou companheiros(as) de sexo diferente ou cônjuges ou companheiros(as) do mesmo sexo, 40 a 44 anos",Parentesco,Pessoas,parentesco,Agregados_por_setores_parentesco_BR.csv,CD_SETOR,https://ftp.ibge.gov.br/Censos/Censo_Demografico_2022/Agregados_por_Setores_Censitarios/Agregados_por_Setor_csv/Agregados_por_setores_parentesco_BR.zip
V01076,V01076,"Cônjuges ou companheiros(as) de sexo diferente ou cônjuges ou companheiros(as) do mesmo sexo, 45 a 49 anos",Parentesco,Pessoas,parentesco,Agregados_por_setores_parentesco_BR.csv,CD_SETOR,https://ftp.ibge.gov.br/Censos/Censo_Demografico_2022/Agregados_por_Setores_Censitarios/Agregados_por_Setor_csv/Agregados_por_setores_parentesco_BR.zip
V01077,V01077,"Cônjuges ou companheiros(as) de sexo diferente ou cônjuges ou companheiros(as) do mesmo sexo, 50 a 54 anos",Parentesco,Pessoas,parentesco,Agregados_por_setores_parentesco_BR.csv,CD_SETOR,https://ftp.ibge.gov.br/Censos/Censo_Demografico_2022/Agregados_por_Setores_Censitarios/Agregados_por_Setor_csv/Agregados_por_setores_parentesco_BR.zip
V01078,V01078,"Cônjuges ou companheiros(as) de sexo diferente ou cônjuges ou companheiros(as) do mesmo sexo, 55 a 59 anos",Parentesco,Pessoas,parentesco,Agregados_por_setores_parentesco_BR.csv,CD_SETOR,https://ftp.ibge.gov.br/Censos/Censo_Demografico_2022/Agregados_por_Setores_Censitarios/Agregados_por_Setor_csv/Agregados_por_setores_parentesco_BR.zip
V01079,V01079,"Cônjuges ou companheiros(as) de sexo diferente ou cônjuges ou companheiros(as) do mesmo sexo, 60 a 64 anos",Parentesco,Pessoas,parentesco,Agregados_por_setores_parentesco_BR.csv,CD_SETOR,https://ftp.ibge.gov.br/Censos/Censo_Demografico_2022/Agregados_por_Setores_Censitarios/Agregados_por_Setor_csv/Agregados_por_setores_parentesco_BR.zip
V01080,V01080,"Cônjuges ou companheiros(as) de sexo diferente ou cônjuges ou companheiros(as) do mesmo sexo, 65 a 69 anos",Parentesco,Pessoas,parentesco,Agregados_por_setores_parentesco_BR.csv,CD_SETOR,https://ftp.ibge.gov.br/Censos/Censo_Demografico_2022/Agregados_por_Setores_Censitarios/Agregados_por_Setor_csv/Agregados_por_setores_parentesco_BR.zip
V01081,V01081,"Cônjuges ou companheiros(as) de sexo diferente ou cônjuges ou companheiros(as) do mesmo sexo, 70 a 74 anos",Parentesco,Pessoas,parentesco,Agregados_por_setores_parentesco_BR.csv,CD_SETOR,https://ftp.ibge.gov.br/Censos/Censo_Demografico_2022/Agregados_por_Setores_Censitarios/Agregados_por_Setor_csv/Agregados_por_setores_parentesco_BR.zip
V01082,V01082,"Cônjuges ou companheiros(as) de sexo diferente ou cônjuges ou companheiros(as) do mesmo sexo, 75 a 79 anos",Parentesco,Pessoas,parentesco,Agregados_por_setores_parentesco_BR.csv,CD_SETOR,https://ftp.ibge.gov.br/Censos/Censo_Demografico_2022/Agregados_por_Setores_Censitarios/Agregados_por_Setor_csv/Agregados_por_setores_parentesco_BR.zip
V01083,V01083,"Cônjuges ou companheiros(as) de sexo diferente ou cônjuges ou companheiros(as) do mesmo sexo, 80 anos ou mais",Parentesco,Pessoas,parentesco,Agregados_por_setores_parentesco_BR.csv,CD_SETOR,https://ftp.ibge.gov.br/Censos/Censo_Demografico_2022/Agregados_por_Setores_Censitarios/Agregados_por_Setor_csv/Agregados_por_setores_parentesco_BR.zip
V01084,V01084,"Filhos(as) do responsável e do cônjuge, 0 a 4 anos",Parentesco,Pessoas,parentesco,Agregados_por_setores_parentesco_BR.csv,CD_SETOR,https://ftp.ibge.gov.br/Censos/Censo_Demografico_2022/Agregados_por_Setores_Censitarios/Agregados_por_Setor_csv/Agregados_por_setores_parentesco_BR.zip
V01085,V01085,"Filhos(as) do responsável e do cônjuge, 5 a 9 anos",Parentesco,Pessoas,parentesco,Agregados_por_setores_parentesco_BR.csv,CD_SETOR,https://ftp.ibge.gov.br/Censos/Censo_Demografico_2022/Agregados_por_Setores_Censitarios/Agregados_por_Setor_csv/Agregados_por_setores_parentesco_BR.zip
V01086,V01086,"Filhos(as) do responsável e do cônjuge, 10 a 14 anos",Parentesco,Pessoas,parentesco,Agregados_por_setores_parentesco_BR.csv,CD_SETOR,https://ftp.ibge.gov.br/Censos/Censo_Demografico_2022/Agregados_por_Setores_Censitarios/Agregados_por_Setor_csv/Agregados_por_setores_parentesco_BR.zip
V01087,V01087,"Filhos(as) do responsável e do cônjuge, 15 a 19 anos",Parentesco,Pessoas,parentesco,Agregados_por_setores_parentesco_BR.csv,CD_SETOR,https://ftp.ibge.gov.br/Censos/Censo_Demografico_2022/Agregados_por_Setores_Censitarios/Agregados_por_Setor_csv/Agregados_por_setores_parentesco_BR.zip
V01088,V01088,"Filhos(as) do responsável e do cônjuge, 20 a 24 anos",Parentesco,Pessoas,parentesco,Agregados_por_setores_parentesco_BR.csv,CD_SETOR,https://ftp.ibge.gov.br/Censos/Censo_Demografico_2022/Agregados_por_Setores_Censitarios/Agregados_por_Setor_csv/Agregados_por_setores_parentesco_BR.zip
V01089,V01089,"Filhos(as) do responsável e do cônjuge, 25 a 29 anos",Parentesco,Pessoas,parentesco,Agregados_por_setores_parentesco_BR.csv,CD_SETOR,https://ftp.ibge.gov.br/Censos/Censo_Demografico_2022/Agregados_por_Setores_Censitarios/Agregados_por_Setor_csv/Agregados_por_setores_parentesco_BR.zip
V01090,V01090,"Filhos(as) do responsável e do cônjuge, 30 a 39 anos",Parentesco,Pessoas,parentesco,Agregados_por_setores_parentesco_BR.csv,CD_SETOR,https://ftp.ibge.gov.br/Censos/Censo_Demografico_2022/Agregados_por_Setores_Censitarios/Agregados_por_Setor_csv/Agregados_por_setores_parentesco_BR.zip
V01091,V01091,"Filhos(as) do responsável e do cônjuge, 40 a 49 anos",Parentesco,Pessoas,parentesco,Agregados_por_setores_parentesco_BR.csv,CD_SETOR,https://ftp.ibge.gov.br/Censos/Censo_Demografico_2022/Agregados_por_Setores_Censitarios/Agregados_por_Setor_csv/Agregados_por_setores_parentesco_BR.zip
V01092,V01092,"Filhos(as) do responsável e do cônjuge, 50 a 59 anos",Parentesco,Pessoas,parentesco,Agregados_por_setores_parentesco_BR.csv,CD_SETOR,https://ftp.ibge.gov.br/Censos/Censo_Demografico_2022/Agregados_por_Setores_Censitarios/Agregados_por_Setor_csv/Agregados_por_setores_parentesco_BR.zip
V01093,V01093,"Filhos(as) do responsável e do cônjuge, 60 a 69 anos",Parentesco,Pessoas,parentesco,Agregados_por_setores_parentesco_BR.csv,CD_SETOR,https://ftp.ibge.gov.br/Censos/Censo_Demografico_2022/Agregados_por_Setores_Censitarios/Agregados_por_Setor_csv/Agregados_por_setores_parentesco_BR.zip
V01094,V01094,"Filhos(as) do responsável e do cônjuge, 70 anos ou mais",Parentesco,Pessoas,parentesco,Agregados_por_setores_parentesco_BR.csv,CD_SETOR,https://ftp.ibge.gov.br/Censos/Censo_Demografico_2022/Agregados_por_Setores_Censitarios/Agregados_por_Setor_csv/Agregados_por_setores_parentesco_BR.zip
V01095,V01095,"Enteados(as), 0 a 4 anos",Parentesco,Pessoas,parentesco,Agregados_por_setores_parentesco_BR.csv,CD_SETOR,https://ftp.ibge.gov.br/Censos/Censo_Demografico_2022/Agregados_por_Setores_Censitarios/Agregados_por_Setor_csv/Agregados_por_setores_parentesco_BR.zip
V01096,V01096,"Enteados(as), 5 a 9 anos",Parentesco,Pessoas,parentesco,Agregados_por_setores_parentesco_BR.csv,CD_SETOR,https://ftp.ibge.gov.br/Censos/Censo_Demografico_2022/Agregados_por_Setores_Censitarios/Agregados_por_Setor_csv/Agregados_por_setores_parentesco_BR.zip
V01097,V01097,"Enteados(as), 10 a 14 anos",Parentesco,Pessoas,parentesco,Agregados_por_setores_parentesco_BR.csv,CD_SETOR,https://ftp.ibge.gov.br/Censos/Censo_Demografico_2022/Agregados_por_Setores_Censitarios/Agregados_por_Setor_csv/Agregados_por_setores_parentesco_BR.zip
V01098,V01098,"Enteados(as), 15 a 19 anos",Parentesco,Pessoas,parentesco,Agregados_por_setores_parentesco_BR.csv,CD_SETOR,https://ftp.ibge.gov.br/Censos/Censo_Demografico_2022/Agregados_por_Setores_Censitarios/Agregados_por_Setor_csv/Agregados_por_setores_parentesco_BR.zip
V01099,V01099,"Enteados(as), 20 a 24 anos",Parentesco,Pessoas,parentesco,Agregados_por_setores_parentesco_BR.csv,CD_SETOR,https://ftp.ibge.gov.br/Censos/Censo_Demografico_2022/Agregados_por_Setores_Censitarios/Agregados_por_Setor_csv/Agregados_por_setores_parentesco_BR.zip
V01100,V01100,"Enteados(as), 25 a 29 anos",Parentesco,Pessoas,parentesco,Agregados_por_setores_parentesco_BR.csv,CD_SETOR,https://ftp.ibge.gov.br/Censos/Censo_Demografico_2022/Agregados_por_Setores_Censitarios/Agregados_por_Setor_csv/Agregados_por_setores_parentesco_BR.zip
V01101,V01101,"Enteados(as), 30 a 34 anos",Parentesco,Pessoas,parentesco,Agregados_por_setores_parentesco_BR.csv,CD_SETOR,https://ftp.ibge.gov.br/Censos/Censo_Demografico_2022/Agregados_por_Setores_Censitarios/Agregados_por_Setor_csv/Agregados_por_setores_parentesco_BR.zip
V01102,V01102,"Enteados(as), 35 a 39 anos",Parentesco,Pessoas,parentesco,Agregados_por_setores_parentesco_BR.csv,CD_SETOR,https://ftp.ibge.gov.br/Censos/Censo_Demografico_2022/Agregados_por_Setores_Censitarios/Agregados_por_Setor_csv/Agregados_por_setores_parentesco_BR.zip
V01103,V01103,"Enteados(as), 40 a 44 anos",Parentesco,Pessoas,parentesco,Agregados_por_setores_parentesco_BR.csv,CD_SETOR,https://ftp.ibge.gov.br/Censos/Censo_Demografico_2022/Agregados_por_Setores_Censitarios/Agregados_por_Setor_csv/Agregados_por_setores_parentesco_BR.zip
V01104,V01104,"Enteados(as), 45 a 49 anos",Parentesco,Pessoas,parentesco,Agregados_por_setores_parentesco_BR.csv,CD_SETOR,https://ftp.ibge.gov.br/Censos/Censo_Demografico_2022/Agregados_por_Setores_Censitarios/Agregados_por_Setor_csv/Agregados_por_setores_parentesco_BR.zip
V01105,V01105,"Enteados(as), 50 anos ou mais",Parentesco,Pessoas,parentesco,Agregados_por_setores_parentesco_BR.csv,CD_SETOR,https://ftp.ibge.gov.br/Censos/Censo_Demografico_2022/Agregados_por_Setores_Censitarios/Agregados_por_Setor_csv/Agregados_por_setores_parentesco_BR.zip
V01106,V01106,"Genro ou nora, 0 a 4 anos",Parentesco,Pessoas,parentesco,Agregados_por_setores_parentesco_BR.csv,CD_SETOR,https://ftp.ibge.gov.br/Censos/Censo_Demografico_2022/Agregados_por_Setores_Censitarios/Agregados_por_Setor_csv/Agregados_por_setores_parentesco_BR.zip
V01107,V01107,"Genro ou nora, 5 a 9 anos",Parentesco,Pessoas,parentesco,Agregados_por_setores_parentesco_BR.csv,CD_SETOR,https://ftp.ibge.gov.br/Censos/Censo_Demografico_2022/Agregados_por_Setores_Censitarios/Agregados_por_Setor_csv/Agregados_por_setores_parentesco_BR.zip
V01108,V01108,"Genro ou nora, 10 a 14 anos",Parentesco,Pessoas,parentesco,Agregados_por_setores_parentesco_BR.csv,CD_SETOR,https://ftp.ibge.gov.br/Censos/Censo_Demografico_2022/Agregados_por_Setores_Censitarios/Agregados_por_Setor_csv/Agregados_por_setores_parentesco_BR.zip
V01109,V01109,"Genro ou nora, 15 a 19 anos",Parentesco,Pessoas,parentesco,Agregados_por_setores_parentesco_BR.csv,CD_SETOR,https://ftp.ibge.gov.br/Censos/Censo_Demografico_2022/Agregados_por_Setores_Censitarios/Agregados_por_Setor_csv/Agregados_por_setores_parentesco_BR.zip
V01110,V01110,"Genro ou nora, 20 a 24 anos",Parentesco,Pessoas,parentesco,Agregados_por_setores_parentesco_BR.csv,CD_SETOR,https://ftp.ibge.gov.br/Censos/Censo_Demografico_2022/Agregados_por_Setores_Censitarios/Agregados_por_Setor_csv/Agregados_por_setores_parentesco_BR.zip
V01111,V01111,"Genro ou nora, 25 a 29 anos",Parentesco,Pessoas,parentesco,Agregados_por_setores_parentesco_BR.csv,CD_SETOR,https://ftp.ibge.gov.br/Censos/Censo_Demografico_2022/Agregados_por_Setores_Censitarios/Agregados_por_Setor_csv/Agregados_por_setores_parentesco_BR.zip
V01112,V01112,"Genro ou nora, 30 a 34 anos",Parentesco,Pessoas,parentesco,Agregados_por_setores_parentesco_BR.csv,CD_SETOR,https://ftp.ibge.gov.br/Censos/Censo_Demografico_2022/Agregados_por_Setores_Censitarios/Agregados_por_Setor_csv/Agregados_por_setores_parentesco_BR.zip
V01113,V01113,"Genro ou nora, 35 a 39 anos",Parentesco,Pessoas,parentesco,Agregados_por_setores_parentesco_BR.csv,CD_SETOR,https://ftp.ibge.gov.br/Censos/Censo_Demografico_2022/Agregados_por_Setores_Censitarios/Agregados_por_Setor_csv/Agregados_por_setores_parentesco_BR.zip
V01114,V01114,"Genro ou nora, 40 a 44 anos",Parentesco,Pessoas,parentesco,Agregados_por_setores_parentesco_BR.csv,CD_SETOR,https://ftp.ibge.gov.br/Censos/Censo_Demografico_2022/Agregados_por_Setores_Censitarios/Agregados_por_Setor_csv/Agregados_por_setores_parentesco_BR.zip
V01115,V01115,"Genro ou nora, 45 a 49 anos",Parentesco,Pessoas,parentesco,Agregados_por_setores_parentesco_BR.csv,CD_SETOR,https://ftp.ibge.gov.br/Censos/Censo_Demografico_2022/Agregados_por_Setores_Censitarios/Agregados_por_Setor_csv/Agregados_por_setores_parentesco_BR.zip
V01116,V01116,"Genro ou nora, 50 anos ou mais",Parentesco,Pessoas,parentesco,Agregados_por_setores_parentesco_BR.csv,CD_SETOR,https://ftp.ibge.gov.br/Censos/Censo_Demografico_2022/Agregados_por_Setores_Censitarios/Agregados_por_Setor_csv/Agregados_por_setores_parentesco_BR.zip
V01117,V01117,"Pai, mãe, padrasto ou madrasta, 20 a 24 anos",Parentesco,Pessoas,parentesco,Agregados_por_setores_parentesco_BR.csv,CD_SETOR,https://ftp.ibge.gov.br/Censos/Censo_Demografico_2022/Agregados_por_Setores_Censitarios/Agregados_por_Setor_csv/Agregados_por_setores_parentesco_BR.zip
V01118,V01118,"Pai, mãe, padrasto ou madrasta, 25 a 29 anos",Parentesco,Pessoas,parentesco,Agregados_por_setores_parentesco_BR.csv,CD_SETOR,https://ftp.ibge.gov.br/Censos/Censo_Demografico_2022/Agregados_por_Setores_Censitarios/Agregados_por_Setor_csv/Agregados_por_setores_parentesco_BR.zip
V01119,V01119,"Pai, mãe, padrasto ou madrasta, 30 a 34 anos",Parentesco,Pessoas,parentesco,Agregados_por_setores_parentesco_BR.csv,CD_SETOR,https://ftp.ibge.gov.br/Censos/Censo_Demografico_2022/Agregados_por_Setores_Censitarios/Agregados_por_Setor_csv/Agregados_por_setores_parentesco_BR.zip
V01120,V01120,"Pai, mãe, padrasto ou madrasta, 35 a 39 anos",Parentesco,Pessoas,parentesco,Agregados_por_setores_parentesco_BR.csv,CD_SETOR,https://ftp.ibge.gov.br/Censos/Censo_Demografico_2022/Agregados_por_Setores_Censitarios/Agregados_por_Setor_csv/Agregados_por_setores_parentesco_BR.zip
V01121,V01121,"Pai, mãe, padrasto ou madrasta, 40 a 44 anos",Parentesco,Pessoas,parentesco,Agregados_por_setores_parentesco_BR.csv,CD_SETOR,https://ftp.ibge.gov.br/Censos/Censo_Demografico_2022/Agregados_por_Setores_Censitarios/Agregados_por_Setor_csv/Agregados_por_setores_parentesco_BR.zip
V01122,V01122,"Pai, mãe, padrasto ou madrasta, 45 a 49 anos",Parentesco,Pessoas,parentesco,Agregados_por_setores_parentesco_BR.csv,CD_SETOR,https://ftp.ibge.gov.br/Censos/Censo_Demografico_2022/Agregados_por_Setores_Censitarios/Agregados_por_Setor_csv/Agregados_por_setores_parentesco_BR.zip
V01123,V01123,"Pai, mãe, padrasto ou madrasta, 50 a 54 anos",Parentesco,Pessoas,parentesco,Agregados_por_setores_parentesco_BR.csv,CD_SETOR,https://ftp.ibge.gov.br/Censos/Censo_Demografico_2022/Agregados_por_Setores_Censitarios/Agregados_por_Setor_csv/Agregados_por_setores_parentesco_BR.zip
V01124,V01124,"Pai, mãe, padrasto ou madrasta, 55 a 59 anos",Parentesco,Pessoas,parentesco,Agregados_por_setores_parentesco_BR.csv,CD_SETOR,https://ftp.ibge.gov.br/Censos/Censo_Demografico_2022/Agregados_por_Setores_Censitarios/Agregados_por_Setor_csv/Agregados_por_setores_parentesco_BR.zip
V01125,V01125,"Pai, mãe, padrasto ou madrasta, 60 a 64 anos",Parentesco,Pessoas,parentesco,Agregados_por_setores_parentesco_BR.csv,CD_SETOR,https://ftp.ibge.gov.br/Censos/Censo_Demografico_2022/Agregados_por_Setores_Censitarios/Agregados_por_Setor_csv/Agregados_por_setores_parentesco_BR.zip
V01126,V01126,"Pai, mãe, padrasto ou madrasta, 65 a 69 anos",Parentesco,Pessoas,parentesco,Agregados_por_setores_parentesco_BR.csv,CD_SETOR,https://ftp.ibge.gov.br/Censos/Censo_Demografico_2022/Agregados_por_Setores_Censitarios/Agregados_por_Setor_csv/Agregados_por_setores_parentesco_BR.zip
V01127,V01127,"Pai, mãe, padrasto ou madrasta, 70 a 74 anos",Parentesco,Pessoas,parentesco,Agregados_por_setores_parentesco_BR.csv,CD_SETOR,https://ftp.ibge.gov.br/Censos/Censo_Demografico_2022/Agregados_por_Setores_Censitarios/Agregados_por_Setor_csv/Agregados_por_setores_parentesco_BR.zip
V01128,V01128,"Pai, mãe, padrasto ou madrasta, 75 a 79 anos",Parentesco,Pessoas,parentesco,Agregados_por_setores_parentesco_BR.csv,CD_SETOR,https://ftp.ibge.gov.br/Censos/Censo_Demografico_2022/Agregados_por_Setores_Censitarios/Agregados_por_Setor_csv/Agregados_por_setores_parentesco_BR.zip
V01129,V01129,"Pai, mãe, padrasto ou madrasta, 80 anos ou mais",Parentesco,Pessoas,parentesco,Agregados_por_setores_parentesco_BR.csv,CD_SETOR,https://ftp.ibge.gov.br/Censos/Censo_Demografico_2022/Agregados_por_Setores_Censitarios/Agregados_por_Setor_csv/Agregados_por_setores_parentesco_BR.zip
V01130,V01130,"Sogro(a), 20 a 24 anos",Parentesco,Pessoas,parentesco,Agregados_por_setores_parentesco_BR.csv,CD_SETOR,https://ftp.ibge.gov.br/Censos/Censo_Demografico_2022/Agregados_por_Setores_Censitarios/Agregados_por_Setor_csv/Agregados_por_setores_parentesco_BR.zip
V01131,V01131,"Sogro(a), 25 a 29 anos",Parentesco,Pessoas,parentesco,Agregados_por_setores_parentesco_BR.csv,CD_SETOR,https://ftp.ibge.gov.br/Censos/Censo_Demografico_2022/Agregados_por_Setores_Censitarios/Agregados_por_Setor_csv/Agregados_por_setores_parentesco_BR.zip
V01132,V01132,"Sogro(a), 30 a 34 anos",Parentesco,Pessoas,parentesco,Agregados_por_setores_parentesco_BR.csv,CD_SETOR,https://ftp.ibge.gov.br/Censos/Censo_Demografico_2022/Agregados_por_Setores_Censitarios/Agregados_por_Setor_csv/Agregados_por_setores_parentesco_BR.zip
V01133,V01133,"Sogro(a), 35 a 39 anos",Parentesco,Pessoas,parentesco,Agregados_por_setores_parentesco_BR.csv,CD_SETOR,https://ftp.ibge.gov.br/Censos/Censo_Demografico_2022/Agregados_por_Setores_Censitarios/Agregados_por_Setor_csv/Agregados_por_setores_parentesco_BR.zip
V01134,V01134,"Sogro(a), 40 a 44 anos",Parentesco,Pessoas,parentesco,Agregados_por_setores_parentesco_BR.csv,CD_SETOR,https://ftp.ibge.gov.br/Censos/Censo_Demografico_2022/Agregados_por_Setores_Censitarios/Agregados_por_Setor_csv/Agregados_por_setores_parentesco_BR.zip
V01135,V01135,"Sogro(a), 45 a 49 anos",Parentesco,Pessoas,parentesco,Agregados_por_setores_parentesco_BR.csv,CD_SETOR,https://ftp.ibge.gov.br/Censos/Censo_Demografico_2022/Agregados_por_Setores_Censitarios/Agregados_por_Setor_csv/Agregados_por_setores_parentesco_BR.zip
V01136,V01136,"Sogro(a), 50 a 54 anos",Parentesco,Pessoas,parentesco,Agregados_por_setores_parentesco_BR.csv,CD_SETOR,https://ftp.ibge.gov.br/Censos/Censo_Demografico_2022/Agregados_por_Setores_Censitarios/Agregados_por_Setor_csv/Agregados_por_setores_parentesco_BR.zip
V01137,V01137,"Sogro(a), 55 a 59 anos",Parentesco,Pessoas,parentesco,Agregados_por_setores_parentesco_BR.csv,CD_SETOR,https://ftp.ibge.gov.br/Censos/Censo_Demografico_2022/Agregados_por_Setores_Censitarios/Agregados_por_Setor_csv/Agregados_por_setores_parentesco_BR.zip
V01138,V01138,"Sogro(a), 60 a 64 anos",Parentesco,Pessoas,parentesco,Agregados_por_setores_parentesco_BR.csv,CD_SETOR,https://ftp.ibge.gov.br/Censos/Censo_Demografico_2022/Agregados_por_Setores_Censitarios/Agregados_por_Setor_csv/Agregados_por_setores_parentesco_BR.zip
V01139,V01139,"Sogro(a), 65 a 69 anos",Parentesco,Pessoas,parentesco,Agregados_por_setores_parentesco_BR.csv,CD_SETOR,https://ftp.ibge.gov.br/Censos/Censo_Demografico_2022/Agregados_por_Setores_Censitarios/Agregados_por_Setor_csv/Agregados_por_setores_parentesco_BR.zip
V01140,V01140,"Sogro(a), 70 a 74 anos",Parentesco,Pessoas,parentesco,Agregados_por_setores_parentesco_BR.csv,CD_SETOR,https://ftp.ibge.gov.br/Censos/Censo_Demografico_2022/Agregados_por_Setores_Censitarios/Agregados_por_Setor_csv/Agregados_por_setores_parentesco_BR.zip
V01141,V01141,"Sogro(a), 75 a 79 anos",Parentesco,Pessoas,parentesco,Agregados_por_setores_parentesco_BR.csv,CD_SETOR,https://ftp.ibge.gov.br/Censos/Censo_Demografico_2022/Agregados_por_Setores_Censitarios/Agregados_por_Setor_csv/Agregados_por_setores_parentesco_BR.zip
V01142,V01142,"Sogro(a), 80 anos ou mais",Parentesco,Pessoas,parentesco,Agregados_por_setores_parentesco_BR.csv,CD_SETOR,https://ftp.ibge.gov.br/Censos/Censo_Demografico_2022/Agregados_por_Setores_Censitarios/Agregados_por_Setor_csv/Agregados_por_setores_parentesco_BR.zip
V01143,V01143,"Neto(a), 0 a 4 anos",Parentesco,Pessoas,parentesco,Agregados_por_setores_parentesco_BR.csv,CD_SETOR,https://ftp.ibge.gov.br/Censos/Censo_Demografico_2022/Agregados_por_Setores_Censitarios/Agregados_por_Setor_csv/Agregados_por_setores_parentesco_BR.zip
V01144,V01144,"Neto(a), 5 a 9 anos",Parentesco,Pessoas,parentesco,Agregados_por_setores_parentesco_BR.csv,CD_SETOR,https://ftp.ibge.gov.br/Censos/Censo_Demografico_2022/Agregados_por_Setores_Censitarios/Agregados_por_Setor_csv/Agregados_por_setores_parentesco_BR.zip
V01145,V01145,"Neto(a), 10 a 14 anos",Parentesco,Pessoas,parentesco,Agregados_por_setores_parentesco_BR.csv,CD_SETOR,https://ftp.ibge.gov.br/Censos/Censo_Demografico_2022/Agregados_por_Setores_Censitarios/Agregados_por_Setor_csv/Agregados_por_setores_parentesco_BR.zip
V01146,V01146,"Neto(a), 15 a 19 anos",Parentesco,Pessoas,parentesco,Agregados_por_setores_parentesco_BR.csv,CD_SETOR,https://ftp.ibge.gov.br/Censos/Censo_Demografico_2022/Agregados_por_Setores_Censitarios/Agregados_por_Setor_csv/Agregados_por_setores_parentesco_BR.zip
V01147,V01147,"Neto(a), 20 a 24 anos",Parentesco,Pessoas,parentesco,Agregados_por_setores_parentesco_BR.csv,CD_SETOR,https://ftp.ibge.gov.br/Censos/Censo_Demografico_2022/Agregados_por_Setores_Censitarios/Agregados_por_Setor_csv/Agregados_por_setores_parentesco_BR.zip
V01148,V01148,"Neto(a), 25 a 29 anos",Parentesco,Pessoas,parentesco,Agregados_por_setores_parentesco_BR.csv,CD_SETOR,https://ftp.ibge.gov.br/Censos/Censo_Demografico_2022/Agregados_por_Setores_Censitarios/Agregados_por_Setor_csv/Agregados_por_setores_parentesco_BR.zip
V01149,V01149,"Neto(a), 30 a 34 anos",Parentesco,Pessoas,parentesco,Agregados_por_setores_parentesco_BR.csv,CD_SETOR,https://ftp.ibge.gov.br/Censos/Censo_Demografico_2022/Agregados_por_Setores_Censitarios/Agregados_por_Setor_csv/Agregados_por_setores_parentesco_BR.zip
V01150,V01150,"Neto(a), 35 a 39 anos",Parentesco,Pessoas,parentesco,Agregados_por_setores_parentesco_BR.csv,CD_SETOR,https://ftp.ibge.gov.br/Censos/Censo_Demografico_2022/Agregados_por_Setores_Censitarios/Agregados_por_Setor_csv/Agregados_por_setores_parentesco_BR.zip
V01151,V01151,"Neto(a), 40 a 44 anos",Parentesco,Pessoas,parentesco,Agregados_por_setores_parentesco_BR.csv,CD_SETOR,https://ftp.ibge.gov.br/Censos/Censo_Demografico_2022/Agregados_por_Setores_Censitarios/Agregados_por_Setor_csv/Agregados_por_setores_parentesco_BR.zip
V01152,V01152,"Neto(a), 45 a 49 anos",Parentesco,Pessoas,parentesco,Agregados_por_setores_parentesco_BR.csv,CD_SETOR,https://ftp.ibge.gov.br/Censos/Censo_Demografico_2022/Agregados_por_Setores_Censitarios/Agregados_por_Setor_csv/Agregados_por_setores_parentesco_BR.zip
V01153,V01153,"Neto(a), 50 anos ou mais",Parentesco,Pessoas,parentesco,Agregados_por_setores_parentesco_BR.csv,CD_SETOR,https://ftp.ibge.gov.br/Censos/Censo_Demografico_2022/Agregados_por_Setores_Censitarios/Agregados_por_Setor_csv/Agregados_por_setores_parentesco_BR.zip
V01154,V01154,"Bisneto(a), 0 a 4 anos",Parentesco,Pessoas,parentesco,Agregados_por_setores_parentesco_BR.csv,CD_SETOR,https://ftp.ibge.gov.br/Censos/Censo_Demografico_2022/Agregados_por_Setores_Censitarios/Agregados_por_Setor_csv/Agregados_por_setores_parentesco_BR.zip
V01155,V01155,"Bisneto(a), 5 a 9 anos",Parentesco,Pessoas,parentesco,Agregados_por_setores_parentesco_BR.csv,CD_SETOR,https://ftp.ibge.gov.br/Censos/Censo_Demografico_2022/Agregados_por_Setores_Censitarios/Agregados_por_Setor_csv/Agregados_por_setores_parentesco_BR.zip
V01156,V01156,"Bisneto(a), 10 a 14 anos",Parentesco,Pessoas,parentesco,Agregados_por_setores_parentesco_BR.csv,CD_SETOR,https://ftp.ibge.gov.br/Censos/Censo_Demografico_2022/Agregados_por_Setores_Censitarios/Agregados_por_Setor_csv/Agregados_por_setores_parentesco_BR.zip
V01157,V01157,"Bisneto(a), 15 a 19 anos",Parentesco,Pessoas,parentesco,Agregados_por_setores_parentesco_BR.csv,CD_SETOR,https://ftp.ibge.gov.br/Censos/Censo_Demografico_2022/Agregados_por_Setores_Censitarios/Agregados_por_Setor_csv/Agregados_por_setores_parentesco_BR.zip
V01158,V01158,"Bisneto(a), 20 a 24 anos",Parentesco,Pessoas,parentesco,Agregados_por_setores_parentesco_BR.csv,CD_SETOR,https://ftp.ibge.gov.br/Censos/Censo_Demografico_2022/Agregados_por_Setores_Censitarios/Agregados_por_Setor_csv/Agregados_por_setores_parentesco_BR.zip
V01159,V01159,"Bisneto(a), 25 a 29 anos",Parentesco,Pessoas,parentesco,Agregados_por_setores_parentesco_BR.csv,CD_SETOR,https://ftp.ibge.gov.br/Censos/Censo_Demografico_2022/Agregados_por_Setores_Censitarios/Agregados_por_Setor_csv/Agregados_por_setores_parentesco_BR.zip
V01160,V01160,"Bisneto(a), 30 a 34 anos",Parentesco,Pessoas,parentesco,Agregados_por_setores_parentesco_BR.csv,CD_SETOR,https://ftp.ibge.gov.br/Censos/Censo_Demografico_2022/Agregados_por_Setores_Censitarios/Agregados_por_Setor_csv/Agregados_por_setores_parentesco_BR.zip
V01161,V01161,"Bisneto(a), 35 a 39 anos",Parentesco,Pessoas,parentesco,Agregados_por_setores_parentesco_BR.csv,CD_SETOR,https://ftp.ibge.gov.br/Censos/Censo_Demografico_2022/Agregados_por_Setores_Censitarios/Agregados_por_Setor_csv/Agregados_por_setores_parentesco_BR.zip
V01162,V01162,"Bisneto(a), 40 a 44 anos",Parentesco,Pessoas,parentesco,Agregados_por_setores_parentesco_BR.csv,CD_SETOR,https://ftp.ibge.gov.br/Censos/Censo_Demografico_2022/Agregados_por_Setores_Censitarios/Agregados_por_Setor_csv/Agregados_por_setores_parentesco_BR.zip
V01163,V01163,"Bisneto(a), 45 a 49 anos",Parentesco,Pessoas,parentesco,Agregados_por_setores_parentesco_BR.csv,CD_SETOR,https://ftp.ibge.gov.br/Censos/Censo_Demografico_2022/Agregados_por_Setores_Censitarios/Agregados_por_Setor_csv/Agregados_por_setores_parentesco_BR.zip
V01164,V01164,"Bisneto(a), 50 anos ou mais",Parentesco,Pessoas,parentesco,Agregados_por_setores_parentesco_BR.csv,CD_SETOR,https://ftp.ibge.gov.br/Censos/Censo_Demografico_2022/Agregados_por_Setores_Censitarios/Agregados_por_Setor_csv/Agregados_por_setores_parentesco_BR.zip
V01165,V01165,"Irmão ou irmã, 0 a 4 anos",Parentesco,Pessoas,parentesco,Agregados_por_setores_parentesco_BR.csv,CD_SETOR,https://ftp.ibge.gov.br/Censos/Censo_Demografico_2022/Agregados_por_Setores_Censitarios/Agregados_por_Setor_csv/Agregados_por_setores_parentesco_BR.zip
V01166,V01166,"Irmão ou irmã, 5 a 9 anos",Parentesco,Pessoas,parentesco,Agregados_por_setores_parentesco_BR.csv,CD_SETOR,https://ftp.ibge.gov.br/Censos/Censo_Demografico_2022/Agregados_por_Setores_Censitarios/Agregados_por_Setor_csv/Agregados_por_setores_parentesco_BR.zip
V01167,V01167,"Irmão ou irmã, 10 a 14 anos",Parentesco,Pessoas,parentesco,Agregados_por_setores_parentesco_BR.csv,CD_SETOR,https://ftp.ibge.gov.br/Censos/Censo_Demografico_2022/Agregados_por_Setores_Censitarios/Agregados_por_Setor_csv/Agregados_por_setores_parentesco_BR.zip
V01168,V01168,"Irmão ou irmã, 15 a 19 anos",Parentesco,Pessoas,parentesco,Agregados_por_setores_parentesco_BR.csv,CD_SETOR,https://ftp.ibge.gov.br/Censos/Censo_Demografico_2022/Agregados_por_Setores_Censitarios/Agregados_por_Setor_csv/Agregados_por_setores_parentesco_BR.zip
V01169,V01169,"Irmão ou irmã, 20 a 24 anos",Parentesco,Pessoas,parentesco,Agregados_por_setores_parentesco_BR.csv,CD_SETOR,https://ftp.ibge.gov.br/Censos/Censo_Demografico_2022/Agregados_por_Setores_Censitarios/Agregados_por_Setor_csv/Agregados_por_setores_parentesco_BR.zip
V01170,V01170,"Irmão ou irmã, 25 a 29 anos",Parentesco,Pessoas,parentesco,Agregados_por_setores_parentesco_BR.csv,CD_SETOR,https://ftp.ibge.gov.br/Censos/Censo_Demografico_2022/Agregados_por_Setores_Censitarios/Agregados_por_Setor_csv/Agregados_por_setores_parentesco_BR.zip
V01171,V01171,"Irmão ou irmã, 30 a 34 anos",Parentesco,Pessoas,parentesco,Agregados_por_setores_parentesco_BR.csv,CD_SETOR,https://ftp.ibge.gov.br/Censos/Censo_Demografico_2022/Agregados_por_Setores_Censitarios/Agregados_por_Setor_csv/Agregados_por_setores_parentesco_BR.zip
V01172,V01172,"Irmão ou irmã, 35 a 39 anos",Parentesco,Pessoas,parentesco,Agregados_por_setores_parentesco_BR.csv,CD_SETOR,https://ftp.ibge.gov.br/Censos/Censo_Demografico_2022/Agregados_por_Setores_Censitarios/Agregados_por_Setor_csv/Agregados_por_setores_parentesco_BR.zip
V01173,V01173,"Irmão ou irmã, 40 a 44 anos",Parentesco,Pessoas,parentesco,Agregados_por_setores_parentesco_BR.csv,CD_SETOR,https://ftp.ibge.gov.br/Censos/Censo_Demografico_2022/Agregados_por_Setores_Censitarios/Agregados_por_Setor_csv/Agregados_por_setores_parentesco_BR.zip
V01174,V01174,"Irmão ou irmã, 45 a 49 anos",Parentesco,Pessoas,parentesco,Agregados_por_setores_parentesco_BR.csv,CD_SETOR,https://ftp.ibge.gov.br/Censos/Censo_Demografico_2022/Agregados_por_Setores_Censitarios/Agregados_por_Setor_csv/Agregados_por_setores_parentesco_BR.zip
V01175,V01175,"Irmão ou irmã, 50 anos ou mais",Parentesco,Pessoas,parentesco,Agregados_por_setores_parentesco_BR.csv,CD_SETOR,https://ftp.ibge.gov.br/Censos/Censo_Demografico_2022/Agregados_por_Setores_Censitarios/Agregados_por_Setor_csv/Agregados_por_setores_parentesco_BR.zip
V01176,V01176,Domicílio com pelo menos um cônjuge de sexo diferente e nenhum do mesmo sexo,Parentesco,Pessoas,parentesco,Agregados_por_setores_parentesco_BR.csv,CD_SETOR,https://ftp.ibge.gov.br/Censos/Censo_Demografico_2022/Agregados_por_Setores_Censitarios/Agregados_por_Setor_csv/Agregados_por_setores_parentesco_BR.zip
V01177,V01177,Domicílio com pelo menos um cônjuge do mesmo sexo e nenhum de sexo diferente,Parentesco,Pessoas,parentesco,Agregados_por_setores_parentesco_BR.csv,CD_SETOR,https://ftp.ibge.gov.br/Censos/Censo_Demografico_2022/Agregados_por_Setores_Censitarios/Agregados_por_Setor_csv/Agregados_por_setores_parentesco_BR.zip
V01178,V01178,Domicílio com pelo menos um cônjuge de sexo diferente e pelo menos um do mesmo sexo,Parentesco,Pessoas,parentesco,Agregados_por_setores_parentesco_BR.csv,CD_SETOR,https://ftp.ibge.gov.br/Censos/Censo_Demografico_2022/Agregados_por_Setores_Censitarios/Agregados_por_Setor_csv/Agregados_por_setores_parentesco_BR.zip
V01179,V01179,Domicílio sem cônjuge,Parentesco,Pessoas,parentesco,Agregados_por_setores_parentesco_BR.csv,CD_SETOR,https://ftp.ibge.gov.br/Censos/Censo_Demografico_2022/Agregados_por_Setores_Censitarios/Agregados_por_Setor_csv/Agregados_por_setores_parentesco_BR.zip
V01180,V01180,Unidade em Domicílio Coletivo Com Morador,Parentesco,Pessoas,parentesco,Agregados_por_setores_parentesco_BR.csv,CD_SETOR,https://ftp.ibge.gov.br/Censos/Censo_Demografico_2022/Agregados_por_Setores_Censitarios/Agregados_por_Setor_csv/Agregados_por_setores_parentesco_BR.zip
V01181,V01181,"Domicílio com pelo menos um cônjuge de sexo diferente e nenhum do mesmo sexo, Sexo da pessoa responsável pelo domicílio é masculino",Parentesco,Pessoas,parentesco,Agregados_por_setores_parentesco_BR.csv,CD_SETOR,https://ftp.ibge.gov.br/Censos/Censo_Demografico_2022/Agregados_por_Setores_Censitarios/Agregados_por_Setor_csv/Agregados_por_setores_parentesco_BR.zip
V01182,V01182,"Domicílio com pelo menos um cônjuge de sexo diferente e nenhum do mesmo sexo, Sexo da pessoa responsável pelo domicílio é feminino",Parentesco,Pessoas,parentesco,Agregados_por_setores_parentesco_BR.csv,CD_SETOR,https://ftp.ibge.gov.br/Censos/Censo_Demografico_2022/Agregados_por_Setores_Censitarios/Agregados_por_Setor_csv/Agregados_por_setores_parentesco_BR.zip
V01183,V01183,"Domicílio com pelo menos um cônjuge do mesmo sexo e nenhum de sexo diferente, Sexo da pessoa responsável pelo domicílio é masculino",Parentesco,Pessoas,parentesco,Agregados_por_setores_parentesco_BR.csv,CD_SETOR,https://ftp.ibge.gov.br/Censos/Censo_Demografico_2022/Agregados_por_Setores_Censitarios/Agregados_por_Setor_csv/Agregados_por_setores_parentesco_BR.zip
V01184,V01184,"Domicílio com pelo menos um cônjuge do mesmo sexo e nenhum de sexo diferente, Sexo da pessoa responsável pelo domicílio é feminino",Parentesco,Pessoas,parentesco,Agregados_por_setores_parentesco_BR.csv,CD_SETOR,https://ftp.ibge.gov.br/Censos/Censo_Demografico_2022/Agregados_por_Setores_Censitarios/Agregados_por_Setor_csv/Agregados_por_setores_parentesco_BR.zip
V01185,V01185,"Domicílio com pelo menos um cônjuge de sexo diferente e pelo menos um do mesmo sexo, Sexo da pessoa responsável pelo domicílio é masculino",Parentesco,Pessoas,parentesco,Agregados_por_setores_parentesco_BR.csv,CD_SETOR,https://ftp.ibge.gov.br/Censos/Censo_Demografico_2022/Agregados_por_Setores_Censitarios/Agregados_por_Setor_csv/Agregados_por_setores_parentesco_BR.zip
V01186,V01186,"Domicílio com pelo menos um cônjuge de sexo diferente e pelo menos um do mesmo sexo, Sexo da pessoa responsável pelo domicílio é feminino",Parentesco,Pessoas,parentesco,Agregados_por_setores_parentesco_BR.csv,CD_SETOR,https://ftp.ibge.gov.br/Censos/Censo_Demografico_2022/Agregados_por_Setores_Censitarios/Agregados_por_Setor_csv/Agregados_por_setores_parentesco_BR.zip
V01187,V01187,"Domicílio sem cônjuge, Sexo da pessoa responsável pelo domicílio é masculino",Parentesco,Pessoas,parentesco,Agregados_por_setores_parentesco_BR.csv,CD_SETOR,https://ftp.ibge.gov.br/Censos/Censo_Demografico_2022/Agregados_por_Setores_Censitarios/Agregados_por_Setor_csv/Agregados_por_setores_parentesco_BR.zip
V01188,V01188,"Domicílio sem cônjuge, Sexo da pessoa responsável pelo domicílio é feminino",Parentesco,Pessoas,parentesco,Agregados_por_setores_parentesco_BR.csv,CD_SETOR,https://ftp.ibge.gov.br/Censos/Censo_Demografico_2022/Agregados_por_Setores_Censitarios/Agregados_por_Setor_csv/Agregados_por_setores_parentesco_BR.zip
V01189,V01189,"Unidade em Domicílio Coletivo Com Morador, Sexo da pessoa responsável pelo domicílio é masculino",Parentesco,Pessoas,parentesco,Agregados_por_setores_parentesco_BR.csv,CD_SETOR,https://ftp.ibge.gov.br/Censos/Censo_Demografico_2022/Agregados_por_Setores_Censitarios/Agregados_por_Setor_csv/Agregados_por_setores_parentesco_BR.zip
V01190,V01190,"Unidade em Domicílio Coletivo Com Morador, Sexo da pessoa responsável pelo domicílio é feminino",Parentesco,Pessoas,parentesco,Agregados_por_setores_parentesco_BR.csv,CD_SETOR,https://ftp.ibge.gov.br/Censos/Censo_Demografico_2022/Agregados_por_Setores_Censitarios/Agregados_por_Setor_csv/Agregados_por_setores_parentesco_BR.zip
V01191,V01191,Domicílio com responsável e cônjuge(s) sem filhos,Parentesco,Pessoas,parentesco,Agregados_por_setores_parentesco_BR.csv,CD_SETOR,https://ftp.ibge.gov.br/Censos/Censo_Demografico_2022/Agregados_por_Setores_Censitarios/Agregados_por_Setor_csv/Agregados_por_setores_parentesco_BR.zip
V01192,V01192,Domicílio com responsável e cônjuge com filho de ambos somente,Parentesco,Pessoas,parentesco,Agregados_por_setores_parentesco_BR.csv,CD_SETOR,https://ftp.ibge.gov.br/Censos/Censo_Demografico_2022/Agregados_por_Setores_Censitarios/Agregados_por_Setor_csv/Agregados_por_setores_parentesco_BR.zip
V01193,V01193,Domicílio com responsável e cônjuge(s) com pelo menos um filho somente do responsável ou somente de um(a) cônjuge,Parentesco,Pessoas,parentesco,Agregados_por_setores_parentesco_BR.csv,CD_SETOR,https://ftp.ibge.gov.br/Censos/Censo_Demografico_2022/Agregados_por_Setores_Censitarios/Agregados_por_Setor_csv/Agregados_por_setores_parentesco_BR.zip
V01194,V01194,Domicílio com responsável sem cônjuge com filho(s) e/ou enteado(s),Parentesco,Pessoas,parentesco,Agregados_por_setores_parentesco_BR.csv,CD_SETOR,https://ftp.ibge.gov.br/Censos/Censo_Demografico_2022/Agregados_por_Setores_Censitarios/Agregados_por_Setor_csv/Agregados_por_setores_parentesco_BR.zip
V01195,V01195,Domicílio com outros tipos de composição,Parentesco,Pessoas,parentesco,Agregados_por_setores_parentesco_BR.csv,CD_SETOR,https://ftp.ibge.gov.br/Censos/Censo_Demografico_2022/Agregados_por_Setores_Censitarios/Agregados_por_Setor_csv/Agregados_por_setores_parentesco_BR.zip
V01196,V01196,Unidade em Domicílio Coletivo Com Morador,Parentesco,Pessoas,parentesco,Agregados_por_setores_parentesco_BR.csv,CD_SETOR,https://ftp.ibge.gov.br/Censos/Censo_Demografico_2022/Agregados_por_Setores_Censitarios/Agregados_por_Setor_csv/Agregados_por_setores_parentesco_BR.zip
V01197,V01197,"Domicílio com responsável e cônjuge(s) sem filhos, Sexo da pessoa responsável pelo domicílio é masculino",Parentesco,Pessoas,parentesco,Agregados_por_setores_parentesco_BR.csv,CD_SETOR,https://ftp.ibge.gov.br/Censos/Censo_Demografico_2022/Agregados_por_Setores_Censitarios/Agregados_por_Setor_csv/Agregados_por_setores_parentesco_BR.zip
V01198,V01198,"Domicílio com responsável e cônjuge(s) sem filhos, Sexo da pessoa responsável pelo domicílio é feminino",Parentesco,Pessoas,parentesco,Agregados_por_setores_parentesco_BR.csv,CD_SETOR,https://ftp.ibge.gov.br/Censos/Censo_Demografico_2022/Agregados_por_Setores_Censitarios/Agregados_por_Setor_csv/Agregados_por_setores_parentesco_BR.zip
V01199,V01199,"Domicílio com responsável e cônjuge com filho de ambos somente, Sexo da pessoa responsável pelo domicílio é masculino",Parentesco,Pessoas,parentesco,Agregados_por_setores_parentesco_BR.csv,CD_SETOR,https://ftp.ibge.gov.br/Censos/Censo_Demografico_2022/Agregados_por_Setores_Censitarios/Agregados_por_Setor_csv/Agregados_por_setores_parentesco_BR.zip
V01200,V01200,"Domicílio com responsável e cônjuge com filho de ambos somente, Sexo da pessoa responsável pelo domicílio é feminino",Parentesco,Pessoas,parentesco,Agregados_por_setores_parentesco_BR.csv,CD_SETOR,https://ftp.ibge.gov.br/Censos/Censo_Demografico_2022/Agregados_por_Setores_Censitarios/Agregados_por_Setor_csv/Agregados_por_setores_parentesco_BR.zip
V01201,V01201,"Domicílio com responsável e cônjuge(s) com pelo menos um filho somente do responsável ou somente de um(a) cônjuge, Sexo da pessoa responsável pelo domicílio é masculino",Parentesco,Pessoas,parentesco,Agregados_por_setores_parentesco_BR.csv,CD_SETOR,https://ftp.ibge.gov.br/Censos/Censo_Demografico_2022/Agregados_por_Setores_Censitarios/Agregados_por_Setor_csv/Agregados_por_setores_parentesco_BR.zip
V01202,V01202,"Domicílio com responsável e cônjuge(s) com pelo menos um filho somente do responsável ou somente de um(a) cônjuge, Sexo da pessoa responsável pelo domicílio é feminino",Parentesco,Pessoas,parentesco,Agregados_por_setores_parentesco_BR.csv,CD_SETOR,https://ftp.ibge.gov.br/Censos/Censo_Demografico_2022/Agregados_por_Setores_Censitarios/Agregados_por_Setor_csv/Agregados_por_setores_parentesco_BR.zip
V01203,V01203,"Domicílio com responsável sem cônjuge com filho(s) e/ou enteado(s), Sexo da pessoa responsável pelo domicílio é masculino",Parentesco,Pessoas,parentesco,Agregados_por_setores_parentesco_BR.csv,CD_SETOR,https://ftp.ibge.gov.br/Censos/Censo_Demografico_2022/Agregados_por_Setores_Censitarios/Agregados_por_Setor_csv/Agregados_por_setores_parentesco_BR.zip
V01204,V01204,"Domicílio com responsável sem cônjuge com filho(s) e/ou enteado(s), Sexo da pessoa responsável pelo domicílio é feminino",Parentesco,Pessoas,parentesco,Agregados_por_setores_parentesco_BR.csv,CD_SETOR,https://ftp.ibge.gov.br/Censos/Censo_Demografico_2022/Agregados_por_Setores_Censitarios/Agregados_por_Setor_csv/Agregados_por_setores_parentesco_BR.zip
V01205,V01205,"Domicílio com outros tipos de composição, Sexo da pessoa responsável pelo domicílio é masculino",Parentesco,Pessoas,parentesco,Agregados_por_setores_parentesco_BR.csv,CD_SETOR,https://ftp.ibge.gov.br/Censos/Censo_Demografico_2022/Agregados_por_Setores_Censitarios/Agregados_por_Setor_csv/Agregados_por_setores_parentesco_BR.zip
V01206,V01206,"Domicílio com outros tipos de composição, Sexo da pessoa responsável pelo domicílio é feminino",Parentesco,Pessoas,parentesco,Agregados_por_setores_parentesco_BR.csv,CD_SETOR,https://ftp.ibge.gov.br/Censos/Censo_Demografico_2022/Agregados_por_Setores_Censitarios/Agregados_por_Setor_csv/Agregados_por_setores_parentesco_BR.zip
V01207,V01207,"Unidade em Domicílio Coletivo Com Morador, Sexo da pessoa responsável pelo domicílio é masculino",Parentesco,Pessoas,parentesco,Agregados_por_setores_parentesco_BR.csv,CD_SETOR,https://ftp.ibge.gov.br/Censos/Censo_Demografico_2022/Agregados_por_Setores_Censitarios/Agregados_por_Setor_csv/Agregados_por_setores_parentesco_BR.zip
V01208,V01208,"Unidade em Domicílio Coletivo Com Morador, Sexo da pessoa responsável pelo domicílio é feminino",Parentesco,Pessoas,parentesco,Agregados_por_setores_parentesco_BR.csv,CD_SETOR,https://ftp.ibge.gov.br/Censos/Censo_Demografico_2022/Agregados_por_Setores_Censitarios/Agregados_por_Setor_csv/Agregados_por_setores_parentesco_BR.zip
V01209,V01209,Espécie de unidade doméstica é unipessoal,Parentesco,Pessoas,parentesco,Agregados_por_setores_parentesco_BR.csv,CD_SETOR,https://ftp.ibge.gov.br/Censos/Censo_Demografico_2022/Agregados_por_Setores_Censitarios/Agregados_por_Setor_csv/Agregados_por_setores_parentesco_BR.zip
V01210,V01210,Espécie de unidade doméstica é nuclear,Parentesco,Pessoas,parentesco,Agregados_por_setores_parentesco_BR.csv,CD_SETOR,https://ftp.ibge.gov.br/Censos/Censo_Demografico_2022/Agregados_por_Setores_Censitarios/Agregados_por_Setor_csv/Agregados_por_setores_parentesco_BR.zip
V01211,V01211,Espécie de unidade doméstica é estendida,Parentesco,Pessoas,parentesco,Agregados_por_setores_parentesco_BR.csv,CD_SETOR,https://ftp.ibge.gov.br/Censos/Censo_Demografico_2022/Agregados_por_Setores_Censitarios/Agregados_por_Setor_csv/Agregados_por_setores_parentesco_BR.zip
V01212,V01212,Espécie de unidade doméstica é composta,Parentesco,Pessoas,parentesco,Agregados_por_setores_parentesco_BR.csv,CD_SETOR,https://ftp.ibge.gov.br/Censos/Censo_Demografico_2022/Agregados_por_Setores_Censitarios/Agregados_por_Setor_csv/Agregados_por_setores_parentesco_BR.zip
V01213,V01213,Espécie de unidade doméstica é unidade em Domicílio Coletivo Com Morador,Parentesco,Pessoas,parentesco,Agregados_por_setores_parentesco_BR.csv,CD_SETOR,https://ftp.ibge.gov.br/Censos/Censo_Demografico_2022/Agregados_por_Setores_Censitarios/Agregados_por_Setor_csv/Agregados_por_setores_parentesco_BR.zip
V01214,V01214,"Espécie de unidade doméstica é unipessoal, Sexo da pessoa responsável pelo domicílio é masculino",Parentesco,Pessoas,parentesco,Agregados_por_setores_parentesco_BR.csv,CD_SETOR,https://ftp.ibge.gov.br/Censos/Censo_Demografico_2022/Agregados_por_Setores_Censitarios/Agregados_por_Setor_csv/Agregados_por_setores_parentesco_BR.zip
V01215,V01215,"Espécie de unidade doméstica é unipessoal, Sexo da pessoa responsável pelo domicílio é feminino",Parentesco,Pessoas,parentesco,Agregados_por_setores_parentesco_BR.csv,CD_SETOR,https://ftp.ibge.gov.br/Censos/Censo_Demografico_2022/Agregados_por_Setores_Censitarios/Agregados_por_Setor_csv/Agregados_por_setores_parentesco_BR.zip
V01216,V01216,"Espécie de unidade doméstica é nuclear, Sexo da pessoa responsável pelo domicílio é masculino",Parentesco,Pessoas,parentesco,Agregados_por_setores_parentesco_BR.csv,CD_SETOR,https://ftp.ibge.gov.br/Censos/Censo_Demografico_2022/Agregados_por_Setores_Censitarios/Agregados_por_Setor_csv/Agregados_por_setores_parentesco_BR.zip
V01217,V01217,"Espécie de unidade doméstica é nuclear, Sexo da pessoa responsável pelo domicílio é feminino",Parentesco,Pessoas,parentesco,Agregados_por_setores_parentesco_BR.csv,CD_SETOR,https://ftp.ibge.gov.br/Censos/Censo_Demografico_2022/Agregados_por_Setores_Censitarios/Agregados_por_Setor_csv/Agregados_por_setores_parentesco_BR.zip
V01218,V01218,"Espécie de unidade doméstica é estendida, Sexo da pessoa responsável pelo domicílio é masculino",Parentesco,Pessoas,parentesco,Agregados_por_setores_parentesco_BR.csv,CD_SETOR,https://ftp.ibge.gov.br/Censos/Censo_Demografico_2022/Agregados_por_Setores_Censitarios/Agregados_por_Setor_csv/Agregados_por_setores_parentesco_BR.zip
V01219,V01219,"Espécie de unidade doméstica é estendida, Sexo da pessoa responsável pelo domicílio é feminino",Parentesco,Pessoas,parentesco,Agregados_por_setores_parentesco_BR.csv,CD_SETOR,https://ftp.ibge.gov.br/Censos/Censo_Demografico_2022/Agregados_por_Setores_Censitarios/Agregados_por_Setor_csv/Agregados_por_setores_parentesco_BR.zip
V01220,V01220,"Espécie de unidade doméstica é composta, Sexo da pessoa responsável pelo domicílio é masculino",Parentesco,Pessoas,parentesco,Agregados_por_setores_parentesco_BR.csv,CD_SETOR,https://ftp.ibge.gov.br/Censos/Censo_Demografico_2022/Agregados_por_Setores_Censitarios/Agregados_por_Setor_csv/Agregados_por_setores_parentesco_BR.zip
V01221,V01221,"Espécie de unidade doméstica é composta, Sexo da pessoa responsável pelo domicílio é feminino",Parentesco,Pessoas,parentesco,Agregados_por_setores_parentesco_BR.csv,CD_SETOR,https://ftp.ibge.gov.br/Censos/Censo_Demografico_2022/Agregados_por_Setores_Censitarios/Agregados_por_Setor_csv/Agregados_por_setores_parentesco_BR.zip
V01222,V01222,"Espécie de unidade doméstica é unidade em Domicílio Coletivo Com Morador, Sexo da pessoa responsável pelo domicílio é masculino",Parentesco,Pessoas,parentesco,Agregados_por_setores_parentesco_BR.csv,CD_SETOR,https://ftp.ibge.gov.br/Censos/Censo_Demografico_2022/Agregados_por_Setores_Censitarios/Agregados_por_Setor_csv/Agregados_por_setores_parentesco_BR.zip
V01223,V01223,"Espécie de unidade doméstica é unidade em Domicílio Coletivo Com Morador, Sexo da pessoa responsável pelo domicílio é feminino",Parentesco,Pessoas,parentesco,Agregados_por_setores_parentesco_BR.csv,CD_SETOR,https://ftp.ibge.gov.br/Censos/Censo_Demografico_2022/Agregados_por_Setores_Censitarios/Agregados_por_Setor_csv/Agregados_por_setores_parentesco_BR.zip
V01224,V01224,"Existe pessoa falecida, no período de janeiro de 2019 a julho de 2022, que morava no domicílio",Óbitos,Mortalidade,obitos,Agregados_por_setores_obitos_BR.csv,CD_SETOR,https://ftp.ibge.gov.br/Censos/Censo_Demografico_2022/Agregados_por_Setores_Censitarios/Agregados_por_Setor_csv/Agregados_por_setores_obitos_BR.zip
V01225,V01225,"Não existe pessoa falecida, no período de janeiro de 2019 a julho de 2022, que morava no domicílio",Óbitos,Mortalidade,obitos,Agregados_por_setores_obitos_BR.csv,CD_SETOR,https://ftp.ibge.gov.br/Censos/Censo_Demografico_2022/Agregados_por_Setores_Censitarios/Agregados_por_Setor_csv/Agregados_por_setores_obitos_BR.zip
V01226,V01226,Sexo da pessoa falecida é masculino,Óbitos,Mortalidade,obitos,Agregados_por_setores_obitos_BR.csv,CD_SETOR,https://ftp.ibge.gov.br/Censos/Censo_Demografico_2022/Agregados_por_Setores_Censitarios/Agregados_por_Setor_csv/Agregados_por_setores_obitos_BR.zip
V01227,V01227,Sexo da pessoa falecida é feminino,Óbitos,Mortalidade,obitos,Agregados_por_setores_obitos_BR.csv,CD_SETOR,https://ftp.ibge.gov.br/Censos/Censo_Demografico_2022/Agregados_por_Setores_Censitarios/Agregados_por_Setor_csv/Agregados_por_setores_obitos_BR.zip
V01228,V01228,"Sexo da pessoa falecida é masculino, Idade em anos ao falecer é 0 a 4 anos",Óbitos,Mortalidade,obitos,Agregados_por_setores_obitos_BR.csv,CD_SETOR,https://ftp.ibge.gov.br/Censos/Censo_Demografico_2022/Agregados_por_Setores_Censitarios/Agregados_por_Setor_csv/Agregados_por_setores_obitos_BR.zip
V01229,V01229,"Sexo da pessoa falecida é masculino, Idade em anos ao falecer é 5 a 9 anos",Óbitos,Mortalidade,obitos,Agregados_por_setores_obitos_BR.csv,CD_SETOR,https://ftp.ibge.gov.br/Censos/Censo_Demografico_2022/Agregados_por_Setores_Censitarios/Agregados_por_Setor_csv/Agregados_por_setores_obitos_BR.zip
V01230,V01230,"Sexo da pessoa falecida é masculino, Idade em anos ao falecer é 10 a 14 anos",Óbitos,Mortalidade,obitos,Agregados_por_setores_obitos_BR.csv,CD_SETOR,https://ftp.ibge.gov.br/Censos/Censo_Demografico_2022/Agregados_por_Setores_Censitarios/Agregados_por_Setor_csv/Agregados_por_setores_obitos_BR.zip
V01231,V01231,"Sexo da pessoa falecida é masculino, Idade em anos ao falecer é 15 a 19 anos",Óbitos,Mortalidade,obitos,Agregados_por_setores_obitos_BR.csv,CD_SETOR,https://ftp.ibge.gov.br/Censos/Censo_Demografico_2022/Agregados_por_Setores_Censitarios/Agregados_por_Setor_csv/Agregados_por_setores_obitos_BR.zip
V01232,V01232,"Sexo da pessoa falecida é masculino, Idade em anos ao falecer é 20 a 24 anos",Óbitos,Mortalidade,obitos,Agregados_por_setores_obitos_BR.csv,CD_SETOR,https://ftp.ibge.gov.br/Censos/Censo_Demografico_2022/Agregados_por_Setores_Censitarios/Agregados_por_Setor_csv/Agregados_por_setores_obitos_BR.zip
V01233,V01233,"Sexo da pessoa falecida é masculino, Idade em anos ao falecer é 25 a 29 anos",Óbitos,Mortalidade,obitos,Agregados_por_setores_obitos_BR.csv,CD_SETOR,https://ftp.ibge.gov.br/Censos/Censo_Demografico_2022/Agregados_por_Setores_Censitarios/Agregados_por_Setor_csv/Agregados_por_setores_obitos_BR.zip
V01234,V01234,"Sexo da pessoa falecida é masculino, Idade em anos ao falecer é 30 a 39 anos",Óbitos,Mortalidade,obitos,Agregados_por_setores_obitos_BR.csv,CD_SETOR,https://ftp.ibge.gov.br/Censos/Censo_Demografico_2022/Agregados_por_Setores_Censitarios/Agregados_por_Setor_csv/Agregados_por_setores_obitos_BR.zip
V01235,V01235,"Sexo da pessoa falecida é masculino, Idade em anos ao falecer é 40 a 49 anos",Óbitos,Mortalidade,obitos,Agregados_por_setores_obitos_BR.csv,CD_SETOR,https://ftp.ibge.gov.br/Censos/Censo_Demografico_2022/Agregados_por_Setores_Censitarios/Agregados_por_Setor_csv/Agregados_por_setores_obitos_BR.zip
V01236,V01236,"Sexo da pessoa falecida é masculino, Idade em anos ao falecer é 50 a 59 anos",Óbitos,Mortalidade,obitos,Agregados_por_setores_obitos_BR.csv,CD_SETOR,https://ftp.ibge.gov.br/Censos/Censo_Demografico_2022/Agregados_por_Setores_Censitarios/Agregados_por_Setor_csv/Agregados_por_setores_obitos_BR.zip
V01237,V01237,"Sexo da pessoa falecida é masculino, Idade em anos ao falecer é 60 a 69 anos",Óbitos,Mortalidade,obitos,Agregados_por_setores_obitos_BR.csv,CD_SETOR,https://ftp.ibge.gov.br/Censos/Censo_Demografico_2022/Agregados_por_Setores_Censitarios/Agregados_por_Setor_csv/Agregados_por_setores_obitos_BR.zip
V01238,V01238,"Sexo da pessoa falecida é masculino, Idade em anos ao falecer é 70 anos ou mais",Óbitos,Mortalidade,obitos,Agregados_por_setores_obitos_BR.csv,CD_SETOR,https://ftp.ibge.gov.br/Censos/Censo_Demografico_2022/Agregados_por_Setores_Censitarios/Agregados_por_Setor_csv/Agregados_por_setores_obitos_BR.zip
V01239,V01239,"Sexo da pessoa falecida é feminino, Idade em anos ao falecer é 0 a 4 anos",Óbitos,Mortalidade,obitos,Agregados_por_setores_obitos_BR.csv,CD_SETOR,https://ftp.ibge.gov.br/Censos/Censo_Demografico_2022/Agregados_por_Setores_Censitarios/Agregados_por_Setor_csv/Agregados_por_setores_obitos_BR.zip
V01240,V01240,"Sexo da pessoa falecida é feminino, Idade em anos ao falecer é 5 a 9 anos",Óbitos,Mortalidade,obitos,Agregados_por_setores_obitos_BR.csv,CD_SETOR,https://ftp.ibge.gov.br/Censos/Censo_Demografico_2022/Agregados_por_Setores_Censitarios/Agregados_por_Setor_csv/Agregados_por_setores_obitos_BR.zip
V01241,V01241,"Sexo da pessoa falecida é feminino, Idade em anos ao falecer é 10 a 14 anos",Óbitos,Mortalidade,obitos,Agregados_por_setores_obitos_BR.csv,CD_SETOR,https://ftp.ibge.gov.br/Censos/Censo_Demografico_2022/Agregados_por_Setores_Censitarios/Agregados_por_Setor_csv/Agregados_por_setores_obitos_BR.zip
V01242,V01242,"Sexo da pessoa falecida é feminino, Idade em anos ao falecer é 15 a 19 anos",Óbitos,Mortalidade,obitos,Agregados_por_setores_obitos_BR.csv,CD_SETOR,https://ftp.ibge.gov.br/Censos/Censo_Demografico_2022/Agregados_por_Setores_Censitarios/Agregados_por_Setor_csv/Agregados_por_setores_obitos_BR.zip
V01243,V01243,"Sexo da pessoa falecida é feminino, Idade em anos ao falecer é 20 a 24 anos",Óbitos,Mortalidade,obitos,Agregados_por_setores_obitos_BR.csv,CD_SETOR,https://ftp.ibge.gov.br/Censos/Censo_Demografico_2022/Agregados_por_Setores_Censitarios/Agregados_por_Setor_csv/Agregados_por_setores_obitos_BR.zip
V01244,V01244,"Sexo da pessoa falecida é feminino, Idade em anos ao falecer é 25 a 29 anos",Óbitos,Mortalidade,obitos,Agregados_por_setores_obitos_BR.csv,CD_SETOR,https://ftp.ibge.gov.br/Censos/Censo_Demografico_2022/Agregados_por_Setores_Censitarios/Agregados_por_Setor_csv/Agregados_por_setores_obitos_BR.zip
V01245,V01245,"Sexo da pessoa falecida é feminino, Idade em anos ao falecer é 30 a 39 anos",Óbitos,Mortalidade,obitos,Agregados_por_setores_obitos_BR.csv,CD_SETOR,https://ftp.ibge.gov.br/Censos/Censo_Demografico_2022/Agregados_por_Setores_Censitarios/Agregados_por_Setor_csv/Agregados_por_setores_obitos_BR.zip
V01246,V01246,"Sexo da pessoa falecida é feminino, Idade em anos ao falecer é 40 a 49 anos",Óbitos,Mortalidade,obitos,Agregados_por_setores_obitos_BR.csv,CD_SETOR,https://ftp.ibge.gov.br/Censos/Censo_Demografico_2022/Agregados_por_Setores_Censitarios/Agregados_por_Setor_csv/Agregados_por_setores_obitos_BR.zip
V01247,V01247,"Sexo da pessoa falecida é feminino, Idade em anos ao falecer é 50 a 59 anos",Óbitos,Mortalidade,obitos,Agregados_por_setores_obitos_BR.csv,CD_SETOR,https://ftp.ibge.gov.br/Censos/Censo_Demografico_2022/Agregados_por_Setores_Censitarios/Agregados_por_Setor_csv/Agregados_por_setores_obitos_BR.zip
V01248,V01248,"Sexo da pessoa falecida é feminino, Idade em anos ao falecer é 60 a 69 anos",Óbitos,Mortalidade,obitos,Agregados_por_setores_obitos_BR.csv,CD_SETOR,https://ftp.ibge.gov.br/Censos/Censo_Demografico_2022/Agregados_por_Setores_Censitarios/Agregados_por_Setor_csv/Agregados_por_setores_obitos_BR.zip
V01249,V01249,"Sexo da pessoa falecida é feminino, Idade em anos ao falecer é 70 anos ou mais",Óbitos,Mortalidade,obitos,Agregados_por_setores_obitos_BR.csv,CD_SETOR,https://ftp.ibge.gov.br/Censos/Censo_Demografico_2022/Agregados_por_Setores_Censitarios/Agregados_por_Setor_csv/Agregados_por_setores_obitos_BR.zip
V01250,V01250,"Sexo da pessoa falecida é masculino, Morador com 1 ano ou mais ao falecer",Óbitos,Mortalidade,obitos,Agregados_por_setores_obitos_BR.csv,CD_SETOR,https://ftp.ibge.gov.br/Censos/Censo_Demografico_2022/Agregados_por_Setores_Censitarios/Agregados_por_Setor_csv/Agregados_por_setores_obitos_BR.zip
V01251,V01251,"Sexo da pessoa falecida é masculino, Morador com menos de 1 ano ao falecer",Óbitos,Mortalidade,obitos,Agregados_por_setores_obitos_BR.csv,CD_SETOR,https://ftp.ibge.gov.br/Censos/Censo_Demografico_2022/Agregados_por_Setores_Censitarios/Agregados_por_Setor_csv/Agregados_por_setores_obitos_BR.zip
V01252,V01252,"Sexo da pessoa falecida é feminino, Morador com 1 ano ou mais ao falecer",Óbitos,Mortalidade,obitos,Agregados_por_setores_obitos_BR.csv,CD_SETOR,https://ftp.ibge.gov.br/Censos/Censo_Demografico_2022/Agregados_por_Setores_Censitarios/Agregados_por_Setor_csv/Agregados_por_setores_obitos_BR.zip
V01253,V01253,"Sexo da pessoa falecida é feminino, Morador com menos de 1 ano ao falecer",Óbitos,Mortalidade,obitos,Agregados_por_setores_obitos_BR.csv,CD_SETOR,https://ftp.ibge.gov.br/Censos/Censo_Demografico_2022/Agregados_por_Setores_Censitarios/Agregados_por_Setor_csv/Agregados_por_setores_obitos_BR.zip
V01254,V01254,"Cor ou raça da pessoa responsável pelo domicílio é branca, Existe pessoa falecida, no período de janeiro de 2019 a julho de 2022, que morava no domicílio",Óbitos,Mortalidade,obitos,Agregados_por_setores_obitos_BR.csv,CD_SETOR,https://ftp.ibge.gov.br/Censos/Censo_Demografico_2022/Agregados_por_Setores_Censitarios/Agregados_por_Setor_csv/Agregados_por_setores_obitos_BR.zip
V01255,V01255,"Cor ou raça da pessoa responsável pelo domicílio é branca, Não existe pessoa falecida, no período de janeiro de 2019 a julho de 2022, que morava no domicílio",Óbitos,Mortalidade,obitos,Agregados_por_setores_obitos_BR.csv,CD_SETOR,https://ftp.ibge.gov.br/Censos/Censo_Demografico_2022/Agregados_por_Setores_Censitarios/Agregados_por_Setor_csv/Agregados_por_setores_obitos_BR.zip
V01256,V01256,"Cor ou raça da pessoa responsável pelo domicílio é preta, Existe pessoa falecida, no período de janeiro de 2019 a julho de 2022, que morava no domicílio",Óbitos,Mortalidade,obitos,Agregados_por_setores_obitos_BR.csv,CD_SETOR,https://ftp.ibge.gov.br/Censos/Censo_Demografico_2022/Agregados_por_Setores_Censitarios/Agregados_por_Setor_csv/Agregados_por_setores_obitos_BR.zip
V01257,V01257,"Cor ou raça da pessoa responsável pelo domicílio é preta, Não existe pessoa falecida, no período de janeiro de 2019 a julho de 2022, que morava no domicílio",Óbitos,Mortalidade,obitos,Agregados_por_setores_obitos_BR.csv,CD_SETOR,https://ftp.ibge.gov.br/Censos/Censo_Demografico_2022/Agregados_por_Setores_Censitarios/Agregados_por_Setor_csv/Agregados_por_setores_obitos_BR.zip
V01258,V01258,"Cor ou raça da pessoa responsável pelo domicílio é amarela, Existe pessoa falecida, no período de janeiro de 2019 a julho de 2022, que morava no domicílio",Óbitos,Mortalidade,obitos,Agregados_por_setores_obitos_BR.csv,CD_SETOR,https://ftp.ibge.gov.br/Censos/Censo_Demografico_2022/Agregados_por_Setores_Censitarios/Agregados_por_Setor_csv/Agregados_por_setores_obitos_BR.zip
V01259,V01259,"Cor ou raça da pessoa responsável pelo domicílio é amarela, Não existe pessoa falecida, no período de janeiro de 2019 a julho de 2022, que morava no domicílio",Óbitos,Mortalidade,obitos,Agregados_por_setores_obitos_BR.csv,CD_SETOR,https://ftp.ibge.gov.br/Censos/Censo_Demografico_2022/Agregados_por_Setores_Censitarios/Agregados_por_Setor_csv/Agregados_por_setores_obitos_BR.zip
V01260,V01260,"Cor ou raça da pessoa responsável pelo domicílio é parda, Existe pessoa falecida, no período de janeiro de 2019 a julho de 2022, que morava no domicílio",Óbitos,Mortalidade,obitos,Agregados_por_setores_obitos_BR.csv,CD_SETOR,https://ftp.ibge.gov.br/Censos/Censo_Demografico_2022/Agregados_por_Setores_Censitarios/Agregados_por_Setor_csv/Agregados_por_setores_obitos_BR.zip
V01261,V01261,"Cor ou raça da pessoa responsável pelo domicílio é parda, Não existe pessoa falecida, no período de janeiro de 2019 a julho de 2022, que morava no domicílio",Óbitos,Mortalidade,obitos,Agregados_por_setores_obitos_BR.csv,CD_SETOR,https://ftp.ibge.gov.br/Censos/Censo_Demografico_2022/Agregados_por_Setores_Censitarios/Agregados_por_Setor_csv/Agregados_por_setores_obitos_BR.zip
V01262,V01262,"Cor ou raça da pessoa responsável pelo domicílio é indígena, Existe pessoa falecida, no período de janeiro de 2019 a julho de 2022, que morava no domicílio",Óbitos,Mortalidade,obitos,Agregados_por_setores_obitos_BR.csv,CD_SETOR,https://ftp.ibge.gov.br/Censos/Censo_Demografico_2022/Agregados_por_Setores_Censitarios/Agregados_por_Setor_csv/Agregados_por_setores_obitos_BR.zip
V01263,V01263,"Cor ou raça da pessoa responsável pelo domicílio é indígena, Não existe pessoa falecida, no período de janeiro de 2019 a julho de 2022, que morava no domicílio",Óbitos,Mortalidade,obitos,Agregados_por_setores_obitos_BR.csv,CD_SETOR,https://ftp.ibge.gov.br/Censos/Censo_Demografico_2022/Agregados_por_Setores_Censitarios/Agregados_por_Setor_csv/Agregados_por_setores_obitos_BR.zip
V01264,V01264,Mês e ano de falecimento entre janeiro de 2019 a junho de 2019,Óbitos,Mortalidade,obitos,Agregados_por_setores_obitos_BR.csv,CD_SETOR,https://ftp.ibge.gov.br/Censos/Censo_Demografico_2022/Agregados_por_Setores_Censitarios/Agregados_por_Setor_csv/Agregados_por_setores_obitos_BR.zip
V01265,V01265,Mês e ano de falecimento entre julho de 2019 a dezembro de 2019,Óbitos,Mortalidade,obitos,Agregados_por_setores_obitos_BR.csv,CD_SETOR,https://ftp.ibge.gov.br/Censos/Censo_Demografico_2022/Agregados_por_Setores_Censitarios/Agregados_por_Setor_csv/Agregados_por_setores_obitos_BR.zip
V01266,V01266,Mês e ano de falecimento entre janeiro de 2020 a junho de 2020,Óbitos,Mortalidade,obitos,Agregados_por_setores_obitos_BR.csv,CD_SETOR,https://ftp.ibge.gov.br/Censos/Censo_Demografico_2022/Agregados_por_Setores_Censitarios/Agregados_por_Setor_csv/Agregados_por_setores_obitos_BR.zip
V01267,V01267,Mês e ano de falecimento entre julho de 2020 a dezembro de 2020,Óbitos,Mortalidade,obitos,Agregados_por_setores_obitos_BR.csv,CD_SETOR,https://ftp.ibge.gov.br/Censos/Censo_Demografico_2022/Agregados_por_Setores_Censitarios/Agregados_por_Setor_csv/Agregados_por_setores_obitos_BR.zip
V01268,V01268,Mês e ano de falecimento entre janeiro de 2021 a junho de 2021,Óbitos,Mortalidade,obitos,Agregados_por_setores_obitos_BR.csv,CD_SETOR,https://ftp.ibge.gov.br/Censos/Censo_Demografico_2022/Agregados_por_Setores_Censitarios/Agregados_por_Setor_csv/Agregados_por_setores_obitos_BR.zip
V01269,V01269,Mês e ano de falecimento entre julho de 2021 a dezembro de 2021,Óbitos,Mortalidade,obitos,Agregados_por_setores_obitos_BR.csv,CD_SETOR,https://ftp.ibge.gov.br/Censos/Censo_Demografico_2022/Agregados_por_Setores_Censitarios/Agregados_por_Setor_csv/Agregados_por_setores_obitos_BR.zip
V01270,V01270,Mês e ano de falecimento entre janeiro de 2022 a julho de 2022,Óbitos,Mortalidade,obitos,Agregados_por_setores_obitos_BR.csv,CD_SETOR,https://ftp.ibge.gov.br/Censos/Censo_Demografico_2022/Agregados_por_Setores_Censitarios/Agregados_por_Setor_csv/Agregados_por_setores_obitos_BR.zip
V01271,V01271,"Mês e ano de falecimento entre janeiro de 2019 a junho de 2019, Sexo da pessoa falecida é masculino",Óbitos,Mortalidade,obitos,Agregados_por_setores_obitos_BR.csv,CD_SETOR,https://ftp.ibge.gov.br/Censos/Censo_Demografico_2022/Agregados_por_Setores_Censitarios/Agregados_por_Setor_csv/Agregados_por_setores_obitos_BR.zip
V01272,V01272,"Mês e ano de falecimento entre janeiro de 2019 a junho de 2019, Sexo da pessoa falecida é feminino",Óbitos,Mortalidade,obitos,Agregados_por_setores_obitos_BR.csv,CD_SETOR,https://ftp.ibge.gov.br/Censos/Censo_Demografico_2022/Agregados_por_Setores_Censitarios/Agregados_por_Setor_csv/Agregados_por_setores_obitos_BR.zip
V01273,V01273,"Mês e ano de falecimento entre julho de 2019 a dezembro de 2019, Sexo da pessoa falecida é masculino",Óbitos,Mortalidade,obitos,Agregados_por_setores_obitos_BR.csv,CD_SETOR,https://ftp.ibge.gov.br/Censos/Censo_Demografico_2022/Agregados_por_Setores_Censitarios/Agregados_por_Setor_csv/Agregados_por_setores_obitos_BR.zip
V01274,V01274,"Mês e ano de falecimento entre julho de 2019 a dezembro de 2019, Sexo da pessoa falecida é feminino",Óbitos,Mortalidade,obitos,Agregados_por_setores_obitos_BR.csv,CD_SETOR,https://ftp.ibge.gov.br/Censos/Censo_Demografico_2022/Agregados_por_Setores_Censitarios/Agregados_por_Setor_csv/Agregados_por_setores_obitos_BR.zip
V01275,V01275,"Mês e ano de falecimento entre janeiro de 2020 a junho de 2020, Sexo da pessoa falecida é masculino",Óbitos,Mortalidade,obitos,Agregados_por_setores_obitos_BR.csv,CD_SETOR,https://ftp.ibge.gov.br/Censos/Censo_Demografico_2022/Agregados_por_Setores_Censitarios/Agregados_por_Setor_csv/Agregados_por_setores_obitos_BR.zip
V01276,V01276,"Mês e ano de falecimento entre janeiro de 2020 a junho de 2020, Sexo da pessoa falecida é feminino",Óbitos,Mortalidade,obitos,Agregados_por_setores_obitos_BR.csv,CD_SETOR,https://ftp.ibge.gov.br/Censos/Censo_Demografico_2022/Agregados_por_Setores_Censitarios/Agregados_por_Setor_csv/Agregados_por_setores_obitos_BR.zip
V01277,V01277,"Mês e ano de falecimento entre julho de 2020 a dezembro de 2020, Sexo da pessoa falecida é masculino",Óbitos,Mortalidade,obitos,Agregados_por_setores_obitos_BR.csv,CD_SETOR,https://ftp.ibge.gov.br/Censos/Censo_Demografico_2022/Agregados_por_Setores_Censitarios/Agregados_por_Setor_csv/Agregados_por_setores_obitos_BR.zip
V01278,V01278,"Mês e ano de falecimento entre julho de 2020 a dezembro de 2020, Sexo da pessoa falecida é feminino",Óbitos,Mortalidade,obitos,Agregados_por_setores_obitos_BR.csv,CD_SETOR,https://ftp.ibge.gov.br/Censos/Censo_Demografico_2022/Agregados_por_Setores_Censitarios/Agregados_por_Setor_csv/Agregados_por_setores_obitos_BR.zip
V01279,V01279,"Mês e ano de falecimento entre janeiro de 2021 a junho de 2021, Sexo da pessoa falecida é masculino",Óbitos,Mortalidade,obitos,Agregados_por_setores_obitos_BR.csv,CD_SETOR,https://ftp.ibge.gov.br/Censos/Censo_Demografico_2022/Agregados_por_Setores_Censitarios/Agregados_por_Setor_csv/Agregados_por_setores_obitos_BR.zip
V01280,V01280,"Mês e ano de falecimento entre janeiro de 2021 a junho de 2021, Sexo da pessoa falecida é feminino",Óbitos,Mortalidade,obitos,Agregados_por_setores_obitos_BR.csv,CD_SETOR,https://ftp.ibge.gov.br/Censos/Censo_Demografico_2022/Agregados_por_Setores_Censitarios/Agregados_por_Setor_csv/Agregados_por_setores_obitos_BR.zip
V01281,V01281,"Mês e ano de falecimento entre julho de 2021 a dezembro de 2021, Sexo da pessoa falecida é masculino",Óbitos,Mortalidade,obitos,Agregados_por_setores_obitos_BR.csv,CD_SETOR,https://ftp.ibge.gov.br/Censos/Censo_Demografico_2022/Agregados_por_Setores_Censitarios/Agregados_por_Setor_csv/Agregados_por_setores_obitos_BR.zip
V01282,V01282,"Mês e ano de falecimento entre julho de 2021 a dezembro de 2021, Sexo da pessoa falecida é feminino",Óbitos,Mortalidade,obitos,Agregados_por_setores_obitos_BR.csv,CD_SETOR,https://ftp.ibge.gov.br/Censos/Censo_Demografico_2022/Agregados_por_Setores_Censitarios/Agregados_por_Setor_csv/Agregados_por_setores_obitos_BR.zip
V01283,V01283,"Mês e ano de falecimento entre janeiro de 2022 a julho de 2022, Sexo da pessoa falecida é masculino",Óbitos,Mortalidade,obitos,Agregados_por_setores_obitos_BR.csv,CD_SETOR,https://ftp.ibge.gov.br/Censos/Censo_Demografico_2022/Agregados_por_Setores_Censitarios/Agregados_por_Setor_csv/Agregados_por_setores_obitos_BR.zip
V01284,V01284,"Mês e ano de falecimento entre janeiro de 2022 a julho de 2022, Sexo da pessoa falecida é feminino",Óbitos,Mortalidade,obitos,Agregados_por_setores_obitos_BR.csv,CD_SETOR,https://ftp.ibge.gov.br/Censos/Censo_Demografico_2022/Agregados_por_Setores_Censitarios/Agregados_por_Setor_csv/Agregados_por_setores_obitos_BR.zip
V01285,V01285,"Mês e ano de falecimento entre janeiro de 2019 a dezembro de 2019, Sexo da pessoa falecida é masculino, 0 a 14 anos",Óbitos,Mortalidade,obitos,Agregados_por_setores_obitos_BR.csv,CD_SETOR,https://ftp.ibge.gov.br/Censos/Censo_Demografico_2022/Agregados_por_Setores_Censitarios/Agregados_por_Setor_csv/Agregados_por_setores_obitos_BR.zip
V01286,V01286,"Mês e ano de falecimento entre janeiro de 2019 a dezembro de 2019, Sexo da pessoa falecida é masculino, 15 a 29 anos",Óbitos,Mortalidade,obitos,Agregados_por_setores_obitos_BR.csv,CD_SETOR,https://ftp.ibge.gov.br/Censos/Censo_Demografico_2022/Agregados_por_Setores_Censitarios/Agregados_por_Setor_csv/Agregados_por_setores_obitos_BR.zip
V01287,V01287,"Mês e ano de falecimento entre janeiro de 2019 a dezembro de 2019, Sexo da pessoa falecida é masculino, 30 a 59 anos",Óbitos,Mortalidade,obitos,Agregados_por_setores_obitos_BR.csv,CD_SETOR,https://ftp.ibge.gov.br/Censos/Censo_Demografico_2022/Agregados_por_Setores_Censitarios/Agregados_por_Setor_csv/Agregados_por_setores_obitos_BR.zip
V01288,V01288,"Mês e ano de falecimento entre janeiro de 2019 a dezembro de 2019, Sexo da pessoa falecida é masculino, 60 anos ou mais",Óbitos,Mortalidade,obitos,Agregados_por_setores_obitos_BR.csv,CD_SETOR,https://ftp.ibge.gov.br/Censos/Censo_Demografico_2022/Agregados_por_Setores_Censitarios/Agregados_por_Setor_csv/Agregados_por_setores_obitos_BR.zip
V01289,V01289,"Mês e ano de falecimento entre janeiro de 2019 a dezembro de 2019, Sexo da pessoa falecida é feminino, 0 a 14 anos",Óbitos,Mortalidade,obitos,Agregados_por_setores_obitos_BR.csv,CD_SETOR,https://ftp.ibge.gov.br/Censos/Censo_Demografico_2022/Agregados_por_Setores_Censitarios/Agregados_por_Setor_csv/Agregados_por_setores_obitos_BR.zip
V01290,V01290,"Mês e ano de falecimento entre janeiro de 2019 a dezembro de 2019, Sexo da pessoa falecida é feminino, 15 a 29 anos",Óbitos,Mortalidade,obitos,Agregados_por_setores_obitos_BR.csv,CD_SETOR,https://ftp.ibge.gov.br/Censos/Censo_Demografico_2022/Agregados_por_Setores_Censitarios/Agregados_por_Setor_csv/Agregados_por_setores_obitos_BR.zip
V01291,V01291,"Mês e ano de falecimento entre janeiro de 2019 a dezembro de 2019, Sexo da pessoa falecida é feminino, 30 a 59 anos",Óbitos,Mortalidade,obitos,Agregados_por_setores_obitos_BR.csv,CD_SETOR,https://ftp.ibge.gov.br/Censos/Censo_Demografico_2022/Agregados_por_Setores_Censitarios/Agregados_por_Setor_csv/Agregados_por_setores_obitos_BR.zip
V01292,V01292,"Mês e ano de falecimento entre janeiro de 2019 a dezembro de 2019, Sexo da pessoa falecida é feminino, 60 anos ou mais",Óbitos,Mortalidade,obitos,Agregados_por_setores_obitos_BR.csv,CD_SETOR,https://ftp.ibge.gov.br/Censos/Censo_Demografico_2022/Agregados_por_Setores_Censitarios/Agregados_por_Setor_csv/Agregados_por_setores_obitos_BR.zip
V01293,V01293,"Mês e ano de falecimento entre janeiro de 2020 a dezembro de 2020, Sexo da pessoa falecida é masculino, 0 a 14 anos",Óbitos,Mortalidade,obitos,Agregados_por_setores_obitos_BR.csv,CD_SETOR,https://ftp.ibge.gov.br/Censos/Censo_Demografico_2022/Agregados_por_Setores_Censitarios/Agregados_por_Setor_csv/Agregados_por_setores_obitos_BR.zip
V01294,V01294,"Mês e ano de falecimento entre janeiro de 2020 a dezembro de 2020, Sexo da pessoa falecida é masculino, 15 a 29 anos",Óbitos,Mortalidade,obitos,Agregados_por_setores_obitos_BR.csv,CD_SETOR,https://ftp.ibge.gov.br/Censos/Censo_Demografico_2022/Agregados_por_Setores_Censitarios/Agregados_por_Setor_csv/Agregados_por_setores_obitos_BR.zip
V01295,V01295,"Mês e ano de falecimento entre janeiro de 2020 a dezembro de 2020, Sexo da pessoa falecida é masculino, 30 a 59 anos",Óbitos,Mortalidade,obitos,Agregados_por_setores_obitos_BR.csv,CD_SETOR,https://ftp.ibge.gov.br/Censos/Censo_Demografico_2022/Agregados_por_Setores_Censitarios/Agregados_por_Setor_csv/Agregados_por_setores_obitos_BR.zip
V01296,V01296,"Mês e ano de falecimento entre janeiro de 2020 a dezembro de 2020, Sexo da pessoa falecida é masculino, 60 anos ou mais",Óbitos,Mortalidade,obitos,Agregados_por_setores_obitos_BR.csv,CD_SETOR,https://ftp.ibge.gov.br/Censos/Censo_Demografico_2022/Agregados_por_Setores_Censitarios/Agregados_por_Setor_csv/Agregados_por_setores_obitos_BR.zip
V01297,V01297,"Mês e ano de falecimento entre janeiro de 2020 a dezembro de 2020, Sexo da pessoa falecida é feminino, 0 a 14 anos",Óbitos,Mortalidade,obitos,Agregados_por_setores_obitos_BR.csv,CD_SETOR,https://ftp.ibge.gov.br/Censos/Censo_Demografico_2022/Agregados_por_Setores_Censitarios/Agregados_por_Setor_csv/Agregados_por_setores_obitos_BR.zip
V01298,V01298,"Mês e ano de falecimento entre janeiro de 2020 a dezembro de 2020, Sexo da pessoa falecida é feminino, 15 a 29 anos",Óbitos,Mortalidade,obitos,Agregados_por_setores_obitos_BR.csv,CD_SETOR,https://ftp.ibge.gov.br/Censos/Censo_Demografico_2022/Agregados_por_Setores_Censitarios/Agregados_por_Setor_csv/Agregados_por_setores_obitos_BR.zip
V01299,V01299,"Mês e ano de falecimento entre janeiro de 2020 a dezembro de 2020, Sexo da pessoa falecida é feminino, 30 a 59 anos",Óbitos,Mortalidade,obitos,Agregados_por_setores_obitos_BR.csv,CD_SETOR,https://ftp.ibge.gov.br/Censos/Censo_Demografico_2022/Agregados_por_Setores_Censitarios/Agregados_por_Setor_csv/Agregados_por_setores_obitos_BR.zip
V01300,V01300,"Mês e ano de falecimento entre janeiro de 2020 a dezembro de 2020, Sexo da pessoa falecida é feminino, 60 anos ou mais",Óbitos,Mortalidade,obitos,Agregados_por_setores_obitos_BR.csv,CD_SETOR,https://ftp.ibge.gov.br/Censos/Censo_Demografico_2022/Agregados_por_Setores_Censitarios/Agregados_por_Setor_csv/Agregados_por_setores_obitos_BR.zip
V01301,V01301,"Mês e ano de falecimento entre janeiro de 2021 a dezembro de 2021, Sexo da pessoa falecida é masculino, 0 a 14 anos",Óbitos,Mortalidade,obitos,Agregados_por_setores_obitos_BR.csv,CD_SETOR,https://ftp.ibge.gov.br/Censos/Censo_Demografico_2022/Agregados_por_Setores_Censitarios/Agregados_por_Setor_csv/Agregados_por_setores_obitos_BR.zip
V01302,V01302,"Mês e ano de falecimento entre janeiro de 2021 a dezembro de 2021, Sexo da pessoa falecida é masculino, 15 a 29 anos",Óbitos,Mortalidade,obitos,Agregados_por_setores_obitos_BR.csv,CD_SETOR,https://ftp.ibge.gov.br/Censos/Censo_Demografico_2022/Agregados_por_Setores_Censitarios/Agregados_por_Setor_csv/Agregados_por_setores_obitos_BR.zip
V01303,V01303,"Mês e ano de falecimento entre janeiro de 2021 a dezembro de 2021, Sexo da pessoa falecida é masculino, 30 a 59 anos",Óbitos,Mortalidade,obitos,Agregados_por_setores_obitos_BR.csv,CD_SETOR,https://ftp.ibge.gov.br/Censos/Censo_Demografico_2022/Agregados_por_Setores_Censitarios/Agregados_por_Setor_csv/Agregados_por_setores_obitos_BR.zip
V01304,V01304,"Mês e ano de falecimento entre janeiro de 2021 a dezembro de 2021, Sexo da pessoa falecida é masculino, 60 anos ou mais",Óbitos,Mortalidade,obitos,Agregados_por_setores_obitos_BR.csv,CD_SETOR,https://ftp.ibge.gov.br/Censos/Censo_Demografico_2022/Agregados_por_Setores_Censitarios/Agregados_por_Setor_csv/Agregados_por_setores_obitos_BR.zip
V01305,V01305,"Mês e ano de falecimento entre janeiro de 2021 a dezembro de 2021, Sexo da pessoa falecida é feminino, 0 a 14 anos",Óbitos,Mortalidade,obitos,Agregados_por_setores_obitos_BR.csv,CD_SETOR,https://ftp.ibge.gov.br/Censos/Censo_Demografico_2022/Agregados_por_Setores_Censitarios/Agregados_por_Setor_csv/Agregados_por_setores_obitos_BR.zip
V01306,V01306,"Mês e ano de falecimento entre janeiro de 2021 a dezembro de 2021, Sexo da pessoa falecida é feminino, 15 a 29 anos",Óbitos,Mortalidade,obitos,Agregados_por_setores_obitos_BR.csv,CD_SETOR,https://ftp.ibge.gov.br/Censos/Censo_Demografico_2022/Agregados_por_Setores_Censitarios/Agregados_por_Setor_csv/Agregados_por_setores_obitos_BR.zip
V01307,V01307,"Mês e ano de falecimento entre janeiro de 2021 a dezembro de 2021, Sexo da pessoa falecida é feminino, 30 a 59 anos",Óbitos,Mortalidade,obitos,Agregados_por_setores_obitos_BR.csv,CD_SETOR,https://ftp.ibge.gov.br/Censos/Censo_Demografico_2022/Agregados_por_Setores_Censitarios/Agregados_por_Setor_csv/Agregados_por_setores_obitos_BR.zip
V01308,V01308,"Mês e ano de falecimento entre janeiro de 2021 a dezembro de 2021, Sexo da pessoa falecida é feminino, 60 anos ou mais",Óbitos,Mortalidade,obitos,Agregados_por_setores_obitos_BR.csv,CD_SETOR,https://ftp.ibge.gov.br/Censos/Censo_Demografico_2022/Agregados_por_Setores_Censitarios/Agregados_por_Setor_csv/Agregados_por_setores_obitos_BR.zip
V01309,V01309,"Mês e ano de falecimento entre janeiro de 2022 a julho de 2022, Sexo da pessoa falecida é masculino, 0 a 14 anos",Óbitos,Mortalidade,obitos,Agregados_por_setores_obitos_BR.csv,CD_SETOR,https://ftp.ibge.gov.br/Censos/Censo_Demografico_2022/Agregados_por_Setores_Censitarios/Agregados_por_Setor_csv/Agregados_por_setores_obitos_BR.zip
V01310,V01310,"Mês e ano de falecimento entre janeiro de 2022 a julho de 2022, Sexo da pessoa falecida é masculino, 15 a 29 anos",Óbitos,Mortalidade,obitos,Agregados_por_setores_obitos_BR.csv,CD_SETOR,https://ftp.ibge.gov.br/Censos/Censo_Demografico_2022/Agregados_por_Setores_Censitarios/Agregados_por_Setor_csv/Agregados_por_setores_obitos_BR.zip
V01311,V01311,"Mês e ano de falecimento entre janeiro de 2022 a julho de 2022, Sexo da pessoa falecida é masculino, 30 a 59 anos",Óbitos,Mortalidade,obitos,Agregados_por_setores_obitos_BR.csv,CD_SETOR,https://ftp.ibge.gov.br/Censos/Censo_Demografico_2022/Agregados_por_Setores_Censitarios/Agregados_por_Setor_csv/Agregados_por_setores_obitos_BR.zip
V01312,V01312,"Mês e ano de falecimento entre janeiro de 2022 a julho de 2022, Sexo da pessoa falecida é masculino, 60 anos ou mais",Óbitos,Mortalidade,obitos,Agregados_por_setores_obitos_BR.csv,CD_SETOR,https://ftp.ibge.gov.br/Censos/Censo_Demografico_2022/Agregados_por_Setores_Censitarios/Agregados_por_Setor_csv/Agregados_por_setores_obitos_BR.zip
V01313,V01313,"Mês e ano de falecimento entre janeiro de 2022 a julho de 2022, Sexo da pessoa falecida é feminino, 0 a 14 anos",Óbitos,Mortalidade,obitos,Agregados_por_setores_obitos_BR.csv,CD_SETOR,https://ftp.ibge.gov.br/Censos/Censo_Demografico_2022/Agregados_por_Setores_Censitarios/Agregados_por_Setor_csv/Agregados_por_setores_obitos_BR.zip
V01314,V01314,"Mês e ano de falecimento entre janeiro de 2022 a julho de 2022, Sexo da pessoa falecida é feminino, 15 a 29 anos",Óbitos,Mortalidade,obitos,Agregados_por_setores_obitos_BR.csv,CD_SETOR,https://ftp.ibge.gov.br/Censos/Censo_Demografico_2022/Agregados_por_Setores_Censitarios/Agregados_por_Setor_csv/Agregados_por_setores_obitos_BR.zip
V01315,V01315,"Mês e ano de falecimento entre janeiro de 2022 a julho de 2022, Sexo da pessoa falecida é feminino, 30 a 59 anos",Óbitos,Mortalidade,obitos,Agregados_por_setores_obitos_BR.csv,CD_SETOR,https://ftp.ibge.gov.br/Censos/Censo_Demografico_2022/Agregados_por_Setores_Censitarios/Agregados_por_Setor_csv/Agregados_por_setores_obitos_BR.zip
V01316,V01316,"Mês e ano de falecimento entre janeiro de 2022 a julho de 2022, Sexo da pessoa falecida é feminino, 60 anos ou mais",Óbitos,Mortalidade,obitos,Agregados_por_setores_obitos_BR.csv,CD_SETOR,https://ftp.ibge.gov.br/Censos/Censo_Demografico_2022/Agregados_por_Setores_Censitarios/Agregados_por_Setor_csv/Agregados_por_setores_obitos_BR.zip
V01317,V01317,Cor ou raça é branca,Cor ou Raça,Pessoas,cor_ou_raca,Agregados_por_setores_cor_ou_raca_BR.csv,CD_SETOR,https://ftp.ibge.gov.br/Censos/Censo_Demografico_2022/Agregados_por_Setores_Censitarios/Agregados_por_Setor_csv/Agregados_por_setores_cor_ou_raca_BR.zip
V01318,V01318,Cor ou raça é preta,Cor ou Raça,Pessoas,cor_ou_raca,Agregados_por_setores_cor_ou_raca_BR.csv,CD_SETOR,https://ftp.ibge.gov.br/Censos/Censo_Demografico_2022/Agregados_por_Setores_Censitarios/Agregados_por_Setor_csv/Agregados_por_setores_cor_ou_raca_BR.zip
V01319,V01319,Cor ou raça é amarela,Cor ou Raça,Pessoas,cor_ou_raca,Agregados_por_setores_cor_ou_raca_BR.csv,CD_SETOR,https://ftp.ibge.gov.br/Censos/Censo_Demografico_2022/Agregados_por_Setores_Censitarios/Agregados_por_Setor_csv/Agregados_por_setores_cor_ou_raca_BR.zip
V01320,V01320,Cor ou raça é parda,Cor ou Raça,Pessoas,cor_ou_raca,Agregados_por_setores_cor_ou_raca_BR.csv,CD_SETOR,https://ftp.ibge.gov.br/Censos/Censo_Demografico_2022/Agregados_por_Setores_Censitarios/Agregados_por_Setor_csv/Agregados_por_setores_cor_ou_raca_BR.zip
V01321,V01321,Cor ou raça é indígena,Cor ou Raça,Pessoas,cor_ou_raca,Agregados_por_setores_cor_ou_raca_BR.csv,CD_SETOR,https://ftp.ibge.gov.br/Censos/Censo_Demografico_2022/Agregados_por_Setores_Censitarios/Agregados_por_Setor_csv/Agregados_por_setores_cor_ou_raca_BR.zip
V01322,V01322,"Sexo masculino, Cor ou raça é branca",Cor ou Raça,Pessoas,cor_ou_raca,Agregados_por_setores_cor_ou_raca_BR.csv,CD_SETOR,https://ftp.ibge.gov.br/Censos/Censo_Demografico_2022/Agregados_por_Setores_Censitarios/Agregados_por_Setor_csv/Agregados_por_setores_cor_ou_raca_BR.zip
V01323,V01323,"Sexo masculino, Cor ou raça é preta",Cor ou Raça,Pessoas,cor_ou_raca,Agregados_por_setores_cor_ou_raca_BR.csv,CD_SETOR,https://ftp.ibge.gov.br/Censos/Censo_Demografico_2022/Agregados_por_Setores_Censitarios/Agregados_por_Setor_csv/Agregados_por_setores_cor_ou_raca_BR.zip
V01324,V01324,"Sexo masculino, Cor ou raça é amarela",Cor ou Raça,Pessoas,cor_ou_raca,Agregados_por_setores_cor_ou_raca_BR.csv,CD_SETOR,https://ftp.ibge.gov.br/Censos/Censo_Demografico_2022/Agregados_por_Setores_Censitarios/Agregados_por_Setor_csv/Agregados_por_setores_cor_ou_raca_BR.zip
V01325,V01325,"Sexo masculino, Cor ou raça é parda",Cor ou Raça,Pessoas,cor_ou_raca,Agregados_por_setores_cor_ou_raca_BR.csv,CD_SETOR,https://ftp.ibge.gov.br/Censos/Censo_Demografico_2022/Agregados_por_Setores_Censitarios/Agregados_por_Setor_csv/Agregados_por_setores_cor_ou_raca_BR.zip
V01326,V01326,"Sexo masculino, Cor ou raça é indígena",Cor ou Raça,Pessoas,cor_ou_raca,Agregados_por_setores_cor_ou_raca_BR.csv,CD_SETOR,https://ftp.ibge.gov.br/Censos/Censo_Demografico_2022/Agregados_por_Setores_Censitarios/Agregados_por_Setor_csv/Agregados_por_setores_cor_ou_raca_BR.zip
V01327,V01327,"Sexo feminino, Cor ou raça é branca",Cor ou Raça,Pessoas,cor_ou_raca,Agregados_por_setores_cor_ou_raca_BR.csv,CD_SETOR,https://ftp.ibge.gov.br/Censos/Censo_Demografico_2022/Agregados_por_Setores_Censitarios/Agregados_por_Setor_csv/Agregados_por_setores_cor_ou_raca_BR.zip
V01328,V01328,"Sexo feminino, Cor ou raça é preta",Cor ou Raça,Pessoas,cor_ou_raca,Agregados_por_setores_cor_ou_raca_BR.csv,CD_SETOR,https://ftp.ibge.gov.br/Censos/Censo_Demografico_2022/Agregados_por_Setores_Censitarios/Agregados_por_Setor_csv/Agregados_por_setores_cor_ou_raca_BR.zip
V01329,V01329,"Sexo feminino, Cor ou raça é amarela",Cor ou Raça,Pessoas,cor_ou_raca,Agregados_por_setores_cor_ou_raca_BR.csv,CD_SETOR,https://ftp.ibge.gov.br/Censos/Censo_Demografico_2022/Agregados_por_Setores_Censitarios/Agregados_por_Setor_csv/Agregados_por_setores_cor_ou_raca_BR.zip
V01330,V01330,"Sexo feminino, Cor ou raça é parda",Cor ou Raça,Pessoas,cor_ou_raca,Agregados_por_setores_cor_ou_raca_BR.csv,CD_SETOR,https://ftp.ibge.gov.br/Censos/Censo_Demografico_2022/Agregados_por_Setores_Censitarios/Agregados_por_Setor_csv/Agregados_por_setores_cor_ou_raca_BR.zip
V01331,V01331,"Sexo feminino, Cor ou raça é  indígena",Cor ou Raça,Pessoas,cor_ou_raca,Agregados_por_setores_cor_ou_raca_BR.csv,CD_SETOR,https://ftp.ibge.gov.br/Censos/Censo_Demografico_2022/Agregados_por_Setores_Censitarios/Agregados_por_Setor_csv/Agregados_por_setores_cor_ou_raca_BR.zip
V01332,V01332,Cor ou raça da pessoa responsável pelo domicílio é branca,Cor ou Raça,Pessoas,cor_ou_raca,Agregados_por_setores_cor_ou_raca_BR.csv,CD_SETOR,https://ftp.ibge.gov.br/Censos/Censo_Demografico_2022/Agregados_por_Setores_Censitarios/Agregados_por_Setor_csv/Agregados_por_setores_cor_ou_raca_BR.zip
V01333,V01333,Cor ou raça da pessoa responsável pelo domicílio é preta,Cor ou Raça,Pessoas,cor_ou_raca,Agregados_por_setores_cor_ou_raca_BR.csv,CD_SETOR,https://ftp.ibge.gov.br/Censos/Censo_Demografico_2022/Agregados_por_Setores_Censitarios/Agregados_por_Setor_csv/Agregados_por_setores_cor_ou_raca_BR.zip
V01334,V01334,Cor ou raça da pessoa responsável pelo domicílio é amarela,Cor ou Raça,Pessoas,cor_ou_raca,Agregados_por_setores_cor_ou_raca_BR.csv,CD_SETOR,https://ftp.ibge.gov.br/Censos/Censo_Demografico_2022/Agregados_por_Setores_Censitarios/Agregados_por_Setor_csv/Agregados_por_setores_cor_ou_raca_BR.zip
V01335,V01335,Cor ou raça da pessoa responsável pelo domicílio é parda,Cor ou Raça,Pessoas,cor_ou_raca,Agregados_por_setores_cor_ou_raca_BR.csv,CD_SETOR,https://ftp.ibge.gov.br/Censos/Censo_Demografico_2022/Agregados_por_Setores_Censitarios/Agregados_por_Setor_csv/Agregados_por_setores_cor_ou_raca_BR.zip
V01336,V01336,Cor ou raça da pessoa responsável pelo domicílio é indígena,Cor ou Raça,Pessoas,cor_ou_raca,Agregados_por_setores_cor_ou_raca_BR.csv,CD_SETOR,https://ftp.ibge.gov.br/Censos/Censo_Demografico_2022/Agregados_por_Setores_Censitarios/Agregados_por_Setor_csv/Agregados_por_setores_cor_ou_raca_BR.zip
V01337,V01337,"Cor ou raça da pessoa responsável pelo domicílio é branca, Sexo da pessoa responsável pelo domicílio é masculino",Cor ou Raça,Pessoas,cor_ou_raca,Agregados_por_setores_cor_ou_raca_BR.csv,CD_SETOR,https://ftp.ibge.gov.br/Censos/Censo_Demografico_2022/Agregados_por_Setores_Censitarios/Agregados_por_Setor_csv/Agregados_por_setores_cor_ou_raca_BR.zip
V01338,V01338,"Cor ou raça da pessoa responsável pelo domicílio é branca, Sexo da pessoa responsável pelo domicílio é feminino",Cor ou Raça,Pessoas,cor_ou_raca,Agregados_por_setores_cor_ou_raca_BR.csv,CD_SETOR,https://ftp.ibge.gov.br/Censos/Censo_Demografico_2022/Agregados_por_Setores_Censitarios/Agregados_por_Setor_csv/Agregados_por_setores_cor_ou_raca_BR.zip
V01339,V01339,"Cor ou raça da pessoa responsável pelo domicílio é preta, Sexo da pessoa responsável pelo domicílio é masculino",Cor ou Raça,Pessoas,cor_ou_raca,Agregados_por_setores_cor_ou_raca_BR.csv,CD_SETOR,https://ftp.ibge.gov.br/Censos/Censo_Demografico_2022/Agregados_por_Setores_Censitarios/Agregados_por_Setor_csv/Agregados_por_setores_cor_ou_raca_BR.zip
V01340,V01340,"Cor ou raça da pessoa responsável pelo domicílio é preta, Sexo da pessoa responsável pelo domicílio é feminino",Cor ou Raça,Pessoas,cor_ou_raca,Agregados_por_setores_cor_ou_raca_BR.csv,CD_SETOR,https://ftp.ibge.gov.br/Censos/Censo_Demografico_2022/Agregados_por_Setores_Censitarios/Agregados_por_Setor_csv/Agregados_por_setores_cor_ou_raca_BR.zip
V01341,V01341,"Cor ou raça da pessoa responsável pelo domicílio é amarela, Sexo da pessoa responsável pelo domicílio é masculino",Cor ou Raça,Pessoas,cor_ou_raca,Agregados_por_setores_cor_ou_raca_BR.csv,CD_SETOR,https://ftp.ibge.gov.br/Censos/Censo_Demografico_2022/Agregados_por_Setores_Censitarios/Agregados_por_Setor_csv/Agregados_por_setores_cor_ou_raca_BR.zip
V01342,V01342,"Cor ou raça da pessoa responsável pelo domicílio é amarela, Sexo da pessoa responsável pelo domicílio é feminino",Cor ou Raça,Pessoas,cor_ou_raca,Agregados_por_setores_cor_ou_raca_BR.csv,CD_SETOR,https://ftp.ibge.gov.br/Censos/Censo_Demografico_2022/Agregados_por_Setores_Censitarios/Agregados_por_Setor_csv/Agregados_por_setores_cor_ou_raca_BR.zip
V01343,V01343,"Cor ou raça da pessoa responsável pelo domicílio é parda, Sexo da pessoa responsável pelo domicílio é masculino",Cor ou Raça,Pessoas,cor_ou_raca,Agregados_por_setores_cor_ou_raca_BR.csv,CD_SETOR,https://ftp.ibge.gov.br/Censos/Censo_Demografico_2022/Agregados_por_Setores_Censitarios/Agregados_por_Setor_csv/Agregados_por_setores_cor_ou_raca_BR.zip
V01344,V01344,"Cor ou raça da pessoa responsável pelo domicílio é parda, Sexo da pessoa responsável pelo domicílio é feminino",Cor ou Raça,Pessoas,cor_ou_raca,Agregados_por_setores_cor_ou_raca_BR.csv,CD_SETOR,https://ftp.ibge.gov.br/Censos/Censo_Demografico_2022/Agregados_por_Setores_Censitarios/Agregados_por_Setor_csv/Agregados_por_setores_cor_ou_raca_BR.zip
V01345,V01345,"Cor ou raça da pessoa responsável pelo domicílio é indígena, Sexo da pessoa responsável pelo domicílio é masculino",Cor ou Raça,Pessoas,cor_ou_raca,Agregados_por_setores_cor_ou_raca_BR.csv,CD_SETOR,https://ftp.ibge.gov.br/Censos/Censo_Demografico_2022/Agregados_por_Setores_Censitarios/Agregados_por_Setor_csv/Agregados_por_setores_cor_ou_raca_BR.zip
V01346,V01346,"Cor ou raça da pessoa responsável pelo domicílio é indígena, Sexo da pessoa responsável pelo domicílio é feminino",Cor ou Raça,Pessoas,cor_ou_raca,Agregados_por_setores_cor_ou_raca_BR.csv,CD_SETOR,https://ftp.ibge.gov.br/Censos/Censo_Demografico_2022/Agregados_por_Setores_Censitarios/Agregados_por_Setor_csv/Agregados_por_setores_cor_ou_raca_BR.zip
V01347,V01347,"Cor ou raça da pessoa responsável pelo domicílio é branca, 12 a 17 anos",Cor ou Raça,Pessoas,cor_ou_raca,Agregados_por_setores_cor_ou_raca_BR.csv,CD_SETOR,https://ftp.ibge.gov.br/Censos/Censo_Demografico_2022/Agregados_por_Setores_Censitarios/Agregados_por_Setor_csv/Agregados_por_setores_cor_ou_raca_BR.zip
V01348,V01348,"Cor ou raça da pessoa responsável pelo domicílio é branca, 18 a 24 anos",Cor ou Raça,Pessoas,cor_ou_raca,Agregados_por_setores_cor_ou_raca_BR.csv,CD_SETOR,https://ftp.ibge.gov.br/Censos/Censo_Demografico_2022/Agregados_por_Setores_Censitarios/Agregados_por_Setor_csv/Agregados_por_setores_cor_ou_raca_BR.zip
V01349,V01349,"Cor ou raça da pessoa responsável pelo domicílio é branca, 25 a 39 anos",Cor ou Raça,Pessoas,cor_ou_raca,Agregados_por_setores_cor_ou_raca_BR.csv,CD_SETOR,https://ftp.ibge.gov.br/Censos/Censo_Demografico_2022/Agregados_por_Setores_Censitarios/Agregados_por_Setor_csv/Agregados_por_setores_cor_ou_raca_BR.zip
V01350,V01350,"Cor ou raça da pessoa responsável pelo domicílio é branca, 40 a 59 anos",Cor ou Raça,Pessoas,cor_ou_raca,Agregados_por_setores_cor_ou_raca_BR.csv,CD_SETOR,https://ftp.ibge.gov.br/Censos/Censo_Demografico_2022/Agregados_por_Setores_Censitarios/Agregados_por_Setor_csv/Agregados_por_setores_cor_ou_raca_BR.zip
V01351,V01351,"Cor ou raça da pessoa responsável pelo domicílio é branca, 60 anos ou mais",Cor ou Raça,Pessoas,cor_ou_raca,Agregados_por_setores_cor_ou_raca_BR.csv,CD_SETOR,https://ftp.ibge.gov.br/Censos/Censo_Demografico_2022/Agregados_por_Setores_Censitarios/Agregados_por_Setor_csv/Agregados_por_setores_cor_ou_raca_BR.zip
V01352,V01352,"Cor ou raça da pessoa responsável pelo domicílio é preta, 12 a 17 anos",Cor ou Raça,Pessoas,cor_ou_raca,Agregados_por_setores_cor_ou_raca_BR.csv,CD_SETOR,https://ftp.ibge.gov.br/Censos/Censo_Demografico_2022/Agregados_por_Setores_Censitarios/Agregados_por_Setor_csv/Agregados_por_setores_cor_ou_raca_BR.zip
V01353,V01353,"Cor ou raça da pessoa responsável pelo domicílio é preta, 18 a 24 anos",Cor ou Raça,Pessoas,cor_ou_raca,Agregados_por_setores_cor_ou_raca_BR.csv,CD_SETOR,https://ftp.ibge.gov.br/Censos/Censo_Demografico_2022/Agregados_por_Setores_Censitarios/Agregados_por_Setor_csv/Agregados_por_setores_cor_ou_raca_BR.zip
V01354,V01354,"Cor ou raça da pessoa responsável pelo domicílio é preta, 25 a 39 anos",Cor ou Raça,Pessoas,cor_ou_raca,Agregados_por_setores_cor_ou_raca_BR.csv,CD_SETOR,https://ftp.ibge.gov.br/Censos/Censo_Demografico_2022/Agregados_por_Setores_Censitarios/Agregados_por_Setor_csv/Agregados_por_setores_cor_ou_raca_BR.zip
V01355,V01355,"Cor ou raça da pessoa responsável pelo domicílio é preta, 40 a 59 anos",Cor ou Raça,Pessoas,cor_ou_raca,Agregados_por_setores_cor_ou_raca_BR.csv,CD_SETOR,https://ftp.ibge.gov.br/Censos/Censo_Demografico_2022/Agregados_por_Setores_Censitarios/Agregados_por_Setor_csv/Agregados_por_setores_cor_ou_raca_BR.zip
V01356,V01356,"Cor ou raça da pessoa responsável pelo domicílio é preta, 60 anos ou mais",Cor ou Raça,Pessoas,cor_ou_raca,Agregados_por_setores_cor_ou_raca_BR.csv,CD_SETOR,https://ftp.ibge.gov.br/Censos/Censo_Demografico_2022/Agregados_por_Setores_Censitarios/Agregados_por_Setor_csv/Agregados_por_setores_cor_ou_raca_BR.zip
V01357,V01357,"Cor ou raça da pessoa responsável pelo domicílio é amarela, 12 a 17 anos",Cor ou Raça,Pessoas,cor_ou_raca,Agregados_por_setores_cor_ou_raca_BR.csv,CD_SETOR,https://ftp.ibge.gov.br/Censos/Censo_Demografico_2022/Agregados_por_Setores_Censitarios/Agregados_por_Setor_csv/Agregados_por_setores_cor_ou_raca_BR.zip
V01358,V01358,"Cor ou raça da pessoa responsável pelo domicílio é amarela, 18 a 24 anos",Cor ou Raça,Pessoas,cor_ou_raca,Agregados_por_setores_cor_ou_raca_BR.csv,CD_SETOR,https://ftp.ibge.gov.br/Censos/Censo_Demografico_2022/Agregados_por_Setores_Censitarios/Agregados_por_Setor_csv/Agregados_por_setores_cor_ou_raca_BR.zip
V01359,V01359,"Cor ou raça da pessoa responsável pelo domicílio é amarela, 25 a 39 anos",Cor ou Raça,Pessoas,cor_ou_raca,Agregados_por_setores_cor_ou_raca_BR.csv,CD_SETOR,https://ftp.ibge.gov.br/Censos/Censo_Demografico_2022/Agregados_por_Setores_Censitarios/Agregados_por_Setor_csv/Agregados_por_setores_cor_ou_raca_BR.zip
V01360,V01360,"Cor ou raça da pessoa responsável pelo domicílio é amarela, 40 a 59 anos",Cor ou Raça,Pessoas,cor_ou_raca,Agregados_por_setores_cor_ou_raca_BR.csv,CD_SETOR,https://ftp.ibge.gov.br/Censos/Censo_Demografico_2022/Agregados_por_Setores_Censitarios/Agregados_por_Setor_csv/Agregados_por_setores_cor_ou_raca_BR.zip
V01361,V01361,"Cor ou raça da pessoa responsável pelo domicílio é amarela, 60 anos ou mais",Cor ou Raça,Pessoas,cor_ou_raca,Agregados_por_setores_cor_ou_raca_BR.csv,CD_SETOR,https://ftp.ibge.gov.br/Censos/Censo_Demografico_2022/Agregados_por_Setores_Censitarios/Agregados_por_Setor_csv/Agregados_por_setores_cor_ou_raca_BR.zip
V01362,V01362,"Cor ou raça da pessoa responsável pelo domicílio é parda, 12 a 17 anos",Cor ou Raça,Pessoas,cor_ou_raca,Agregados_por_setores_cor_ou_raca_BR.csv,CD_SETOR,https://ftp.ibge.gov.br/Censos/Censo_Demografico_2022/Agregados_por_Setores_Censitarios/Agregados_por_Setor_csv/Agregados_por_setores_cor_ou_raca_BR.zip
V01363,V01363,"Cor ou raça da pessoa responsável pelo domicílio é parda, 18 a 24 anos",Cor ou Raça,Pessoas,cor_ou_raca,Agregados_por_setores_cor_ou_raca_BR.csv,CD_SETOR,https://ftp.ibge.gov.br/Censos/Censo_Demografico_2022/Agregados_por_Setores_Censitarios/Agregados_por_Setor_csv/Agregados_por_setores_cor_ou_raca_BR.zip
V01364,V01364,"Cor ou raça da pessoa responsável pelo domicílio é parda, 25 a 39 anos",Cor ou Raça,Pessoas,cor_ou_raca,Agregados_por_setores_cor_ou_raca_BR.csv,CD_SETOR,https://ftp.ibge.gov.br/Censos/Censo_Demografico_2022/Agregados_por_Setores_Censitarios/Agregados_por_Setor_csv/Agregados_por_setores_cor_ou_raca_BR.zip
V01365,V01365,"Cor ou raça da pessoa responsável pelo domicílio é parda, 40 a 59 anos",Cor ou Raça,Pessoas,cor_ou_raca,Agregados_por_setores_cor_ou_raca_BR.csv,CD_SETOR,https://ftp.ibge.gov.br/Censos/Censo_Demografico_2022/Agregados_por_Setores_Censitarios/Agregados_por_Setor_csv/Agregados_por_setores_cor_ou_raca_BR.zip
V01366,V01366,"Cor ou raça da pessoa responsável pelo domicílio é parda, 60 anos ou mais",Cor ou Raça,Pessoas,cor_ou_raca,Agregados_por_setores_cor_ou_raca_BR.csv,CD_SETOR,https://ftp.ibge.gov.br/Censos/Censo_Demografico_2022/Agregados_por_Setores_Censitarios/Agregados_por_Setor_csv/Agregados_por_setores_cor_ou_raca_BR.zip
V01367,V01367,"Cor ou raça da pessoa responsável pelo domicílio é indígena, 12 a 17 anos",Cor ou Raça,Pessoas,cor_ou_raca,Agregados_por_setores_cor_ou_raca_BR.csv,CD_SETOR,https://ftp.ibge.gov.br/Censos/Censo_Demografico_2022/Agregados_por_Setores_Censitarios/Agregados_por_Setor_csv/Agregados_por_setores_cor_ou_raca_BR.zip
V01368,V01368,"Cor ou raça da pessoa responsável pelo domicílio é indígena, 18 a 24 anos",Cor ou Raça,Pessoas,cor_ou_raca,Agregados_por_setores_cor_ou_raca_BR.csv,CD_SETOR,https://ftp.ibge.gov.br/Censos/Censo_Demografico_2022/Agregados_por_Setores_Censitarios/Agregados_por_Setor_csv/Agregados_por_setores_cor_ou_raca_BR.zip
V01369,V01369,"Cor ou raça da pessoa responsável pelo domicílio é indígena, 25 a 39 anos",Cor ou Raça,Pessoas,cor_ou_raca,Agregados_por_setores_cor_ou_raca_BR.csv,CD_SETOR,https://ftp.ibge.gov.br/Censos/Censo_Demografico_2022/Agregados_por_Setores_Censitarios/Agregados_por_Setor_csv/Agregados_por_setores_cor_ou_raca_BR.zip
V01370,V01370,"Cor ou raça da pessoa responsável pelo domicílio é indígena, 40 a 59 anos",Cor ou Raça,Pessoas,cor_ou_raca,Agregados_por_setores_cor_ou_raca_BR.csv,CD_SETOR,https://ftp.ibge.gov.br/Censos/Censo_Demografico_2022/Agregados_por_Setores_Censitarios/Agregados_por_Setor_csv/Agregados_por_setores_cor_ou_raca_BR.zip
V01371,V01371,"Cor ou raça da pessoa responsável pelo domicílio é indígena, 60 anos ou mais",Cor ou Raça,Pessoas,cor_ou_raca,Agregados_por_setores_cor_ou_raca_BR.csv,CD_SETOR,https://ftp.ibge.gov.br/Censos/Censo_Demografico_2022/Agregados_por_Setores_Censitarios/Agregados_por_Setor_csv/Agregados_por_setores_cor_ou_raca_BR.zip
V01372,V01372,"0 a 14 anos, Cor ou raça é branca",Cor ou Raça,Pessoas,cor_ou_raca,Agregados_por_setores_cor_ou_raca_BR.csv,CD_SETOR,https://ftp.ibge.gov.br/Censos/Censo_Demografico_2022/Agregados_por_Setores_Censitarios/Agregados_por_Setor_csv/Agregados_por_setores_cor_ou_raca_BR.zip
V01373,V01373,"0 a 14 anos, Cor ou raça é preta",Cor ou Raça,Pessoas,cor_ou_raca,Agregados_por_setores_cor_ou_raca_BR.csv,CD_SETOR,https://ftp.ibge.gov.br/Censos/Censo_Demografico_2022/Agregados_por_Setores_Censitarios/Agregados_por_Setor_csv/Agregados_por_setores_cor_ou_raca_BR.zip
V01374,V01374,"0 a 14 anos, Cor ou raça é amarela",Cor ou Raça,Pessoas,cor_ou_raca,Agregados_por_setores_cor_ou_raca_BR.csv,CD_SETOR,https://ftp.ibge.gov.br/Censos/Censo_Demografico_2022/Agregados_por_Setores_Censitarios/Agregados_por_Setor_csv/Agregados_por_setores_cor_ou_raca_BR.zip
V01375,V01375,"0 a 14 anos, Cor ou raça é parda",Cor ou Raça,Pessoas,cor_ou_raca,Agregados_por_setores_cor_ou_raca_BR.csv,CD_SETOR,https://ftp.ibge.gov.br/Censos/Censo_Demografico_2022/Agregados_por_Setores_Censitarios/Agregados_por_Setor_csv/Agregados_por_setores_cor_ou_raca_BR.zip
V01376,V01376,"0 a 14 anos, Cor ou raça é indígena",Cor ou Raça,Pessoas,cor_ou_raca,Agregados_por_setores_cor_ou_raca_BR.csv,CD_SETOR,https://ftp.ibge.gov.br/Censos/Censo_Demografico_2022/Agregados_por_Setores_Censitarios/Agregados_por_Setor_csv/Agregados_por_setores_cor_ou_raca_BR.zip
V01377,V01377,"15 a 29 anos, Cor ou raça é branca",Cor ou Raça,Pessoas,cor_ou_raca,Agregados_por_setores_cor_ou_raca_BR.csv,CD_SETOR,https://ftp.ibge.gov.br/Censos/Censo_Demografico_2022/Agregados_por_Setores_Censitarios/Agregados_por_Setor_csv/Agregados_por_setores_cor_ou_raca_BR.zip
V01378,V01378,"15 a 29 anos, Cor ou raça é preta",Cor ou Raça,Pessoas,cor_ou_raca,Agregados_por_setores_cor_ou_raca_BR.csv,CD_SETOR,https://ftp.ibge.gov.br/Censos/Censo_Demografico_2022/Agregados_por_Setores_Censitarios/Agregados_por_Setor_csv/Agregados_por_setores_cor_ou_raca_BR.zip
V01379,V01379,"15 a 29 anos, Cor ou raça é amarela",Cor ou Raça,Pessoas,cor_ou_raca,Agregados_por_setores_cor_ou_raca_BR.csv,CD_SETOR,https://ftp.ibge.gov.br/Censos/Censo_Demografico_2022/Agregados_por_Setores_Censitarios/Agregados_por_Setor_csv/Agregados_por_setores_cor_ou_raca_BR.zip
V01380,V01380,"15 a 29 anos, Cor ou raça é parda",Cor ou Raça,Pessoas,cor_ou_raca,Agregados_por_setores_cor_ou_raca_BR.csv,CD_SETOR,https://ftp.ibge.gov.br/Censos/Censo_Demografico_2022/Agregados_por_Setores_Censitarios/Agregados_por_Setor_csv/Agregados_por_setores_cor_ou_raca_BR.zip
V01381,V01381,"15 a 29 anos, Cor ou raça é indígena",Cor ou Raça,Pessoas,cor_ou_raca,Agregados_por_setores_cor_ou_raca_BR.csv,CD_SETOR,https://ftp.ibge.gov.br/Censos/Censo_Demografico_2022/Agregados_por_Setores_Censitarios/Agregados_por_Setor_csv/Agregados_por_setores_cor_ou_raca_BR.zip
V01382,V01382,"30 a 59 anos, Cor ou raça é branca",Cor ou Raça,Pessoas,cor_ou_raca,Agregados_por_setores_cor_ou_raca_BR.csv,CD_SETOR,https://ftp.ibge.gov.br/Censos/Censo_Demografico_2022/Agregados_por_Setores_Censitarios/Agregados_por_Setor_csv/Agregados_por_setores_cor_ou_raca_BR.zip
V01383,V01383,"30 a 59 anos, Cor ou raça é preta",Cor ou Raça,Pessoas,cor_ou_raca,Agregados_por_setores_cor_ou_raca_BR.csv,CD_SETOR,https://ftp.ibge.gov.br/Censos/Censo_Demografico_2022/Agregados_por_Setores_Censitarios/Agregados_por_Setor_csv/Agregados_por_setores_cor_ou_raca_BR.zip
V01384,V01384,"30 a 59 anos, Cor ou raça é amarela",Cor ou Raça,Pessoas,cor_ou_raca,Agregados_por_setores_cor_ou_raca_BR.csv,CD_SETOR,https://ftp.ibge.gov.br/Censos/Censo_Demografico_2022/Agregados_por_Setores_Censitarios/Agregados_por_Setor_csv/Agregados_por_setores_cor_ou_raca_BR.zip
V01385,V01385,"30 a 59 anos, Cor ou raça é parda",Cor ou Raça,Pessoas,cor_ou_raca,Agregados_por_setores_cor_ou_raca_BR.csv,CD_SETOR,https://ftp.ibge.gov.br/Censos/Censo_Demografico_2022/Agregados_por_Setores_Censitarios/Agregados_por_Setor_csv/Agregados_por_setores_cor_ou_raca_BR.zip
V01386,V01386,"30 a 59 anos, Cor ou raça é indígena",Cor ou Raça,Pessoas,cor_ou_raca,Agregados_por_setores_cor_ou_raca_BR.csv,CD_SETOR,https://ftp.ibge.gov.br/Censos/Censo_Demografico_2022/Agregados_por_Setores_Censitarios/Agregados_por_Setor_csv/Agregados_por_setores_cor_ou_raca_BR.zip
V01387,V01387,"60 anos ou mais, Cor ou raça é branca",Cor ou Raça,Pessoas,cor_ou_raca,Agregados_por_setores_cor_ou_raca_BR.csv,CD_SETOR,https://ftp.ibge.gov.br/Censos/Censo_Demografico_2022/Agregados_por_Setores_Censitarios/Agregados_por_Setor_csv/Agregados_por_setores_cor_ou_raca_BR.zip
V01388,V01388,"60 anos ou mais, Cor ou raça é preta",Cor ou Raça,Pessoas,cor_ou_raca,Agregados_por_setores_cor_ou_raca_BR.csv,CD_SETOR,https://ftp.ibge.gov.br/Censos/Censo_Demografico_2022/Agregados_por_Setores_Censitarios/Agregados_por_Setor_csv/Agregados_por_setores_cor_ou_raca_BR.zip
V01389,V01389,"60 anos ou mais, Cor ou raça é amarela",Cor ou Raça,Pessoas,cor_ou_raca,Agregados_por_setores_cor_ou_raca_BR.csv,CD_SETOR,https://ftp.ibge.gov.br/Censos/Censo_Demografico_2022/Agregados_por_Setores_Censitarios/Agregados_por_Setor_csv/Agregados_por_setores_cor_ou_raca_BR.zip
V01390,V01390,"60 anos ou mais, Cor ou raça é parda",Cor ou Raça,Pessoas,cor_ou_raca,Agregados_por_setores_cor_ou_raca_BR.csv,CD_SETOR,https://ftp.ibge.gov.br/Censos/Censo_Demografico_2022/Agregados_por_Setores_Censitarios/Agregados_por_Setor_csv/Agregados_por_setores_cor_ou_raca_BR.zip
V01391,V01391,"60 anos ou mais, Cor ou raça é indígena",Cor ou Raça,Pessoas,cor_ou_raca,Agregados_por_setores_cor_ou_raca_BR.csv,CD_SETOR,https://ftp.ibge.gov.br/Censos/Censo_Demografico_2022/Agregados_por_Setores_Censitarios/Agregados_por_Setor_csv/Agregados_por_setores_cor_ou_raca_BR.zip
V01392,V01392,"Sexo masculino, 0 a 9 anos, Cor ou raça é branca",Cor ou Raça,Pessoas,cor_ou_raca,Agregados_por_setores_cor_ou_raca_BR.csv,CD_SETOR,https://ftp.ibge.gov.br/Censos/Censo_Demografico_2022/Agregados_por_Setores_Censitarios/Agregados_por_Setor_csv/Agregados_por_setores_cor_ou_raca_BR.zip
V01393,V01393,"Sexo masculino, 0 a 9 anos, Cor ou raça é preta",Cor ou Raça,Pessoas,cor_ou_raca,Agregados_por_setores_cor_ou_raca_BR.csv,CD_SETOR,https://ftp.ibge.gov.br/Censos/Censo_Demografico_2022/Agregados_por_Setores_Censitarios/Agregados_por_Setor_csv/Agregados_por_setores_cor_ou_raca_BR.zip
V01394,V01394,"Sexo masculino, 0 a 9 anos, Cor ou raça é amarela",Cor ou Raça,Pessoas,cor_ou_raca,Agregados_por_setores_cor_ou_raca_BR.csv,CD_SETOR,https://ftp.ibge.gov.br/Censos/Censo_Demografico_2022/Agregados_por_Setores_Censitarios/Agregados_por_Setor_csv/Agregados_por_setores_cor_ou_raca_BR.zip
V01395,V01395,"Sexo masculino, 0 a 9 anos, Cor ou raça é parda",Cor ou Raça,Pessoas,cor_ou_raca,Agregados_por_setores_cor_ou_raca_BR.csv,CD_SETOR,https://ftp.ibge.gov.br/Censos/Censo_Demografico_2022/Agregados_por_Setores_Censitarios/Agregados_por_Setor_csv/Agregados_por_setores_cor_ou_raca_BR.zip
V01396,V01396,"Sexo masculino, 0 a 9 anos, Cor ou raça é indígena",Cor ou Raça,Pessoas,cor_ou_raca,Agregados_por_setores_cor_ou_raca_BR.csv,CD_SETOR,https://ftp.ibge.gov.br/Censos/Censo_Demografico_2022/Agregados_por_Setores_Censitarios/Agregados_por_Setor_csv/Agregados_por_setores_cor_ou_raca_BR.zip
V01397,V01397,"Sexo masculino, 10 anos ou mais, Cor ou raça é branca",Cor ou Raça,Pessoas,cor_ou_raca,Agregados_por_setores_cor_ou_raca_BR.csv,CD_SETOR,https://ftp.ibge.gov.br/Censos/Censo_Demografico_2022/Agregados_por_Setores_Censitarios/Agregados_por_Setor_csv/Agregados_por_setores_cor_ou_raca_BR.zip
V01398,V01398,"Sexo masculino, 10 anos ou mais, Cor ou raça é preta",Cor ou Raça,Pessoas,cor_ou_raca,Agregados_por_setores_cor_ou_raca_BR.csv,CD_SETOR,https://ftp.ibge.gov.br/Censos/Censo_Demografico_2022/Agregados_por_Setores_Censitarios/Agregados_por_Setor_csv/Agregados_por_setores_cor_ou_raca_BR.zip
V01399,V01399,"Sexo masculino, 10 anos ou mais, Cor ou raça é amarela",Cor ou Raça,Pessoas,cor_ou_raca,Agregados_por_setores_cor_ou_raca_BR.csv,CD_SETOR,https://ftp.ibge.gov.br/Censos/Censo_Demografico_2022/Agregados_por_Setores_Censitarios/Agregados_por_Setor_csv/Agregados_por_setores_cor_ou_raca_BR.zip
V01400,V01400,"Sexo masculino, 10 anos ou mais, Cor ou raça é parda",Cor ou Raça,Pessoas,cor_ou_raca,Agregados_por_setores_cor_ou_raca_BR.csv,CD_SETOR,https://ftp.ibge.gov.br/Censos/Censo_Demografico_2022/Agregados_por_Setores_Censitarios/Agregados_por_Setor_csv/Agregados_por_setores_cor_ou_raca_BR.zip
V01401,V01401,"Sexo masculino, 10 anos ou mais, Cor ou raça é indígena",Cor ou Raça,Pessoas,cor_ou_raca,Agregados_por_setores_cor_ou_raca_BR.csv,CD_SETOR,https://ftp.ibge.gov.br/Censos/Censo_Demografico_2022/Agregados_por_Setores_Censitarios/Agregados_por_Setor_csv/Agregados_por_setores_cor_ou_raca_BR.zip
V01402,V01402,"Sexo feminino, 0 a 9 anos, Cor ou raça é branca",Cor ou Raça,Pessoas,cor_ou_raca,Agregados_por_setores_cor_ou_raca_BR.csv,CD_SETOR,https://ftp.ibge.gov.br/Censos/Censo_Demografico_2022/Agregados_por_Setores_Censitarios/Agregados_por_Setor_csv/Agregados_por_setores_cor_ou_raca_BR.zip
V01403,V01403,"Sexo feminino, 0 a 9 anos, Cor ou raça é preta",Cor ou Raça,Pessoas,cor_ou_raca,Agregados_por_setores_cor_ou_raca_BR.csv,CD_SETOR,https://ftp.ibge.gov.br/Censos/Censo_Demografico_2022/Agregados_por_Setores_Censitarios/Agregados_por_Setor_csv/Agregados_por_setores_cor_ou_raca_BR.zip
V01404,V01404,"Sexo feminino, 0 a 9 anos, Cor ou raça é amarela",Cor ou Raça,Pessoas,cor_ou_raca,Agregados_por_setores_cor_ou_raca_BR.csv,CD_SETOR,https://ftp.ibge.gov.br/Censos/Censo_Demografico_2022/Agregados_por_Setores_Censitarios/Agregados_por_Setor_csv/Agregados_por_setores_cor_ou_raca_BR.zip
V01405,V01405,"Sexo feminino, 0 a 9 anos, Cor ou raça é parda",Cor ou Raça,Pessoas,cor_ou_raca,Agregados_por_setores_cor_ou_raca_BR.csv,CD_SETOR,https://ftp.ibge.gov.br/Censos/Censo_Demografico_2022/Agregados_por_Setores_Censitarios/Agregados_por_Setor_csv/Agregados_por_setores_cor_ou_raca_BR.zip
V01406,V01406,"Sexo feminino, 0 a 9 anos, Cor ou raça é indígena",Cor ou Raça,Pessoas,cor_ou_raca,Agregados_por_setores_cor_ou_raca_BR.csv,CD_SETOR,https://ftp.ibge.gov.br/Censos/Censo_Demografico_2022/Agregados_por_Setores_Censitarios/Agregados_por_Setor_csv/Agregados_por_setores_cor_ou_raca_BR.zip
V01407,V01407,"Sexo feminino, 10 anos ou mais, Cor ou raça é branca",Cor ou Raça,Pessoas,cor_ou_raca,Agregados_por_setores_cor_ou_raca_BR.csv,CD_SETOR,https://ftp.ibge.gov.br/Censos/Censo_Demografico_2022/Agregados_por_Setores_Censitarios/Agregados_por_Setor_csv/Agregados_por_setores_cor_ou_raca_BR.zip
V01408,V01408,"Sexo feminino, 10 anos ou mais, Cor ou raça é preta",Cor ou Raça,Pessoas,cor_ou_raca,Agregados_por_setores_cor_ou_raca_BR.csv,CD_SETOR,https://ftp.ibge.gov.br/Censos/Censo_Demografico_2022/Agregados_por_Setores_Censitarios/Agregados_por_Setor_csv/Agregados_por_setores_cor_ou_raca_BR.zip
V01409,V01409,"Sexo feminino, 10 anos ou mais, Cor ou raça é amarela",Cor ou Raça,Pessoas,cor_ou_raca,Agregados_por_setores_cor_ou_raca_BR.csv,CD_SETOR,https://ftp.ibge.gov.br/Censos/Censo_Demografico_2022/Agregados_por_Setores_Censitarios/Agregados_por_Setor_csv/Agregados_por_setores_cor_ou_raca_BR.zip
V01410,V01410,"Sexo feminino, 10 anos ou mais, Cor ou raça é parda",Cor ou Raça,Pessoas,cor_ou_raca,Agregados_por_setores_cor_ou_raca_BR.csv,CD_SETOR,https://ftp.ibge.gov.br/Censos/Censo_Demografico_2022/Agregados_por_Setores_Censitarios/Agregados_por_Setor_csv/Agregados_por_setores_cor_ou_raca_BR.zip
V01411,V01411,"Sexo feminino, 10 anos ou mais, Cor ou raça é indígena",Cor ou Raça,Pessoas,cor_ou_raca,Agregados_por_setores_cor_ou_raca_BR.csv,CD_SETOR,https://ftp.ibge.gov.br/Censos/Censo_Demografico_2022/Agregados_por_Setores_Censitarios/Agregados_por_Setor_csv/Agregados_por_setores_cor_ou_raca_BR.zip
V05000,V05000,Domicílios particulares permanentes ocupados > DOMICÍLIO EM SETOR ESCOLHIDO PARA APLICAÇÃO DO ENTORNO,Entorno urbanístico,Domicílio,entorno_domicilios,Agregados_por_setores_entorno_domicílios_BR.csv,CD_setor,https://ftp.ibge.gov.br/Censos/Censo_Demografico_2022/Agregados_por_Setores_Censitarios_Caracteristicas_urbanisticas_do_entorno_dos_domicilios/Agregados_por_Setor_csv/Agregados_por_setores_entorno_domic%c3%adlios_BR.zip
V05001,V05001,"Domicílios particulares permanentes ocupados > DOMICÍLIO EM SETOR ESCOLHIDO PARA APLICAÇÃO DO ENTORNO > DOMICÍLIOS EM FACE COM CIRCULAÇÃO DA VIA - CAMINHÃO, ÔNIBUS",Entorno urbanístico,Domicílio,entorno_domicilios,Agregados_por_setores_entorno_domicílios_BR.csv,CD_setor,https://ftp.ibge.gov.br/Censos/Censo_Demografico_2022/Agregados_por_Setores_Censitarios_Caracteristicas_urbanisticas_do_entorno_dos_domicilios/Agregados_por_Setor_csv/Agregados_por_setores_entorno_domic%c3%adlios_BR.zip
V05002,V05002,Domicílios particulares permanentes ocupados > DOMICÍLIO EM SETOR ESCOLHIDO PARA APLICAÇÃO DO ENTORNO > DOMICÍLIOS EM FACE COM CIRCULAÇÃO DA VIA - CARROS DE PASSEIO OU VAN,Entorno urbanístico,Domicílio,entorno_domicilios,Agregados_por_setores_entorno_domicílios_BR.csv,CD_setor,https://ftp.ibge.gov.br/Censos/Censo_Demografico_2022/Agregados_por_Setores_Censitarios_Caracteristicas_urbanisticas_do_entorno_dos_domicilios/Agregados_por_Setor_csv/Agregados_por_setores_entorno_domic%c3%adlios_BR.zip
V05003,V05003,"Domicílios particulares permanentes ocupados > DOMICÍLIO EM SETOR ESCOLHIDO PARA APLICAÇÃO DO ENTORNO > DOMICÍLIOS EM FACE COM CIRCULAÇÃO DA VIA - PEDESTRES, BICICLETAS E MOTOCICLETAS",Entorno urbanístico,Domicílio,entorno_domicilios,Agregados_por_setores_entorno_domicílios_BR.csv,CD_setor,https://ftp.ibge.gov.br/Censos/Censo_Demografico_2022/Agregados_por_Setores_Censitarios_Caracteristicas_urbanisticas_do_entorno_dos_domicilios/Agregados_por_Setor_csv/Agregados_por_setores_entorno_domic%c3%adlios_BR.zip
V05004,V05004,Domicílios particulares permanentes ocupados > DOMICÍLIO EM SETOR ESCOLHIDO PARA APLICAÇÃO DO ENTORNO > DOMICÍLIOS EM FACE COM CIRCULAÇÃO DA VIA - AQUAVIA,Entorno urbanístico,Domicílio,entorno_domicilios,Agregados_por_setores_entorno_domicílios_BR.csv,CD_setor,https://ftp.ibge.gov.br/Censos/Censo_Demografico_2022/Agregados_por_Setores_Censitarios_Caracteristicas_urbanisticas_do_entorno_dos_domicilios/Agregados_por_Setor_csv/Agregados_por_setores_entorno_domic%c3%adlios_BR.zip
V05005,V05005,Domicílios particulares permanentes ocupados > DOMICÍLIO EM SETOR ESCOLHIDO PARA APLICAÇÃO DO ENTORNO > DOMICÍLIOS EM FACE COM CIRCULAÇÃO DA VIA - SALTADO,Entorno urbanístico,Domicílio,entorno_domicilios,Agregados_por_setores_entorno_domicílios_BR.csv,CD_setor,https://ftp.ibge.gov.br/Censos/Censo_Demografico_2022/Agregados_por_Setores_Censitarios_Caracteristicas_urbanisticas_do_entorno_dos_domicilios/Agregados_por_Setor_csv/Agregados_por_setores_entorno_domic%c3%adlios_BR.zip
V05006,V05006,Domicílios particulares permanentes ocupados > DOMICÍLIO EM SETOR ESCOLHIDO PARA APLICAÇÃO DO ENTORNO > DOMICÍLIOS EM FACE COM VIA PAVIMENTADA - SIM,Entorno urbanístico,Domicílio,entorno_domicilios,Agregados_por_setores_entorno_domicílios_BR.csv,CD_setor,https://ftp.ibge.gov.br/Censos/Censo_Demografico_2022/Agregados_por_Setores_Censitarios_Caracteristicas_urbanisticas_do_entorno_dos_domicilios/Agregados_por_Setor_csv/Agregados_por_setores_entorno_domic%c3%adlios_BR.zip
V05007,V05007,Domicílios particulares permanentes ocupados > DOMICÍLIO EM SETOR ESCOLHIDO PARA APLICAÇÃO DO ENTORNO > DOMICÍLIOS EM FACE COM VIA PAVIMENTADA - NÃO,Entorno urbanístico,Domicílio,entorno_domicilios,Agregados_por_setores_entorno_domicílios_BR.csv,CD_setor,https://ftp.ibge.gov.br/Censos/Censo_Demografico_2022/Agregados_por_Setores_Censitarios_Caracteristicas_urbanisticas_do_entorno_dos_domicilios/Agregados_por_Setor_csv/Agregados_por_setores_entorno_domic%c3%adlios_BR.zip
V05008,V05008,Domicílios particulares permanentes ocupados > DOMICÍLIO EM SETOR ESCOLHIDO PARA APLICAÇÃO DO ENTORNO > DOMICÍLIOS EM FACE COM VIA PAVIMENTADA - NÃO DECLARADO,Entorno urbanístico,Domicílio,entorno_domicilios,Agregados_por_setores_entorno_domicílios_BR.csv,CD_setor,https://ftp.ibge.gov.br/Censos/Censo_Demografico_2022/Agregados_por_Setores_Censitarios_Caracteristicas_urbanisticas_do_entorno_dos_domicilios/Agregados_por_Setor_csv/Agregados_por_setores_entorno_domic%c3%adlios_BR.zip
V05009,V05009,Domicílios particulares permanentes ocupados > DOMICÍLIO EM SETOR ESCOLHIDO PARA APLICAÇÃO DO ENTORNO > DOMICÍLIOS EM FACE COM BUEIRO - SIM,Entorno urbanístico,Domicílio,entorno_domicilios,Agregados_por_setores_entorno_domicílios_BR.csv,CD_setor,https://ftp.ibge.gov.br/Censos/Censo_Demografico_2022/Agregados_por_Setores_Censitarios_Caracteristicas_urbanisticas_do_entorno_dos_domicilios/Agregados_por_Setor_csv/Agregados_por_setores_entorno_domic%c3%adlios_BR.zip
V05010,V05010,Domicílios particulares permanentes ocupados > DOMICÍLIO EM SETOR ESCOLHIDO PARA APLICAÇÃO DO ENTORNO > DOMICÍLIOS EM FACE COM BUEIRO - NÃO,Entorno urbanístico,Domicílio,entorno_domicilios,Agregados_por_setores_entorno_domicílios_BR.csv,CD_setor,https://ftp.ibge.gov.br/Censos/Censo_Demografico_2022/Agregados_por_Setores_Censitarios_Caracteristicas_urbanisticas_do_entorno_dos_domicilios/Agregados_por_Setor_csv/Agregados_por_setores_entorno_domic%c3%adlios_BR.zip
V05011,V05011,Domicílios particulares permanentes ocupados > DOMICÍLIO EM SETOR ESCOLHIDO PARA APLICAÇÃO DO ENTORNO > DOMICÍLIOS EM FACE COM BUEIRO - NÃO DECLARADO,Entorno urbanístico,Domicílio,entorno_domicilios,Agregados_por_setores_entorno_domicílios_BR.csv,CD_setor,https://ftp.ibge.gov.br/Censos/Censo_Demografico_2022/Agregados_por_Setores_Censitarios_Caracteristicas_urbanisticas_do_entorno_dos_domicilios/Agregados_por_Setor_csv/Agregados_por_setores_entorno_domic%c3%adlios_BR.zip
V05012,V05012,Domicílios particulares permanentes ocupados > DOMICÍLIO EM SETOR ESCOLHIDO PARA APLICAÇÃO DO ENTORNO > DOMICÍLIOS EM FACE COM ILUMINAÇÃO PÚBLICA - SIM,Entorno urbanístico,Domicílio,entorno_domicilios,Agregados_por_setores_entorno_domicílios_BR.csv,CD_setor,https://ftp.ibge.gov.br/Censos/Censo_Demografico_2022/Agregados_por_Setores_Censitarios_Caracteristicas_urbanisticas_do_entorno_dos_domicilios/Agregados_por_Setor_csv/Agregados_por_setores_entorno_domic%c3%adlios_BR.zip
V05013,V05013,Domicílios particulares permanentes ocupados > DOMICÍLIO EM SETOR ESCOLHIDO PARA APLICAÇÃO DO ENTORNO > DOMICÍLIOS EM FACE COM ILUMINAÇÃO PÚBLICA - NÃO,Entorno urbanístico,Domicílio,entorno_domicilios,Agregados_por_setores_entorno_domicílios_BR.csv,CD_setor,https://ftp.ibge.gov.br/Censos/Censo_Demografico_2022/Agregados_por_Setores_Censitarios_Caracteristicas_urbanisticas_do_entorno_dos_domicilios/Agregados_por_Setor_csv/Agregados_por_setores_entorno_domic%c3%adlios_BR.zip
V05014,V05014,Domicílios particulares permanentes ocupados > DOMICÍLIO EM SETOR ESCOLHIDO PARA APLICAÇÃO DO ENTORNO > DOMICÍLIOS EM FACE COM ILUMINAÇÃO PÚBLICA - NÃO DECLARADO,Entorno urbanístico,Domicílio,entorno_domicilios,Agregados_por_setores_entorno_domicílios_BR.csv,CD_setor,https://ftp.ibge.gov.br/Censos/Censo_Demografico_2022/Agregados_por_Setores_Censitarios_Caracteristicas_urbanisticas_do_entorno_dos_domicilios/Agregados_por_Setor_csv/Agregados_por_setores_entorno_domic%c3%adlios_BR.zip
V05015,V05015,Domicílios particulares permanentes ocupados > DOMICÍLIO EM SETOR ESCOLHIDO PARA APLICAÇÃO DO ENTORNO > DOMICÍLIOS EM FACE COM PONTO DE ÔNIBUS - SIM,Entorno urbanístico,Domicílio,entorno_domicilios,Agregados_por_setores_entorno_domicílios_BR.csv,CD_setor,https://ftp.ibge.gov.br/Censos/Censo_Demografico_2022/Agregados_por_Setores_Censitarios_Caracteristicas_urbanisticas_do_entorno_dos_domicilios/Agregados_por_Setor_csv/Agregados_por_setores_entorno_domic%c3%adlios_BR.zip
V05016,V05016,Domicílios particulares permanentes ocupados > DOMICÍLIO EM SETOR ESCOLHIDO PARA APLICAÇÃO DO ENTORNO > DOMICÍLIOS EM FACE COM PONTO DE ÔNIBUS - NÃO,Entorno urbanístico,Domicílio,entorno_domicilios,Agregados_por_setores_entorno_domicílios_BR.csv,CD_setor,https://ftp.ibge.gov.br/Censos/Censo_Demografico_2022/Agregados_por_Setores_Censitarios_Caracteristicas_urbanisticas_do_entorno_dos_domicilios/Agregados_por_Setor_csv/Agregados_por_setores_entorno_domic%c3%adlios_BR.zip
V05017,V05017,Domicílios particulares permanentes ocupados > DOMICÍLIO EM SETOR ESCOLHIDO PARA APLICAÇÃO DO ENTORNO > DOMICÍLIOS EM FACE COM PONTO DE ÔNIBUS - NÃO DECLARADO,Entorno urbanístico,Domicílio,entorno_domicilios,Agregados_por_setores_entorno_domicílios_BR.csv,CD_setor,https://ftp.ibge.gov.br/Censos/Censo_Demografico_2022/Agregados_por_Setores_Censitarios_Caracteristicas_urbanisticas_do_entorno_dos_domicilios/Agregados_por_Setor_csv/Agregados_por_setores_entorno_domic%c3%adlios_BR.zip
V05018,V05018,Domicílios particulares permanentes ocupados > DOMICÍLIO EM SETOR ESCOLHIDO PARA APLICAÇÃO DO ENTORNO > DOMICÍLIOS EM FACE COM VIA SINALIZADA PARA BICICLETA - SIM,Entorno urbanístico,Domicílio,entorno_domicilios,Agregados_por_setores_entorno_domicílios_BR.csv,CD_setor,https://ftp.ibge.gov.br/Censos/Censo_Demografico_2022/Agregados_por_Setores_Censitarios_Caracteristicas_urbanisticas_do_entorno_dos_domicilios/Agregados_por_Setor_csv/Agregados_por_setores_entorno_domic%c3%adlios_BR.zip
V05019,V05019,Domicílios particulares permanentes ocupados > DOMICÍLIO EM SETOR ESCOLHIDO PARA APLICAÇÃO DO ENTORNO > DOMICÍLIOS EM FACE COM VIA SINALIZADA PARA BICICLETA - NÃO,Entorno urbanístico,Domicílio,entorno_domicilios,Agregados_por_setores_entorno_domicílios_BR.csv,CD_setor,https://ftp.ibge.gov.br/Censos/Censo_Demografico_2022/Agregados_por_Setores_Censitarios_Caracteristicas_urbanisticas_do_entorno_dos_domicilios/Agregados_por_Setor_csv/Agregados_por_setores_entorno_domic%c3%adlios_BR.zip
V05020,V05020,Domicílios particulares permanentes ocupados > DOMICÍLIO EM SETOR ESCOLHIDO PARA APLICAÇÃO DO ENTORNO > DOMICÍLIOS EM FACE COM VIA SINALIZADA PARA BICICLETA - NÃO DECLARADO,Entorno urbanístico,Domicílio,entorno_domicilios,Agregados_por_setores_entorno_domicílios_BR.csv,CD_setor,https://ftp.ibge.gov.br/Censos/Censo_Demografico_2022/Agregados_por_Setores_Censitarios_Caracteristicas_urbanisticas_do_entorno_dos_domicilios/Agregados_por_Setor_csv/Agregados_por_setores_entorno_domic%c3%adlios_BR.zip
V05021,V05021,Domicílios particulares permanentes ocupados > DOMICÍLIO EM SETOR ESCOLHIDO PARA APLICAÇÃO DO ENTORNO > DOMICÍLIOS EM FACE COM CALÇADA - SIM,Entorno urbanístico,Domicílio,entorno_domicilios,Agregados_por_setores_entorno_domicílios_BR.csv,CD_setor,https://ftp.ibge.gov.br/Censos/Censo_Demografico_2022/Agregados_por_Setores_Censitarios_Caracteristicas_urbanisticas_do_entorno_dos_domicilios/Agregados_por_Setor_csv/Agregados_por_setores_entorno_domic%c3%adlios_BR.zip
V05022,V05022,Domicílios particulares permanentes ocupados > DOMICÍLIO EM SETOR ESCOLHIDO PARA APLICAÇÃO DO ENTORNO > DOMICÍLIOS EM FACE COM CALÇADA - NÃO,Entorno urbanístico,Domicílio,entorno_domicilios,Agregados_por_setores_entorno_domicílios_BR.csv,CD_setor,https://ftp.ibge.gov.br/Censos/Censo_Demografico_2022/Agregados_por_Setores_Censitarios_Caracteristicas_urbanisticas_do_entorno_dos_domicilios/Agregados_por_Setor_csv/Agregados_por_setores_entorno_domic%c3%adlios_BR.zip
V05023,V05023,Domicílios particulares permanentes ocupados > DOMICÍLIO EM SETOR ESCOLHIDO PARA APLICAÇÃO DO ENTORNO > DOMICÍLIOS EM FACE COM CALÇADA - NÃO DECLARADO,Entorno urbanístico,Domicílio,entorno_domicilios,Agregados_por_setores_entorno_domicílios_BR.csv,CD_setor,https://ftp.ibge.gov.br/Censos/Censo_Demografico_2022/Agregados_por_Setores_Censitarios_Caracteristicas_urbanisticas_do_entorno_dos_domicilios/Agregados_por_Setor_csv/Agregados_por_setores_entorno_domic%c3%adlios_BR.zip
V05024,V05024,Domicílios particulares permanentes ocupados > DOMICÍLIO EM SETOR ESCOLHIDO PARA APLICAÇÃO DO ENTORNO > DOMICÍLIOS EM FACE COM OBSTÁCULO NA CALÇADA - SIM,Entorno urbanístico,Domicílio,entorno_domicilios,Agregados_por_setores_entorno_domicílios_BR.csv,CD_setor,https://ftp.ibge.gov.br/Censos/Censo_Demografico_2022/Agregados_por_Setores_Censitarios_Caracteristicas_urbanisticas_do_entorno_dos_domicilios/Agregados_por_Setor_csv/Agregados_por_setores_entorno_domic%c3%adlios_BR.zip
V05025,V05025,Domicílios particulares permanentes ocupados > DOMICÍLIO EM SETOR ESCOLHIDO PARA APLICAÇÃO DO ENTORNO > DOMICÍLIOS EM FACE COM OBSTÁCULO NA CALÇADA - NÃO,Entorno urbanístico,Domicílio,entorno_domicilios,Agregados_por_setores_entorno_domicílios_BR.csv,CD_setor,https://ftp.ibge.gov.br/Censos/Censo_Demografico_2022/Agregados_por_Setores_Censitarios_Caracteristicas_urbanisticas_do_entorno_dos_domicilios/Agregados_por_Setor_csv/Agregados_por_setores_entorno_domic%c3%adlios_BR.zip
V05026,V05026,Domicílios particulares permanentes ocupados > DOMICÍLIO EM SETOR ESCOLHIDO PARA APLICAÇÃO DO ENTORNO > DOMICÍLIOS EM FACE COM OBSTÁCULO NA CALÇADA - NÃO DECLARADO,Entorno urbanístico,Domicílio,entorno_domicilios,Agregados_por_setores_entorno_domicílios_BR.csv,CD_setor,https://ftp.ibge.gov.br/Censos/Censo_Demografico_2022/Agregados_por_Setores_Censitarios_Caracteristicas_urbanisticas_do_entorno_dos_domicilios/Agregados_por_Setor_csv/Agregados_por_setores_entorno_domic%c3%adlios_BR.zip
V05027,V05027,Domicílios particulares permanentes ocupados > DOMICÍLIO EM SETOR ESCOLHIDO PARA APLICAÇÃO DO ENTORNO > DOMICÍLIOS EM FACE COM RAMPA PARA CADEIRANTE - SIM,Entorno urbanístico,Domicílio,entorno_domicilios,Agregados_por_setores_entorno_domicílios_BR.csv,CD_setor,https://ftp.ibge.gov.br/Censos/Censo_Demografico_2022/Agregados_por_Setores_Censitarios_Caracteristicas_urbanisticas_do_entorno_dos_domicilios/Agregados_por_Setor_csv/Agregados_por_setores_entorno_domic%c3%adlios_BR.zip
V05028,V05028,Domicílios particulares permanentes ocupados > DOMICÍLIO EM SETOR ESCOLHIDO PARA APLICAÇÃO DO ENTORNO > DOMICÍLIOS EM FACE COM RAMPA PARA CADEIRANTE - NÃO,Entorno urbanístico,Domicílio,entorno_domicilios,Agregados_por_setores_entorno_domicílios_BR.csv,CD_setor,https://ftp.ibge.gov.br/Censos/Censo_Demografico_2022/Agregados_por_Setores_Censitarios_Caracteristicas_urbanisticas_do_entorno_dos_domicilios/Agregados_por_Setor_csv/Agregados_por_setores_entorno_domic%c3%adlios_BR.zip
V05029,V05029,Domicílios particulares permanentes ocupados > DOMICÍLIO EM SETOR ESCOLHIDO PARA APLICAÇÃO DO ENTORNO > DOMICÍLIOS EM FACE COM RAMPA PARA CADEIRANTE - NÃO DECLARADO,Entorno urbanístico,Domicílio,entorno_domicilios,Agregados_por_setores_entorno_domicílios_BR.csv,CD_setor,https://ftp.ibge.gov.br/Censos/Censo_Demografico_2022/Agregados_por_Setores_Censitarios_Caracteristicas_urbanisticas_do_entorno_dos_domicilios/Agregados_por_Setor_csv/Agregados_por_setores_entorno_domic%c3%adlios_BR.zip
V05030,V05030,Domicílios particulares permanentes ocupados > DOMICÍLIO EM SETOR ESCOLHIDO PARA APLICAÇÃO DO ENTORNO > DOMICÍLIOS EM FACE COM ARBORIZAÇÃO - SEM ÁRVORES,Entorno urbanístico,Domicílio,entorno_domicilios,Agregados_por_setores_entorno_domicílios_BR.csv,CD_setor,https://ftp.ibge.gov.br/Censos/Censo_Demografico_2022/Agregados_por_Setores_Censitarios_Caracteristicas_urbanisticas_do_entorno_dos_domicilios/Agregados_por_Setor_csv/Agregados_por_setores_entorno_domic%c3%adlios_BR.zip
V05031,V05031,Domicílios particulares permanentes ocupados > DOMICÍLIO EM SETOR ESCOLHIDO PARA APLICAÇÃO DO ENTORNO > DOMICÍLIOS EM FACE COM ARBORIZAÇÃO - DE 1 A 2 ÁRVORES,Entorno urbanístico,Domicílio,entorno_domicilios,Agregados_por_setores_entorno_domicílios_BR.csv,CD_setor,https://ftp.ibge.gov.br/Censos/Censo_Demografico_2022/Agregados_por_Setores_Censitarios_Caracteristicas_urbanisticas_do_entorno_dos_domicilios/Agregados_por_Setor_csv/Agregados_por_setores_entorno_domic%c3%adlios_BR.zip
V05032,V05032,Domicílios particulares permanentes ocupados > DOMICÍLIO EM SETOR ESCOLHIDO PARA APLICAÇÃO DO ENTORNO > DOMICÍLIOS EM FACE COM ARBORIZAÇÃO - DE 3 A 4 ÁRVORES,Entorno urbanístico,Domicílio,entorno_domicilios,Agregados_por_setores_entorno_domicílios_BR.csv,CD_setor,https://ftp.ibge.gov.br/Censos/Censo_Demografico_2022/Agregados_por_Setores_Censitarios_Caracteristicas_urbanisticas_do_entorno_dos_domicilios/Agregados_por_Setor_csv/Agregados_por_setores_entorno_domic%c3%adlios_BR.zip
V05033,V05033,Domicílios particulares permanentes ocupados > DOMICÍLIO EM SETOR ESCOLHIDO PARA APLICAÇÃO DO ENTORNO > DOMICÍLIOS EM FACE COM ARBORIZAÇÃO - 5 OU MAIS ÁRVORES,Entorno urbanístico,Domicílio,entorno_domicilios,Agregados_por_setores_entorno_domicílios_BR.csv,CD_setor,https://ftp.ibge.gov.br/Censos/Censo_Demografico_2022/Agregados_por_Setores_Censitarios_Caracteristicas_urbanisticas_do_entorno_dos_domicilios/Agregados_por_Setor_csv/Agregados_por_setores_entorno_domic%c3%adlios_BR.zip
V05034,V05034,Domicílios particulares permanentes ocupados > DOMICÍLIO EM SETOR ESCOLHIDO PARA APLICAÇÃO DO ENTORNO > DOMICÍLIOS EM FACE COM ARBORIZAÇÃO - SALTADO,Entorno urbanístico,Domicílio,entorno_domicilios,Agregados_por_setores_entorno_domicílios_BR.csv,CD_setor,https://ftp.ibge.gov.br/Censos/Censo_Demografico_2022/Agregados_por_Setores_Censitarios_Caracteristicas_urbanisticas_do_entorno_dos_domicilios/Agregados_por_Setor_csv/Agregados_por_setores_entorno_domic%c3%adlios_BR.zip
V05400,V05400,FACES NO SETOR,Entorno urbanístico,Face de quadra,entorno_faces,Agregados_por_setores_entorno_faces_BR.csv,COD_SETOR_M22FINAL,https://ftp.ibge.gov.br/Censos/Censo_Demografico_2022/Agregados_por_Setores_Censitarios_Caracteristicas_urbanisticas_do_entorno_dos_domicilios/Agregados_por_Setor_csv/Agregados_por_setores_entorno_faces_BR.zip
V05401,V05401,"FACE COM CIRCULAÇÃO DA VIA - CAMINHÃO, ÔNIBUS",Entorno urbanístico,Face de quadra,entorno_faces,Agregados_por_setores_entorno_faces_BR.csv,COD_SETOR_M22FINAL,https://ftp.ibge.gov.br/Censos/Censo_Demografico_2022/Agregados_por_Setores_Censitarios_Caracteristicas_urbanisticas_do_entorno_dos_domicilios/Agregados_por_Setor_csv/Agregados_por_setores_entorno_faces_BR.zip
V05402,V05402,FACE COM CIRCULAÇÃO DA VIA - CARROS DE PASSEIO OU VAN,Entorno urbanístico,Face de quadra,entorno_faces,Agregados_por_setores_entorno_faces_BR.csv,COD_SETOR_M22FINAL,https://ftp.ibge.gov.br/Censos/Censo_Demografico_2022/Agregados_por_Setores_Censitarios_Caracteristicas_urbanisticas_do_entorno_dos_domicilios/Agregados_por_Setor_csv/Agregados_por_setores_entorno_faces_BR.zip
V05403,V05403,"FACE COM CIRCULAÇÃO DA VIA - PEDESTRES, BICICLETAS E MOTOCICLETAS",Entorno urbanístico,Face de quadra,entorno_faces,Agregados_por_setores_entorno_faces_BR.csv,COD_SETOR_M22FINAL,https://ftp.ibge.gov.br/Censos/Censo_Demografico_2022/Agregados_por_Setores_Censitarios_Caracteristicas_urbanisticas_do_entorno_dos_domicilios/Agregados_por_Setor_csv/Agregados_por_setores_entorno_faces_BR.zip
V05404,V05404,FACE COM CIRCULAÇÃO DA VIA - AQUAVIA,Entorno urbanístico,Face de quadra,entorno_faces,Agregados_por_setores_entorno_faces_BR.csv,COD_SETOR_M22FINAL,https://ftp.ibge.gov.br/Censos/Censo_Demografico_2022/Agregados_por_Setores_Censitarios_Caracteristicas_urbanisticas_do_entorno_dos_domicilios/Agregados_por_Setor_csv/Agregados_por_setores_entorno_faces_BR.zip
V05405,V05405,FACE COM CIRCULAÇÃO DA VIA - SALTADO,Entorno urbanístico,Face de quadra,entorno_faces,Agregados_por_setores_entorno_faces_BR.csv,COD_SETOR_M22FINAL,https://ftp.ibge.gov.br/Censos/Censo_Demografico_2022/Agregados_por_Setores_Censitarios_Caracteristicas_urbanisticas_do_entorno_dos_domicilios/Agregados_por_Setor_csv/Agregados_por_setores_entorno_faces_BR.zip
V05406,V05406,FACE COM VIA PAVIMENTADA - SIM,Entorno urbanístico,Face de quadra,entorno_faces,Agregados_por_setores_entorno_faces_BR.csv,COD_SETOR_M22FINAL,https://ftp.ibge.gov.br/Censos/Censo_Demografico_2022/Agregados_por_Setores_Censitarios_Caracteristicas_urbanisticas_do_entorno_dos_domicilios/Agregados_por_Setor_csv/Agregados_por_setores_entorno_faces_BR.zip
V05407,V05407,FACE COM VIA PAVIMENTADA - NÃO,Entorno urbanístico,Face de quadra,entorno_faces,Agregados_por_setores_entorno_faces_BR.csv,COD_SETOR_M22FINAL,https://ftp.ibge.gov.br/Censos/Censo_Demografico_2022/Agregados_por_Setores_Censitarios_Caracteristicas_urbanisticas_do_entorno_dos_domicilios/Agregados_por_Setor_csv/Agregados_por_setores_entorno_faces_BR.zip
V05408,V05408,FACE COM VIA PAVIMENTADA - NÃO DECLARADO,Entorno urbanístico,Face de quadra,entorno_faces,Agregados_por_setores_entorno_faces_BR.csv,COD_SETOR_M22FINAL,https://ftp.ibge.gov.br/Censos/Censo_Demografico_2022/Agregados_por_Setores_Censitarios_Caracteristicas_urbanisticas_do_entorno_dos_domicilios/Agregados_por_Setor_csv/Agregados_por_setores_entorno_faces_BR.zip
V05409,V05409,FACE COM BUEIRO - SIM,Entorno urbanístico,Face de quadra,entorno_faces,Agregados_por_setores_entorno_faces_BR.csv,COD_SETOR_M22FINAL,https://ftp.ibge.gov.br/Censos/Censo_Demografico_2022/Agregados_por_Setores_Censitarios_Caracteristicas_urbanisticas_do_entorno_dos_domicilios/Agregados_por_Setor_csv/Agregados_por_setores_entorno_faces_BR.zip
V05410,V05410,FACE COM BUEIRO - NÃO,Entorno urbanístico,Face de quadra,entorno_faces,Agregados_por_setores_entorno_faces_BR.csv,COD_SETOR_M22FINAL,https://ftp.ibge.gov.br/Censos/Censo_Demografico_2022/Agregados_por_Setores_Censitarios_Caracteristicas_urbanisticas_do_entorno_dos_domicilios/Agregados_por_Setor_csv/Agregados_por_setores_entorno_faces_BR.zip
V05411,V05411,FACE COM BUEIRO - NÃO DECLARADO,Entorno urbanístico,Face de quadra,entorno_faces,Agregados_por_setores_entorno_faces_BR.csv,COD_SETOR_M22FINAL,https://ftp.ibge.gov.br/Censos/Censo_Demografico_2022/Agregados_por_Setores_Censitarios_Caracteristicas_urbanisticas_do_entorno_dos_domicilios/Agregados_por_Setor_csv/Agregados_por_setores_entorno_faces_BR.zip
V05412,V05412,FACE COM ILUMINAÇÃO PÚBLICA - SIM,Entorno urbanístico,Face de quadra,entorno_faces,Agregados_por_setores_entorno_faces_BR.csv,COD_SETOR_M22FINAL,https://ftp.ibge.gov.br/Censos/Censo_Demografico_2022/Agregados_por_Setores_Censitarios_Caracteristicas_urbanisticas_do_entorno_dos_domicilios/Agregados_por_Setor_csv/Agregados_por_setores_entorno_faces_BR.zip
V05413,V05413,FACE COM ILUMINAÇÃO PÚBLICA - NÃO,Entorno urbanístico,Face de quadra,entorno_faces,Agregados_por_setores_entorno_faces_BR.csv,COD_SETOR_M22FINAL,https://ftp.ibge.gov.br/Censos/Censo_Demografico_2022/Agregados_por_Setores_Censitarios_Caracteristicas_urbanisticas_do_entorno_dos_domicilios/Agregados_por_Setor_csv/Agregados_por_setores_entorno_faces_BR.zip
V05414,V05414,FACE COM ILUMINAÇÃO PÚBLICA - NÃO DECLARADO,Entorno urbanístico,Face de quadra,entorno_faces,Agregados_por_setores_entorno_faces_BR.csv,COD_SETOR_M22FINAL,https://ftp.ibge.gov.br/Censos/Censo_Demografico_2022/Agregados_por_Setores_Censitarios_Caracteristicas_urbanisticas_do_entorno_dos_domicilios/Agregados_por_Setor_csv/Agregados_por_setores_entorno_faces_BR.zip
V05415,V05415,FACE COM PONTO DE ÔNIBUS - SIM,Entorno urbanístico,Face de quadra,entorno_faces,Agregados_por_setores_entorno_faces_BR.csv,COD_SETOR_M22FINAL,https://ftp.ibge.gov.br/Censos/Censo_Demografico_2022/Agregados_por_Setores_Censitarios_Caracteristicas_urbanisticas_do_entorno_dos_domicilios/Agregados_por_Setor_csv/Agregados_por_setores_entorno_faces_BR.zip
V05416,V05416,FACE COM PONTO DE ÔNIBUS - NÃO,Entorno urbanístico,Face de quadra,entorno_faces,Agregados_por_setores_entorno_faces_BR.csv,COD_SETOR_M22FINAL,https://ftp.ibge.gov.br/Censos/Censo_Demografico_2022/Agregados_por_Setores_Censitarios_Caracteristicas_urbanisticas_do_entorno_dos_domicilios/Agregados_por_Setor_csv/Agregados_por_setores_entorno_faces_BR.zip
V05417,V05417,FACE COM PONTO DE ÔNIBUS - NÃO DECLARADO,Entorno urbanístico,Face de quadra,entorno_faces,Agregados_por_setores_entorno_faces_BR.csv,COD_SETOR_M22FINAL,https://ftp.ibge.gov.br/Censos/Censo_Demografico_2022/Agregados_por_Setores_Censitarios_Caracteristicas_urbanisticas_do_entorno_dos_domicilios/Agregados_por_Setor_csv/Agregados_por_setores_entorno_faces_BR.zip
V05418,V05418,FACE COM VIA SINALIZADA PARA BICICLETA - SIM,Entorno urbanístico,Face de quadra,entorno_faces,Agregados_por_setores_entorno_faces_BR.csv,COD_SETOR_M22FINAL,https://ftp.ibge.gov.br/Censos/Censo_Demografico_2022/Agregados_por_Setores_Censitarios_Caracteristicas_urbanisticas_do_entorno_dos_domicilios/Agregados_por_Setor_csv/Agregados_por_setores_entorno_faces_BR.zip
V05419,V05419,FACE COM VIA SINALIZADA PARA BICICLETA - NÃO,Entorno urbanístico,Face de quadra,entorno_faces,Agregados_por_setores_entorno_faces_BR.csv,COD_SETOR_M22FINAL,https://ftp.ibge.gov.br/Censos/Censo_Demografico_2022/Agregados_por_Setores_Censitarios_Caracteristicas_urbanisticas_do_entorno_dos_domicilios/Agregados_por_Setor_csv/Agregados_por_setores_entorno_faces_BR.zip
V05420,V05420,FACE COM VIA SINALIZADA PARA BICICLETA - NÃO DECLARADO,Entorno urbanístico,Face de quadra,entorno_faces,Agregados_por_setores_entorno_faces_BR.csv,COD_SETOR_M22FINAL,https://ftp.ibge.gov.br/Censos/Censo_Demografico_2022/Agregados_por_Setores_Censitarios_Caracteristicas_urbanisticas_do_entorno_dos_domicilios/Agregados_por_Setor_csv/Agregados_por_setores_entorno_faces_BR.zip
V05421,V05421,FACE COM CALÇADA - SIM,Entorno urbanístico,Face de quadra,entorno_faces,Agregados_por_setores_entorno_faces_BR.csv,COD_SETOR_M22FINAL,https://ftp.ibge.gov.br/Censos/Censo_Demografico_2022/Agregados_por_Setores_Censitarios_Caracteristicas_urbanisticas_do_entorno_dos_domicilios/Agregados_por_Setor_csv/Agregados_por_setores_entorno_faces_BR.zip
V05422,V05422,FACE COM CALÇADA - NÃO,Entorno urbanístico,Face de quadra,entorno_faces,Agregados_por_setores_entorno_faces_BR.csv,COD_SETOR_M22FINAL,https://ftp.ibge.gov.br/Censos/Censo_Demografico_2022/Agregados_por_Setores_Censitarios_Caracteristicas_urbanisticas_do_entorno_dos_domicilios/Agregados_por_Setor_csv/Agregados_por_setores_entorno_faces_BR.zip
V05423,V05423,FACE COM CALÇADA - NÃO DECLARADO,Entorno urbanístico,Face de quadra,entorno_faces,Agregados_por_setores_entorno_faces_BR.csv,COD_SETOR_M22FINAL,https://ftp.ibge.gov.br/Censos/Censo_Demografico_2022/Agregados_por_Setores_Censitarios_Caracteristicas_urbanisticas_do_entorno_dos_domicilios/Agregados_por_Setor_csv/Agregados_por_setores_entorno_faces_BR.zip
V05424,V05424,FACE COM OBSTÁCULO NA CALÇADA - SIM,Entorno urbanístico,Face de quadra,entorno_faces,Agregados_por_setores_entorno_faces_BR.csv,COD_SETOR_M22FINAL,https://ftp.ibge.gov.br/Censos/Censo_Demografico_2022/Agregados_por_Setores_Censitarios_Caracteristicas_urbanisticas_do_entorno_dos_domicilios/Agregados_por_Setor_csv/Agregados_por_setores_entorno_faces_BR.zip
V05425,V05425,FACE COM OBSTÁCULO NA CALÇADA - NÃO,Entorno urbanístico,Face de quadra,entorno_faces,Agregados_por_setores_entorno_faces_BR.csv,COD_SETOR_M22FINAL,https://ftp.ibge.gov.br/Censos/Censo_Demografico_2022/Agregados_por_Setores_Censitarios_Caracteristicas_urbanisticas_do_entorno_dos_domicilios/Agregados_por_Setor_csv/Agregados_por_setores_entorno_faces_BR.zip
V05426,V05426,FACE COM OBSTÁCULO NA CALÇADA - NÃO DECLARADO,Entorno urbanístico,Face de quadra,entorno_faces,Agregados_por_setores_entorno_faces_BR.csv,COD_SETOR_M22FINAL,https://ftp.ibge.gov.br/Censos/Censo_Demografico_2022/Agregados_por_Setores_Censitarios_Caracteristicas_urbanisticas_do_entorno_dos_domicilios/Agregados_por_Setor_csv/Agregados_por_setores_entorno_faces_BR.zip
V05427,V05427,FACE COM RAMPA PARA CADEIRANTE - SIM,Entorno urbanístico,Face de quadra,entorno_faces,Agregados_por_setores_entorno_faces_BR.csv,COD_SETOR_M22FINAL,https://ftp.ibge.gov.br/Censos/Censo_Demografico_2022/Agregados_por_Setores_Censitarios_Caracteristicas_urbanisticas_do_entorno_dos_domicilios/Agregados_por_Setor_csv/Agregados_por_setores_entorno_faces_BR.zip
V05428,V05428,FACE COM RAMPA PARA CADEIRANTE - NÃO,Entorno urbanístico,Face de quadra,entorno_faces,Agregados_por_setores_entorno_faces_BR.csv,COD_SETOR_M22FINAL,https://ftp.ibge.gov.br/Censos/Censo_Demografico_2022/Agregados_por_Setores_Censitarios_Caracteristicas_urbanisticas_do_entorno_dos_domicilios/Agregados_por_Setor_csv/Agregados_por_setores_entorno_faces_BR.zip
V05429,V05429,FACE COM RAMPA PARA CADEIRANTE - NÃO DECLARADO,Entorno urbanístico,Face de quadra,entorno_faces,Agregados_por_setores_entorno_faces_BR.csv,COD_SETOR_M22FINAL,https://ftp.ibge.gov.br/Censos/Censo_Demografico_2022/Agregados_por_Setores_Censitarios_Caracteristicas_urbanisticas_do_entorno_dos_domicilios/Agregados_por_Setor_csv/Agregados_por_setores_entorno_faces_BR.zip
V05430,V05430,FACE COM ARBORIZAÇÃO - SEM ÁRVORES,Entorno urbanístico,Face de quadra,entorno_faces,Agregados_por_setores_entorno_faces_BR.csv,COD_SETOR_M22FINAL,https://ftp.ibge.gov.br/Censos/Censo_Demografico_2022/Agregados_por_Setores_Censitarios_Caracteristicas_urbanisticas_do_entorno_dos_domicilios/Agregados_por_Setor_csv/Agregados_por_setores_entorno_faces_BR.zip
V05431,V05431,FACE COM ARBORIZAÇÃO - DE 1 A 2 ÁRVORES,Entorno urbanístico,Face de quadra,entorno_faces,Agregados_por_setores_entorno_faces_BR.csv,COD_SETOR_M22FINAL,https://ftp.ibge.gov.br/Censos/Censo_Demografico_2022/Agregados_por_Setores_Censitarios_Caracteristicas_urbanisticas_do_entorno_dos_domicilios/Agregados_por_Setor_csv/Agregados_por_setores_entorno_faces_BR.zip
V05432,V05432,FACE COM ARBORIZAÇÃO - DE 3 A 4 ÁRVORES,Entorno urbanístico,Face de quadra,entorno_faces,Agregados_por_setores_entorno_faces_BR.csv,COD_SETOR_M22FINAL,https://ftp.ibge.gov.br/Censos/Censo_Demografico_2022/Agregados_por_Setores_Censitarios_Caracteristicas_urbanisticas_do_entorno_dos_domicilios/Agregados_por_Setor_csv/Agregados_por_setores_entorno_faces_BR.zip
V05433,V05433,FACE COM ARBORIZAÇÃO - 5 OU MAIS ÁRVORES,Entorno urbanístico,Face de quadra,entorno_faces,Agregados_por_setores_entorno_faces_BR.csv,COD_SETOR_M22FINAL,https://ftp.ibge.gov.br/Censos/Censo_Demografico_2022/Agregados_por_Setores_Censitarios_Caracteristicas_urbanisticas_do_entorno_dos_domicilios/Agregados_por_Setor_csv/Agregados_por_setores_entorno_faces_BR.zip
V05434,V05434,FACE COM ARBORIZAÇÃO - SALTADO,Entorno urbanístico,Face de quadra,entorno_faces,Agregados_por_setores_entorno_faces_BR.csv,COD_SETOR_M22FINAL,https://ftp.ibge.gov.br/Censos/Censo_Demografico_2022/Agregados_por_Setores_Censitarios_Caracteristicas_urbanisticas_do_entorno_dos_domicilios/Agregados_por_Setor_csv/Agregados_por_setores_entorno_faces_BR.zip
V05200,V05200,QUANTIDADE DE MORADORES > Domicílios particulares permanentes ocupados > DOMICÍLIO EM SETOR ESCOLHIDO PARA APLICAÇÃO DO ENTORNO,Entorno urbanístico,Pessoa,entorno_moradores,Agregados_por_setores_entorno_moradores_BR.csv,CD_setor,https://ftp.ibge.gov.br/Censos/Censo_Demografico_2022/Agregados_por_Setores_Censitarios_Caracteristicas_urbanisticas_do_entorno_dos_domicilios/Agregados_por_Setor_csv/Agregados_por_setores_entorno_moradores_BR.zip
V05201,V05201,"QUANTIDADE DE MORADORES > Domicílios particulares permanentes ocupados > DOMICÍLIO EM SETOR ESCOLHIDO PARA APLICAÇÃO DO ENTORNO > DOMICÍLIOS EM FACE COM CIRCULAÇÃO DA VIA - CAMINHÃO, ÔNIBUS",Entorno urbanístico,Pessoa,entorno_moradores,Agregados_por_setores_entorno_moradores_BR.csv,CD_setor,https://ftp.ibge.gov.br/Censos/Censo_Demografico_2022/Agregados_por_Setores_Censitarios_Caracteristicas_urbanisticas_do_entorno_dos_domicilios/Agregados_por_Setor_csv/Agregados_por_setores_entorno_moradores_BR.zip
V05202,V05202,QUANTIDADE DE MORADORES > Domicílios particulares permanentes ocupados > DOMICÍLIO EM SETOR ESCOLHIDO PARA APLICAÇÃO DO ENTORNO > DOMICÍLIOS EM FACE COM CIRCULAÇÃO DA VIA - CARROS DE PASSEIO OU VAN,Entorno urbanístico,Pessoa,entorno_moradores,Agregados_por_setores_entorno_moradores_BR.csv,CD_setor,https://ftp.ibge.gov.br/Censos/Censo_Demografico_2022/Agregados_por_Setores_Censitarios_Caracteristicas_urbanisticas_do_entorno_dos_domicilios/Agregados_por_Setor_csv/Agregados_por_setores_entorno_moradores_BR.zip
V05203,V05203,"QUANTIDADE DE MORADORES > Domicílios particulares permanentes ocupados > DOMICÍLIO EM SETOR ESCOLHIDO PARA APLICAÇÃO DO ENTORNO > DOMICÍLIOS EM FACE COM CIRCULAÇÃO DA VIA - PEDESTRES, BICICLETAS E MOTOCICLETAS",Entorno urbanístico,Pessoa,entorno_moradores,Agregados_por_setores_entorno_moradores_BR.csv,CD_setor,https://ftp.ibge.gov.br/Censos/Censo_Demografico_2022/Agregados_por_Setores_Censitarios_Caracteristicas_urbanisticas_do_entorno_dos_domicilios/Agregados_por_Setor_csv/Agregados_por_setores_entorno_moradores_BR.zip
V05204,V05204,QUANTIDADE DE MORADORES > Domicílios particulares permanentes ocupados > DOMICÍLIO EM SETOR ESCOLHIDO PARA APLICAÇÃO DO ENTORNO > DOMICÍLIOS EM FACE COM CIRCULAÇÃO DA VIA - AQUAVIA,Entorno urbanístico,Pessoa,entorno_moradores,Agregados_por_setores_entorno_moradores_BR.csv,CD_setor,https://ftp.ibge.gov.br/Censos/Censo_Demografico_2022/Agregados_por_Setores_Censitarios_Caracteristicas_urbanisticas_do_entorno_dos_domicilios/Agregados_por_Setor_csv/Agregados_por_setores_entorno_moradores_BR.zip
V05205,V05205,QUANTIDADE DE MORADORES > Domicílios particulares permanentes ocupados > DOMICÍLIO EM SETOR ESCOLHIDO PARA APLICAÇÃO DO ENTORNO > DOMICÍLIOS EM FACE COM CIRCULAÇÃO DA VIA - SALTADO,Entorno urbanístico,Pessoa,entorno_moradores,Agregados_por_setores_entorno_moradores_BR.csv,CD_setor,https://ftp.ibge.gov.br/Censos/Censo_Demografico_2022/Agregados_por_Setores_Censitarios_Caracteristicas_urbanisticas_do_entorno_dos_domicilios/Agregados_por_Setor_csv/Agregados_por_setores_entorno_moradores_BR.zip
V05206,V05206,QUANTIDADE DE MORADORES > Domicílios particulares permanentes ocupados > DOMICÍLIO EM SETOR ESCOLHIDO PARA APLICAÇÃO DO ENTORNO > DOMICÍLIOS EM FACE COM VIA PAVIMENTADA - SIM,Entorno urbanístico,Pessoa,entorno_moradores,Agregados_por_setores_entorno_moradores_BR.csv,CD_setor,https://ftp.ibge.gov.br/Censos/Censo_Demografico_2022/Agregados_por_Setores_Censitarios_Caracteristicas_urbanisticas_do_entorno_dos_domicilios/Agregados_por_Setor_csv/Agregados_por_setores_entorno_moradores_BR.zip
V05207,V05207,QUANTIDADE DE MORADORES > Domicílios particulares permanentes ocupados > DOMICÍLIO EM SETOR ESCOLHIDO PARA APLICAÇÃO DO ENTORNO > DOMICÍLIOS EM FACE COM VIA PAVIMENTADA - NÃO,Entorno urbanístico,Pessoa,entorno_moradores,Agregados_por_setores_entorno_moradores_BR.csv,CD_setor,https://ftp.ibge.gov.br/Censos/Censo_Demografico_2022/Agregados_por_Setores_Censitarios_Caracteristicas_urbanisticas_do_entorno_dos_domicilios/Agregados_por_Setor_csv/Agregados_por_setores_entorno_moradores_BR.zip
V05208,V05208,QUANTIDADE DE MORADORES > Domicílios particulares permanentes ocupados > DOMICÍLIO EM SETOR ESCOLHIDO PARA APLICAÇÃO DO ENTORNO > DOMICÍLIOS EM FACE COM VIA PAVIMENTADA - NÃO DECLARADO,Entorno urbanístico,Pessoa,entorno_moradores,Agregados_por_setores_entorno_moradores_BR.csv,CD_setor,https://ftp.ibge.gov.br/Censos/Censo_Demografico_2022/Agregados_por_Setores_Censitarios_Caracteristicas_urbanisticas_do_entorno_dos_domicilios/Agregados_por_Setor_csv/Agregados_por_setores_entorno_moradores_BR.zip
V05209,V05209,QUANTIDADE DE MORADORES > Domicílios particulares permanentes ocupados > DOMICÍLIO EM SETOR ESCOLHIDO PARA APLICAÇÃO DO ENTORNO > DOMICÍLIOS EM FACE COM BUEIRO - SIM,Entorno urbanístico,Pessoa,entorno_moradores,Agregados_por_setores_entorno_moradores_BR.csv,CD_setor,https://ftp.ibge.gov.br/Censos/Censo_Demografico_2022/Agregados_por_Setores_Censitarios_Caracteristicas_urbanisticas_do_entorno_dos_domicilios/Agregados_por_Setor_csv/Agregados_por_setores_entorno_moradores_BR.zip
V05210,V05210,QUANTIDADE DE MORADORES > Domicílios particulares permanentes ocupados > DOMICÍLIO EM SETOR ESCOLHIDO PARA APLICAÇÃO DO ENTORNO > DOMICÍLIOS EM FACE COM BUEIRO - NÃO,Entorno urbanístico,Pessoa,entorno_moradores,Agregados_por_setores_entorno_moradores_BR.csv,CD_setor,https://ftp.ibge.gov.br/Censos/Censo_Demografico_2022/Agregados_por_Setores_Censitarios_Caracteristicas_urbanisticas_do_entorno_dos_domicilios/Agregados_por_Setor_csv/Agregados_por_setores_entorno_moradores_BR.zip
V05211,V05211,QUANTIDADE DE MORADORES > Domicílios particulares permanentes ocupados > DOMICÍLIO EM SETOR ESCOLHIDO PARA APLICAÇÃO DO ENTORNO > DOMICÍLIOS EM FACE COM BUEIRO - NÃO DECLARADO,Entorno urbanístico,Pessoa,entorno_moradores,Agregados_por_setores_entorno_moradores_BR.csv,CD_setor,https://ftp.ibge.gov.br/Censos/Censo_Demografico_2022/Agregados_por_Setores_Censitarios_Caracteristicas_urbanisticas_do_entorno_dos_domicilios/Agregados_por_Setor_csv/Agregados_por_setores_entorno_moradores_BR.zip
V05212,V05212,QUANTIDADE DE MORADORES > Domicílios particulares permanentes ocupados > DOMICÍLIO EM SETOR ESCOLHIDO PARA APLICAÇÃO DO ENTORNO > DOMICÍLIOS EM FACE COM ILUMINAÇÃO PÚBLICA - SIM,Entorno urbanístico,Pessoa,entorno_moradores,Agregados_por_setores_entorno_moradores_BR.csv,CD_setor,https://ftp.ibge.gov.br/Censos/Censo_Demografico_2022/Agregados_por_Setores_Censitarios_Caracteristicas_urbanisticas_do_entorno_dos_domicilios/Agregados_por_Setor_csv/Agregados_por_setores_entorno_moradores_BR.zip
V05213,V05213,QUANTIDADE DE MORADORES > Domicílios particulares permanentes ocupados > DOMICÍLIO EM SETOR ESCOLHIDO PARA APLICAÇÃO DO ENTORNO > DOMICÍLIOS EM FACE COM ILUMINAÇÃO PÚBLICA - NÃO,Entorno urbanístico,Pessoa,entorno_moradores,Agregados_por_setores_entorno_moradores_BR.csv,CD_setor,https://ftp.ibge.gov.br/Censos/Censo_Demografico_2022/Agregados_por_Setores_Censitarios_Caracteristicas_urbanisticas_do_entorno_dos_domicilios/Agregados_por_Setor_csv/Agregados_por_setores_entorno_moradores_BR.zip
V05214,V05214,QUANTIDADE DE MORADORES > Domicílios particulares permanentes ocupados > DOMICÍLIO EM SETOR ESCOLHIDO PARA APLICAÇÃO DO ENTORNO > DOMICÍLIOS EM FACE COM ILUMINAÇÃO PÚBLICA - NÃO DECLARADO,Entorno urbanístico,Pessoa,entorno_moradores,Agregados_por_setores_entorno_moradores_BR.csv,CD_setor,https://ftp.ibge.gov.br/Censos/Censo_Demografico_2022/Agregados_por_Setores_Censitarios_Caracteristicas_urbanisticas_do_entorno_dos_domicilios/Agregados_por_Setor_csv/Agregados_por_setores_entorno_moradores_BR.zip
V05215,V05215,QUANTIDADE DE MORADORES > Domicílios particulares permanentes ocupados > DOMICÍLIO EM SETOR ESCOLHIDO PARA APLICAÇÃO DO ENTORNO > DOMICÍLIOS EM FACE COM PONTO DE ÔNIBUS - SIM,Entorno urbanístico,Pessoa,entorno_moradores,Agregados_por_setores_entorno_moradores_BR.csv,CD_setor,https://ftp.ibge.gov.br/Censos/Censo_Demografico_2022/Agregados_por_Setores_Censitarios_Caracteristicas_urbanisticas_do_entorno_dos_domicilios/Agregados_por_Setor_csv/Agregados_por_setores_entorno_moradores_BR.zip
V05216,V05216,QUANTIDADE DE MORADORES > Domicílios particulares permanentes ocupados > DOMICÍLIO EM SETOR ESCOLHIDO PARA APLICAÇÃO DO ENTORNO > DOMICÍLIOS EM FACE COM PONTO DE ÔNIBUS - NÃO,Entorno urbanístico,Pessoa,entorno_moradores,Agregados_por_setores_entorno_moradores_BR.csv,CD_setor,https://ftp.ibge.gov.br/Censos/Censo_Demografico_2022/Agregados_por_Setores_Censitarios_Caracteristicas_urbanisticas_do_entorno_dos_domicilios/Agregados_por_Setor_csv/Agregados_por_setores_entorno_moradores_BR.zip
V05217,V05217,QUANTIDADE DE MORADORES > Domicílios particulares permanentes ocupados > DOMICÍLIO EM SETOR ESCOLHIDO PARA APLICAÇÃO DO ENTORNO > DOMICÍLIOS EM FACE COM PONTO DE ÔNIBUS - NÃO DECLARADO,Entorno urbanístico,Pessoa,entorno_moradores,Agregados_por_setores_entorno_moradores_BR.csv,CD_setor,https://ftp.ibge.gov.br/Censos/Censo_Demografico_2022/Agregados_por_Setores_Censitarios_Caracteristicas_urbanisticas_do_entorno_dos_domicilios/Agregados_por_Setor_csv/Agregados_por_setores_entorno_moradores_BR.zip
V05218,V05218,QUANTIDADE DE MORADORES > Domicílios particulares permanentes ocupados > DOMICÍLIO EM SETOR ESCOLHIDO PARA APLICAÇÃO DO ENTORNO > DOMICÍLIOS EM FACE COM VIA SINALIZADA PARA BICICLETA - SIM,Entorno urbanístico,Pessoa,entorno_moradores,Agregados_por_setores_entorno_moradores_BR.csv,CD_setor,https://ftp.ibge.gov.br/Censos/Censo_Demografico_2022/Agregados_por_Setores_Censitarios_Caracteristicas_urbanisticas_do_entorno_dos_domicilios/Agregados_por_Setor_csv/Agregados_por_setores_entorno_moradores_BR.zip
V05219,V05219,QUANTIDADE DE MORADORES > Domicílios particulares permanentes ocupados > DOMICÍLIO EM SETOR ESCOLHIDO PARA APLICAÇÃO DO ENTORNO > DOMICÍLIOS EM FACE COM VIA SINALIZADA PARA BICICLETA - NÃO,Entorno urbanístico,Pessoa,entorno_moradores,Agregados_por_setores_entorno_moradores_BR.csv,CD_setor,https://ftp.ibge.gov.br/Censos/Censo_Demografico_2022/Agregados_por_Setores_Censitarios_Caracteristicas_urbanisticas_do_entorno_dos_domicilios/Agregados_por_Setor_csv/Agregados_por_setores_entorno_moradores_BR.zip
V05220,V05220,QUANTIDADE DE MORADORES > Domicílios particulares permanentes ocupados > DOMICÍLIO EM SETOR ESCOLHIDO PARA APLICAÇÃO DO ENTORNO > DOMICÍLIOS EM FACE COM VIA SINALIZADA PARA BICICLETA - NÃO DECLARADO,Entorno urbanístico,Pessoa,entorno_moradores,Agregados_por_setores_entorno_moradores_BR.csv,CD_setor,https://ftp.ibge.gov.br/Censos/Censo_Demografico_2022/Agregados_por_Setores_Censitarios_Caracteristicas_urbanisticas_do_entorno_dos_domicilios/Agregados_por_Setor_csv/Agregados_por_setores_entorno_moradores_BR.zip
V05221,V05221,QUANTIDADE DE MORADORES > Domicílios particulares permanentes ocupados > DOMICÍLIO EM SETOR ESCOLHIDO PARA APLICAÇÃO DO ENTORNO > DOMICÍLIOS EM FACE COM CALÇADA - SIM,Entorno urbanístico,Pessoa,entorno_moradores,Agregados_por_setores_entorno_moradores_BR.csv,CD_setor,https://ftp.ibge.gov.br/Censos/Censo_Demografico_2022/Agregados_por_Setores_Censitarios_Caracteristicas_urbanisticas_do_entorno_dos_domicilios/Agregados_por_Setor_csv/Agregados_por_setores_entorno_moradores_BR.zip
V05222,V05222,QUANTIDADE DE MORADORES > Domicílios particulares permanentes ocupados > DOMICÍLIO EM SETOR ESCOLHIDO PARA APLICAÇÃO DO ENTORNO > DOMICÍLIOS EM FACE COM CALÇADA - NÃO,Entorno urbanístico,Pessoa,entorno_moradores,Agregados_por_setores_entorno_moradores_BR.csv,CD_setor,https://ftp.ibge.gov.br/Censos/Censo_Demografico_2022/Agregados_por_Setores_Censitarios_Caracteristicas_urbanisticas_do_entorno_dos_domicilios/Agregados_por_Setor_csv/Agregados_por_setores_entorno_moradores_BR.zip
V05223,V05223,QUANTIDADE DE MORADORES > Domicílios particulares permanentes ocupados > DOMICÍLIO EM SETOR ESCOLHIDO PARA APLICAÇÃO DO ENTORNO > DOMICÍLIOS EM FACE COM CALÇADA - NÃO DECLARADO,Entorno urbanístico,Pessoa,entorno_moradores,Agregados_por_setores_entorno_moradores_BR.csv,CD_setor,https://ftp.ibge.gov.br/Censos/Censo_Demografico_2022/Agregados_por_Setores_Censitarios_Caracteristicas_urbanisticas_do_entorno_dos_domicilios/Agregados_por_Setor_csv/Agregados_por_setores_entorno_moradores_BR.zip
V05224,V05224,QUANTIDADE DE MORADORES > Domicílios particulares permanentes ocupados > DOMICÍLIO EM SETOR ESCOLHIDO PARA APLICAÇÃO DO ENTORNO > DOMICÍLIOS EM FACE COM OBSTÁCULO NA CALÇADA - SIM,Entorno urbanístico,Pessoa,entorno_moradores,Agregados_por_setores_entorno_moradores_BR.csv,CD_setor,https://ftp.ibge.gov.br/Censos/Censo_Demografico_2022/Agregados_por_Setores_Censitarios_Caracteristicas_urbanisticas_do_entorno_dos_domicilios/Agregados_por_Setor_csv/Agregados_por_setores_entorno_moradores_BR.zip
V05225,V05225,QUANTIDADE DE MORADORES > Domicílios particulares permanentes ocupados > DOMICÍLIO EM SETOR ESCOLHIDO PARA APLICAÇÃO DO ENTORNO > DOMICÍLIOS EM FACE COM OBSTÁCULO NA CALÇADA - NÃO,Entorno urbanístico,Pessoa,entorno_moradores,Agregados_por_setores_entorno_moradores_BR.csv,CD_setor,https://ftp.ibge.gov.br/Censos/Censo_Demografico_2022/Agregados_por_Setores_Censitarios_Caracteristicas_urbanisticas_do_entorno_dos_domicilios/Agregados_por_Setor_csv/Agregados_por_setores_entorno_moradores_BR.zip
V05226,V05226,QUANTIDADE DE MORADORES > Domicílios particulares permanentes ocupados > DOMICÍLIO EM SETOR ESCOLHIDO PARA APLICAÇÃO DO ENTORNO > DOMICÍLIOS EM FACE COM OBSTÁCULO NA CALÇADA - NÃO DECLARADO,Entorno urbanístico,Pessoa,entorno_moradores,Agregados_por_setores_entorno_moradores_BR.csv,CD_setor,https://ftp.ibge.gov.br/Censos/Censo_Demografico_2022/Agregados_por_Setores_Censitarios_Caracteristicas_urbanisticas_do_entorno_dos_domicilios/Agregados_por_Setor_csv/Agregados_por_setores_entorno_moradores_BR.zip
V05227,V05227,QUANTIDADE DE MORADORES > Domicílios particulares permanentes ocupados > DOMICÍLIO EM SETOR ESCOLHIDO PARA APLICAÇÃO DO ENTORNO > DOMICÍLIOS EM FACE COM RAMPA PARA CADEIRANTE - SIM,Entorno urbanístico,Pessoa,entorno_moradores,Agregados_por_setores_entorno_moradores_BR.csv,CD_setor,https://ftp.ibge.gov.br/Censos/Censo_Demografico_2022/Agregados_por_Setores_Censitarios_Caracteristicas_urbanisticas_do_entorno_dos_domicilios/Agregados_por_Setor_csv/Agregados_por_setores_entorno_moradores_BR.zip
V05228,V05228,QUANTIDADE DE MORADORES > Domicílios particulares permanentes ocupados > DOMICÍLIO EM SETOR ESCOLHIDO PARA APLICAÇÃO DO ENTORNO > DOMICÍLIOS EM FACE COM RAMPA PARA CADEIRANTE - NÃO,Entorno urbanístico,Pessoa,entorno_moradores,Agregados_por_setores_entorno_moradores_BR.csv,CD_setor,https://ftp.ibge.gov.br/Censos/Censo_Demografico_2022/Agregados_por_Setores_Censitarios_Caracteristicas_urbanisticas_do_entorno_dos_domicilios/Agregados_por_Setor_csv/Agregados_por_setores_entorno_moradores_BR.zip
V05229,V05229,QUANTIDADE DE MORADORES > Domicílios particulares permanentes ocupados > DOMICÍLIO EM SETOR ESCOLHIDO PARA APLICAÇÃO DO ENTORNO > DOMICÍLIOS EM FACE COM RAMPA PARA CADEIRANTE - NÃO DECLARADO,Entorno urbanístico,Pessoa,entorno_moradores,Agregados_por_setores_entorno_moradores_BR.csv,CD_setor,https://ftp.ibge.gov.br/Censos/Censo_Demografico_2022/Agregados_por_Setores_Censitarios_Caracteristicas_urbanisticas_do_entorno_dos_domicilios/Agregados_por_Setor_csv/Agregados_por_setores_entorno_moradores_BR.zip
V05230,V05230,QUANTIDADE DE MORADORES > Domicílios particulares permanentes ocupados > DOMICÍLIO EM SETOR ESCOLHIDO PARA APLICAÇÃO DO ENTORNO > DOMICÍLIOS EM FACE COM ARBORIZAÇÃO - SEM ÁRVORES,Entorno urbanístico,Pessoa,entorno_moradores,Agregados_por_setores_entorno_moradores_BR.csv,CD_setor,https://ftp.ibge.gov.br/Censos/Censo_Demografico_2022/Agregados_por_Setores_Censitarios_Caracteristicas_urbanisticas_do_entorno_dos_domicilios/Agregados_por_Setor_csv/Agregados_por_setores_entorno_moradores_BR.zip
V05231,V05231,QUANTIDADE DE MORADORES > Domicílios particulares permanentes ocupados > DOMICÍLIO EM SETOR ESCOLHIDO PARA APLICAÇÃO DO ENTORNO > DOMICÍLIOS EM FACE COM ARBORIZAÇÃO - DE 1 A 2 ÁRVORES,Entorno urbanístico,Pessoa,entorno_moradores,Agregados_por_setores_entorno_moradores_BR.csv,CD_setor,https://ftp.ibge.gov.br/Censos/Censo_Demografico_2022/Agregados_por_Setores_Censitarios_Caracteristicas_urbanisticas_do_entorno_dos_domicilios/Agregados_por_Setor_csv/Agregados_por_setores_entorno_moradores_BR.zip
V05232,V05232,QUANTIDADE DE MORADORES > Domicílios particulares permanentes ocupados > DOMICÍLIO EM SETOR ESCOLHIDO PARA APLICAÇÃO DO ENTORNO > DOMICÍLIOS EM FACE COM ARBORIZAÇÃO - DE 3 A 4 ÁRVORES,Entorno urbanístico,Pessoa,entorno_moradores,Agregados_por_setores_entorno_moradores_BR.csv,CD_setor,https://ftp.ibge.gov.br/Censos/Censo_Demografico_2022/Agregados_por_Setores_Censitarios_Caracteristicas_urbanisticas_do_entorno_dos_domicilios/Agregados_por_Setor_csv/Agregados_por_setores_entorno_moradores_BR.zip
V05233,V05233,QUANTIDADE DE MORADORES > Domicílios particulares permanentes ocupados > DOMICÍLIO EM SETOR ESCOLHIDO PARA APLICAÇÃO DO ENTORNO > DOMICÍLIOS EM FACE COM ARBORIZAÇÃO - 5 OU MAIS ÁRVORES,Entorno urbanístico,Pessoa,entorno_moradores,Agregados_por_setores_entorno_moradores_BR.csv,CD_setor,https://ftp.ibge.gov.br/Censos/Censo_Demografico_2022/Agregados_por_Setores_Censitarios_Caracteristicas_urbanisticas_do_entorno_dos_domicilios/Agregados_por_Setor_csv/Agregados_por_setores_entorno_moradores_BR.zip
V05234,V05234,QUANTIDADE DE MORADORES > Domicílios particulares permanentes ocupados > DOMICÍLIO EM SETOR ESCOLHIDO PARA APLICAÇÃO DO ENTORNO > DOMICÍLIOS EM FACE COM ARBORIZAÇÃO - SALTADO,Entorno urbanístico,Pessoa,entorno_moradores,Agregados_por_setores_entorno_moradores_BR.csv,CD_setor,https://ftp.ibge.gov.br/Censos/Censo_Demografico_2022/Agregados_por_Setores_Censitarios_Caracteristicas_urbanisticas_do_entorno_dos_domicilios/Agregados_por_Setor_csv/Agregados_por_setores_entorno_moradores_BR.zip
V06001,V06001,Pessoas responsáveis em domicílios particulares permanentes ocupados,Renda do Responsável,Responsável pelo domicílio,renda_responsavel,Agregados_por_setores_renda_responsavel_BR.csv,CD_SETOR,https://ftp.ibge.gov.br/Censos/Censo_Demografico_2022/Agregados_por_Setores_Censitarios_Rendimento_do_Responsavel/Agregados_por_setores_renda_responsavel_BR_20260508_csv.zip
V06002,V06002,Moradores em domicílios particulares permanentes ocupados,Renda do Responsável,Responsável pelo domicílio,renda_responsavel,Agregados_por_setores_renda_responsavel_BR.csv,CD_SETOR,https://ftp.ibge.gov.br/Censos/Censo_Demografico_2022/Agregados_por_Setores_Censitarios_Rendimento_do_Responsavel/Agregados_por_setores_renda_responsavel_BR_20260508_csv.zip
V06003,V06003,Variância do número de moradores em domicílios particulares permanentes ocupados,Renda do Responsável,Responsável pelo domicílio,renda_responsavel,Agregados_por_setores_renda_responsavel_BR.csv,CD_SETOR,https://ftp.ibge.gov.br/Censos/Censo_Demografico_2022/Agregados_por_Setores_Censitarios_Rendimento_do_Responsavel/Agregados_por_setores_renda_responsavel_BR_20260508_csv.zip
V06004,V06004,Valor do rendimento nominal médio mensal das pessoas responsáveis com rendimentos por domicílios particulares permanentes ocupados,Renda do Responsável,Responsável pelo domicílio,renda_responsavel,Agregados_por_setores_renda_responsavel_BR.csv,CD_SETOR,https://ftp.ibge.gov.br/Censos/Censo_Demografico_2022/Agregados_por_Setores_Censitarios_Rendimento_do_Responsavel/Agregados_por_setores_renda_responsavel_BR_20260508_csv.zip
V06005,V06005,Variância do rendimento nominal mensal das pessoas responsáveis com rendimentos por domicílios particulares permanentes ocupados,Renda do Responsável,Responsável pelo domicílio,renda_responsavel,Agregados_por_setores_renda_responsavel_BR.csv,CD_SETOR,https://ftp.ibge.gov.br/Censos/Censo_Demografico_2022/Agregados_por_Setores_Censitarios_Rendimento_do_Responsavel/Agregados_por_setores_renda_responsavel_BR_20260508_csv.zip
V06006,V06006,Valor do rendimento nominal mediano mensal das pessoas responsáveis com rendimentos por domicílios particulares permanentes ocupados,Renda do Responsável,Responsável pelo domicílio,renda_responsavel,Agregados_por_setores_renda_responsavel_BR.csv,CD_SETOR,https://ftp.ibge.gov.br/Censos/Censo_Demografico_2022/Agregados_por_Setores_Censitarios_Rendimento_do_Responsavel/Agregados_por_setores_renda_responsavel_BR_20260508_csv.zip
